transaction_amount,declared_income,claimed_expenses,industry_risk_score,prior_audit_flag,dependents_claimed,business_type,filing_history_years,income_expense_ratio,is_fraud
1903.9735882944444,93518.93913933873,59209.86994622772,6,0,0,0,21,2.99960451354636,1.0
4756.035816729085,86595.05635933856,17207.42366110079,1,1,1,0,13,1.1393547227551355,1.0
3673.3700119664554,59946.16512548621,29691.256466481234,6,1,1,0,19,2.6694979644435373,1.0
3013.359496775331,133235.33391725295,54072.609038052,4,0,2,1,5,2.025879045292733,0.0
822.2922701900608,111026.10728646691,40120.879528384954,4,0,1,0,19,1.0774705365302022,0.0
822.172875664203,177169.16869508062,59869.96997488682,5,0,1,1,5,1.2392928695562646,0.0
337.5138802325873,35458.6286819499,77013.00839416019,9,0,1,0,13,0.5509987030118397,1.0
4337.571921585929,139457.54768437147,11974.094954070208,1,0,4,1,15,1.35885291605159,1.0
3025.5193081288835,159701.3093469654,57636.71416265069,3,0,1,0,6,2.7485453526792702,1.0
3554.9592600904252,159112.7167620122,20736.499983672817,4,0,1,1,12,0.6880882581646102,1.0
151.8932467642221,180632.57440623926,34914.708010382834,2,0,2,1,16,2.8202101547790726,1.0
4851.053768201872,153935.736281014,5530.4298862257665,9,0,0,0,18,1.4490132878996822,1.0
4170.591071962088,187727.71048010836,13464.868436537818,7,1,2,2,15,2.352164573937416,1.0
1101.078597857467,86551.62196955155,27622.851256765276,1,0,1,1,16,2.146364235183686,0.0
950.033587675148,115545.60084776233,29332.90700717484,9,0,2,0,14,2.181202393722785,0.0
957.8523237744974,32393.542758091415,72268.06166758138,6,0,2,1,16,1.8708584587398356,1.0
1555.9991026497116,31182.789841559505,60119.594013521666,2,0,3,0,3,1.6607628806635917,1.0
2647.5443365795772,70821.52547675838,77858.08855040216,1,0,1,0,22,2.8206849020797105,1.0
2188.127842278473,47137.223513644494,49128.506295813524,6,0,2,0,2,2.200090945641353,1.0
1491.5842439803075,74235.9325490781,21611.957371031483,7,0,5,0,24,2.036524977697304,1.0
3078.6718288757784,60097.360069827555,28229.4373039665,10,0,3,1,10,1.54561063353402,0.0
740.494610227607,34848.4042225702,27627.366093481465,6,0,5,0,14,1.062698213081831,1.0
1496.11601024933,184581.7048890284,28140.063230070373,7,0,4,0,23,0.5045503942451114,1.0
1863.4911243037739,31397.93233611156,54818.24132960981,6,0,2,1,17,2.9517978941827443,1.0
2307.5464218743277,155133.96453730454,43872.21046296205,8,0,1,1,21,2.3909343567100683,0.0
3936.621008895417,55865.140776317814,32677.661712671612,2,0,3,0,21,2.9849774965529408,1.0
1038.3852216838807,185079.035739932,14479.912192111178,9,0,2,1,17,2.4254813556521304,0.0
2595.4604701473772,181775.3097302806,4704.715546545235,9,0,2,0,22,0.6138155682297761,1.0
2982.45211586711,141163.19488277374,19850.27017425233,9,0,2,1,18,1.6102189684577533,1.0
279.92954296398875,144279.80546610287,11275.298105588457,7,0,2,0,3,0.7919570416508879,1.0
3057.34701691212,30907.654134847053,63479.26737562243,9,0,2,1,21,2.503174098518704,1.0
894.0944122520931,197428.16623931236,11662.342751669175,1,0,2,0,15,0.9649547474262825,0.0
372.0053852771336,179231.54260788843,58765.574272626385,3,1,0,1,12,2.1441559339585194,0.0
4746.983409404,182168.05837411564,32695.719112758365,2,1,4,1,16,2.146363275030702,1.0
4829.878563719069,142071.57129864822,8650.136010270751,1,0,4,1,6,2.0972123919462913,1.0
4051.5668731764827,88613.77787127122,65580.2138062321,5,0,2,1,14,2.695886268078516,1.0
1557.838157408185,181920.27034538172,47631.553908219226,1,0,1,0,18,2.3143745545366663,0.0
533.4769643316001,79557.8777857027,21153.636490495126,3,1,0,0,20,1.3187232007244356,0.0
3436.9534812351767,125660.96236817449,71890.45042361543,6,0,0,1,3,1.2869820386289696,0.0
2228.7548440110263,46954.265298460006,6484.8901680324625,6,1,0,0,17,0.5557334398899421,1.0
654.0892624816552,186732.45712256752,18540.109831227743,3,0,1,0,20,2.7707141952932415,1.0
2501.1257050507875,53930.977821106266,60907.6134410513,4,0,1,2,6,0.7586925070076929,1.0
220.22317952033106,68232.45697416924,57622.10063386147,7,0,1,0,7,1.6978032536939918,1.0
4551.135990289971,124882.80688179655,25273.920416784807,6,0,2,0,6,1.7712507184016186,1.0
1330.9609089200837,159895.81003620685,7775.9154021643,2,0,5,1,12,1.6196052886125105,0.0
3329.4853075522105,135289.7220091708,69072.01156132067,9,1,1,2,17,1.9357064966234656,1.0
1592.9698266425842,69462.76517602656,27154.7181313825,6,0,2,2,21,2.323133615579761,0.0
2624.3367048301634,30160.317229673357,18069.932949476424,2,0,5,1,21,0.9905875817173324,0.0
2756.2158827492344,158715.59865226469,42736.760321795235,7,0,4,0,6,0.6842461614337056,1.0
965.0295548513589,197485.24540488594,73087.49434474844,10,0,1,1,15,2.6435505294160313,1.0
4849.443907434565,167685.23045203538,6353.086493939902,10,0,1,1,5,1.736953152155583,1.0
3886.907475637517,108235.12508662461,61966.914778378356,4,0,1,0,22,0.818392777243456,0.0
4700.519760742736,183640.4344378481,47080.43855128059,1,0,1,2,15,2.1801825046552494,1.0
4479.3953846168615,99674.1044301195,35759.581974489905,10,0,2,0,11,1.057694355459431,1.0
3009.6048951148714,119238.79432138948,60294.19419608962,9,0,1,0,9,0.7045659381791481,1.0
4613.2774633644285,111112.06045726615,77368.48068200568,10,1,3,0,4,1.2064290753738427,1.0
488.0378851570015,106096.05835313925,20648.87825952721,8,0,1,2,3,1.242237505133668,0.0
1020.1151689747687,161782.43077996396,14060.84711055321,5,0,3,0,13,2.6710921690566645,1.0
273.8750801071634,119550.71423581363,73291.89438214767,3,0,1,0,6,1.2683762409491544,0.0
1660.3851372781585,83841.91074428672,54509.38696421238,4,0,2,2,1,2.450657060794823,0.0
1973.952583962936,73886.88850194131,36724.92366027138,3,0,2,0,10,1.9430818101499343,0.0
1393.1777072807847,36417.043884463674,47140.9869103498,10,0,2,0,5,0.7367411274144213,1.0
4152.25067030205,129143.17752011782,60412.27069857079,8,0,1,0,2,0.8911651837346495,1.0
1815.928967133267,69093.44061817581,62523.456200340224,5,0,1,0,22,0.7002891172960553,1.0
1440.6258229525347,55182.76674278513,73831.85192306027,8,0,1,0,19,1.5037202528519409,1.0
2736.34561163333,141151.0938507052,35866.89474496294,1,0,2,1,16,2.9247220632366497,1.0
747.574913625075,145805.5738296633,25592.640071493417,9,0,0,0,9,0.9519928585120758,0.0
4020.875054732496,157866.33168380323,52254.14854281783,10,0,2,1,18,1.355242690376998,1.0
419.0256862148656,115608.07237756056,35011.04824452384,3,0,0,2,17,2.5500356235001505,1.0
4935.0903361725605,181989.28288466073,48784.0809540713,1,0,1,2,7,2.689473338864701,1.0
3872.6116080184543,189178.26807769874,35338.90648110816,3,0,2,1,21,2.3384429408569147,0.0
1033.6426235941535,167253.0597647232,14780.675574219435,2,0,2,2,17,1.66771165981871,0.0
77.33447976183187,138050.89194139183,39145.8598777398,7,0,1,2,21,2.1221868399939687,0.0
4086.534070851429,81632.56211050207,56200.67228945952,10,0,2,1,20,1.6250880860238974,1.0
3548.9438520457047,197100.6366754376,64544.853190409034,4,0,3,0,1,2.621537503030701,1.0
3658.585481802887,76603.14842262951,40986.12331333411,7,0,1,2,8,1.5246785724480725,0.0
3867.7882160954314,64451.67673837328,15723.317546200871,3,0,1,1,20,2.5444851933213752,1.0
416.5210260837473,105166.19934371907,34930.95364300623,6,0,2,0,10,1.9641888324667305,0.0
1824.4053562941494,39662.89702110604,63544.63252081077,7,0,5,2,23,1.8030955252601326,1.0
623.5518446493921,196344.05899420445,34790.16383751461,7,1,1,0,6,2.141209813500949,0.0
4322.361958084188,130033.70459079221,56632.87110752512,5,0,2,0,9,1.2302975859391172,1.0
3135.3257277964117,124681.85558290979,42055.453489212916,6,0,4,0,1,1.4804062476013684,0.0
1687.9452230206134,141485.36758295237,21574.180633423544,3,0,2,0,10,2.51261011355795,1.0
364.613833915817,114494.02012212513,64303.58911777672,4,0,1,1,24,1.459949031177458,0.0
1589.362492492528,35450.79790607207,9484.435963442902,6,0,2,1,12,2.1339862933372613,0.0
1659.657444032398,134092.91910286745,43416.551772146595,3,0,0,0,11,2.1588714355198912,0.0
3661.5505827734173,151749.55908259322,19084.609636742178,7,0,1,0,5,2.6743437863676847,1.0
3205.909483208305,100847.34030608904,8164.053397685925,3,0,1,1,19,1.6091829800645825,0.0
4441.703075752816,158740.2472521028,41725.91315541016,9,0,1,0,10,2.7563235823801935,1.0
2387.463879551649,68590.2208875315,41466.28600698912,4,0,1,2,18,2.9826721083637744,1.0
641.9915173945934,67617.02048125128,57431.36942903051,2,0,3,1,9,0.9229971648250666,1.0
3580.5616967538253,57440.88790688757,60345.803364996675,6,0,5,1,3,2.2885471829376276,1.0
3815.8859906536422,93239.10916415752,59039.94462935305,9,0,1,0,4,2.245903693643281,0.0
2828.3221279690065,173992.0460161442,34536.02243459014,10,0,0,2,22,1.6403598787725993,0.0
3866.287540775077,170745.05056534093,51640.11361644531,10,0,3,0,21,1.259549645011964,0.0
2494.288202003734,95080.11535379564,47424.783683584945,2,0,2,0,6,0.5681060778876835,1.0
2637.5275054408708,130150.18511664022,35460.25522100281,4,0,3,1,2,2.0905521798682383,0.0
2166.3280408748205,152538.77380073565,48985.377452321474,5,0,2,1,5,1.2892711598408626,0.0
175.8246773832712,71005.15168676391,75938.08650638221,9,0,4,0,20,1.8804775259336903,1.0
584.062563616857,58583.984602107004,17852.818263466055,7,0,1,1,13,0.8053386605181405,0.0
205.57446914933453,195256.31884609288,72744.45137548553,5,0,1,1,1,0.6106806545156247,1.0
3200.231535755713,134984.74324563512,7116.0745767062745,6,0,1,1,14,2.5059638964240185,1.0
1606.062106327817,196840.67271172287,26745.96939342787,9,0,2,1,20,0.8073466284732653,0.0
2567.4249212652785,87418.51781247894,25187.184143087674,4,0,4,2,11,0.8434289875209723,0.0
4542.454045934161,149515.38899560238,51230.11330682974,2,0,4,2,2,1.9264745143777793,1.0
1283.996534286931,67842.61821201042,13104.321286851355,5,1,4,2,15,2.327770623525735,0.0
2081.395469026367,74404.0291165652,70940.76611166104,7,1,1,1,7,0.5199788348639975,1.0
3789.978135788091,117023.36061583608,66798.45845180817,4,0,3,0,23,1.6053118392796546,1.0
1182.5509191835313,84335.08133637211,53209.068115766386,1,0,1,1,5,2.078127622432439,0.0
431.0505536525253,58495.66585289936,38297.86504799923,8,0,4,1,12,2.3452111839544707,0.0
1484.2696919231516,74689.71933818542,74837.61524494004,5,1,1,0,17,2.869755486304369,1.0
848.0453719073219,36077.22705919699,66967.48471348282,10,0,1,1,16,0.5402993474538647,1.0
4652.003379095737,149752.01565117273,41447.26640225585,2,0,3,1,17,2.7465712787763046,1.0
4050.1958788438637,113659.83170459648,57044.24829298196,3,0,3,2,7,2.9167112089571345,1.0
3185.3485947265963,46021.32128876935,46653.606317835714,10,0,3,0,1,2.6644151330538217,1.0
4363.7299214292025,59187.9788318435,48271.55235589637,10,0,1,1,2,2.872211000723815,1.0
4028.1767806506164,47430.871479149486,28485.157346685286,5,1,4,0,20,0.7963408328415553,1.0
973.5217914858774,134140.777406899,38580.51455611705,4,1,2,0,5,2.9806190066037894,1.0
4468.16704252539,46015.76181412394,9015.350170810303,9,1,2,0,1,2.4130402681444436,1.0
2719.7440974824713,158227.99661598675,30515.84925817362,9,0,2,0,13,0.6737140609357881,1.0
4046.8287680621097,33486.8562844665,56578.7956828857,8,0,3,0,1,2.1972255434296004,1.0
4485.651934621292,72393.88395930166,76397.63434897634,2,0,2,0,19,2.257813566605884,1.0
1624.1172011107262,181413.3349016242,77155.93668275257,5,0,1,2,1,2.073378636159749,0.0
594.757026412,152150.32408078184,45790.660922616655,8,0,2,0,3,2.686690437480675,1.0
1178.2790545826113,42404.61659736691,49709.91338933782,8,0,3,1,5,2.371910380783917,1.0
2164.183553699969,169591.43776248055,17300.5312835745,7,0,1,2,19,0.9043172818422955,0.0
4099.173091316341,113815.97066183481,56538.724323201866,4,0,1,0,12,1.1254956845431678,1.0
4310.6163871189,173953.11461870096,8440.72703592774,3,0,2,0,8,1.6585540896474942,1.0
84.41304612939399,132125.76165656687,24920.797806557228,8,1,1,1,5,1.4870354954731742,1.0
2578.1991477589504,145911.61544558598,54463.97774097905,8,0,1,0,15,2.1574615565922217,0.0
2116.184465586456,198895.26526727038,26893.880128848676,10,0,4,0,11,0.8410626842458114,0.0
1149.4336618301147,69497.04280708308,6838.2093068129825,5,1,1,1,15,1.3857629367955975,0.0
643.3335683017299,136070.74770943602,67054.02152002421,3,0,1,0,5,1.1070175052025515,0.0
1721.1950984479583,108254.63630975773,26895.410549361353,5,0,2,1,6,1.2340904198307032,0.0
4717.40303436697,36706.831996857545,7859.102314118239,4,0,2,1,4,2.277099793919678,1.0
1649.8545135027384,32460.009055487055,8758.68866672062,8,0,1,1,5,0.7011887841405574,1.0
2618.013577629662,50268.85822903598,22385.427506734028,2,0,4,0,13,2.71836429343346,1.0
3529.9438465311305,140345.59589155318,16707.22793605752,8,1,2,0,22,2.1026050036409627,1.0
1849.9665317775052,126417.72494527667,62621.109069071616,10,0,1,1,12,1.5291376139556823,0.0
4860.321309468755,124083.02539783367,27769.67159336165,6,0,1,2,6,1.7144290511331945,1.0
4814.114109963451,35415.64962980422,64961.5754480671,4,0,2,1,5,2.2454764409944517,1.0
1296.3223643355525,109781.5093812012,16386.141832382767,3,0,0,1,10,2.3268880484098435,0.0
2511.3801041673078,187185.87903322984,40951.696824894454,10,0,4,1,6,2.511765289376287,1.0
1539.3476335930097,97590.61778280992,55978.859283590915,5,0,1,1,9,1.1591417786115965,0.0
1459.9604471684647,136236.81986403756,53203.295747670825,6,0,2,0,24,2.6446452726438676,1.0
232.59038940493733,162569.1748559344,49286.964564630696,1,0,3,1,20,2.576495374648783,1.0
3067.3434532004894,163267.29745412088,74211.26334870007,1,0,3,0,18,2.6377113359114825,1.0
2538.2611649828646,118277.61400719613,20596.436373419318,10,0,1,0,4,0.7020715504921713,1.0
304.8198186874473,175851.83071839716,41016.378743582114,3,0,2,2,13,0.8590486846617552,0.0
1429.2999979712265,96534.27587183699,71067.42635557547,2,0,0,1,22,2.0619034984505027,1.0
4545.916135534936,181077.84651341572,8997.819950827092,1,0,3,0,23,2.8824874841711985,1.0
1235.8313588015135,70838.6182872427,7303.396655486794,8,0,2,2,4,0.7747968155638414,1.0
767.2296168515543,77636.78918839709,20964.276141988437,1,1,1,0,13,2.3471365334001044,0.0
2472.791163373937,39030.50611383018,51742.63390442742,10,0,3,0,11,0.8402890723439228,1.0
4928.969747847474,165248.9122121881,23010.73123663513,8,1,1,2,11,2.876168149090663,1.0
1248.173593981927,100899.39015955995,17648.47105327752,5,0,1,0,19,2.5002899888226104,1.0
3377.0709596590987,68949.82436493784,38327.77828258849,4,1,2,1,1,1.22091514156713,0.0
3820.017095877152,69404.34719481855,50247.05129524468,8,0,1,0,14,0.6189959270232646,1.0
1226.3058427623785,183237.99000896965,22138.94344028901,8,0,5,2,13,1.5916155628277304,0.0
3654.670925628705,171765.82207837628,26153.22137772814,8,1,1,1,7,1.8126819880855929,1.0
1870.5265069603035,124100.25051072116,50244.06647048657,3,0,2,1,1,1.817683734519886,0.0
3179.913861438218,134738.83607067258,75821.85849318786,8,1,4,1,13,2.6297507143233334,1.0
3185.972068266429,110635.34699354946,54955.11301273279,1,0,1,2,24,2.9522501198509223,1.0
2702.0846861700543,96583.31228939751,63283.61905601111,4,0,1,0,5,1.579795136639625,0.0
496.9343617693211,185631.06980711635,31244.377296171097,5,0,1,0,8,0.9094859036747933,0.0
4184.747353166728,51354.159598451355,23963.585672603887,6,0,4,1,14,1.4424234628649093,1.0
1637.8613216100923,101135.95425175875,37978.61622660194,5,0,3,0,2,2.2803232541976075,0.0
973.2666264792784,88575.5243579388,65149.227810798875,5,1,1,2,19,1.9591701974596423,1.0
251.83695069608137,114685.62244269522,38135.0724178728,5,0,1,0,4,0.7169735333192463,1.0
2974.920068781797,107797.41867267976,68197.85647681929,9,0,4,0,2,1.0248571935604596,1.0
3403.943591119298,118211.22038068384,79135.44251352479,10,0,2,1,4,2.233811637468037,0.0
132.10975319288795,53786.226128589,8546.053261235898,10,0,2,0,6,2.245190265075345,0.0
2584.860638581441,117234.0552572571,6496.582018445184,3,0,2,0,23,2.0225594911963283,0.0
1171.1540872297928,71211.19836082585,14518.40712432886,2,0,3,0,22,1.2350923666666878,0.0
3243.6053125267767,61336.32932799251,32596.46503154466,10,0,4,2,23,0.908137887874195,0.0
913.1138235747077,41021.81719365251,13090.250104198296,2,0,3,1,18,1.072039113918832,0.0
3470.1418036072064,159650.93498854397,70041.1647766442,8,0,4,0,1,2.518891842604142,1.0
1964.3399641876601,102665.12654561519,4782.261329083913,5,0,3,1,13,1.7214156260039584,0.0
4686.813444246836,136529.42616299892,27316.039157858333,5,0,0,1,15,1.378001343935678,1.0
730.7286735226666,153690.86836180638,17221.48647105381,6,0,1,1,9,0.8397777918265205,0.0
1738.2784376987797,145483.8331033041,74728.52842213,9,0,4,0,23,1.4814417451898754,0.0
611.6939301409159,109985.12224524599,54550.03737653215,7,0,0,0,2,1.5444885937592692,0.0
4627.233410478886,95942.74992179406,73226.32974675583,5,0,3,1,14,2.715072380791374,1.0
4392.829799235856,93913.18463891283,77869.31069390029,5,0,3,0,23,2.8502843433248746,1.0
1326.8110571900202,138808.29547810956,41276.56476315743,10,1,2,0,4,2.5986195420487017,1.0
3316.921027869186,114115.04034011847,21042.57131969802,9,0,1,0,19,1.4704438533505109,0.0
4095.249890996018,174352.4821580468,17917.116537137375,9,0,1,0,20,1.897932287386452,1.0
2798.2440174173385,178699.33733554106,20164.75234980972,2,0,0,1,5,2.6029555537146747,1.0
2671.770362862232,58995.26426110814,57561.68468689422,7,0,3,0,9,0.6261327815626332,1.0
1247.1688399572358,53159.72076277336,6114.3210654710565,10,0,0,0,20,1.832081266729517,0.0
510.8587006392011,137168.1574261199,6954.802623519045,1,0,4,0,20,1.4965798903540475,0.0
4491.218001868968,81208.37717058751,49827.00656350255,4,0,1,0,17,1.4525813104530787,1.0
4507.069382958486,33157.022190066804,52438.4002987803,2,0,3,0,16,1.375225306211537,1.0
3183.8522135026765,181069.25379170236,54225.245172829425,10,0,0,1,17,2.1011595040653326,0.0
1728.1974656910684,68573.13043144741,31634.798853321525,9,0,2,0,20,1.5433145247619835,0.0
1778.5873943326715,187977.71078658756,65057.75643098979,6,0,1,0,20,1.3054205970274353,0.0
3643.4806104076847,151963.8566493031,44089.093254949556,4,0,0,0,7,1.915750940792715,0.0
4490.695786765256,159651.09328495234,11120.853510725297,3,0,2,0,1,1.4328263343558807,1.0
4441.077800112331,64248.45428483727,64376.64664418558,4,0,4,2,12,0.5867304624619442,1.0
3910.383951995238,69813.0523548582,76386.21954282529,2,0,0,1,21,1.5440757504158973,1.0
3228.0566484637243,118615.51815009119,7622.796101181618,5,0,1,1,24,0.9902241663777146,0.0
466.49282672549174,59256.974950476564,33134.05307994466,9,0,3,0,24,0.7497841629589864,1.0
850.0621347683382,81923.3877561155,40538.73545227557,6,1,4,0,23,2.6814959573937216,1.0
4497.843233209042,84648.62125112675,14278.248526030404,2,0,1,0,20,2.2295605971678665,1.0
3051.82384531497,57137.08865296989,69813.58897928154,6,0,0,1,23,1.452221140809363,1.0
95.52540550231676,64881.081677177324,24879.52265653339,9,0,0,1,17,2.9631842635355294,1.0
552.284137186859,164053.8131414036,63291.65757523833,4,0,1,1,15,1.417989518862368,0.0
3334.333757084876,58423.29527303562,54666.575116180335,1,1,0,0,6,1.1111474444255376,1.0
75.0548400387825,34837.75661346682,49049.528329960805,2,0,1,0,13,1.6837688125752135,1.0
845.9998545166184,136990.34024691954,17794.999349634687,5,0,2,1,23,2.8639061465529436,1.0
2766.232257364601,195917.1302967165,19994.17108241974,10,0,2,1,12,2.1599623598861797,0.0
3474.8812285788317,86306.34848593063,6645.827165485837,7,0,1,0,3,2.3264828539716884,0.0
3277.2082345378726,50171.469543362895,21534.85709323451,8,0,2,0,8,0.9132299405463907,0.0
1160.1330818297708,126965.84531248023,29599.157928459586,3,0,0,1,24,0.6003650243451831,1.0
3575.2871456703024,184080.21588625986,67152.18839740675,9,0,1,0,24,1.8428222941124892,0.0
1224.3829831091603,163290.5025708414,31212.23533704001,2,1,1,1,16,1.3258208440066244,0.0
1660.7285058883751,135827.6976301617,61105.87727295169,4,1,1,2,15,0.6066447668014545,1.0
3745.1324553342197,83559.6044232919,36837.05565975254,4,0,3,0,21,2.7403906057815295,1.0
3265.6828502837125,122119.6294569574,63434.86002352941,6,0,1,0,7,0.5627566896238563,1.0
4253.655881946181,45511.62302172341,78172.91323365207,10,0,3,1,16,0.5316373963007488,1.0
3305.1838168867,145420.7221277139,21467.79997043367,6,0,2,0,21,1.2479229250239565,0.0
2863.1275865105845,153266.32321260066,69400.30412121846,3,0,2,0,24,1.7431354502054766,0.0
513.6901007490578,194055.3758946862,50880.45464554465,9,0,2,0,11,1.6269897689527517,0.0
1870.1932251441958,74267.55098666219,65931.65814232643,5,0,0,0,4,1.3999441637160062,1.0
1362.7517200245409,33137.59123731385,53172.114474621005,2,0,0,2,16,2.6594456418944734,1.0
1257.7487347264637,122753.4389526156,35644.11206010956,6,1,1,1,4,1.2439633383057478,0.0
4866.402246024606,150154.38574745844,20561.770337017857,3,0,2,0,23,2.1319743769959283,1.0
1995.833737100464,164369.27090010795,8392.712350499707,8,0,2,2,23,1.4965198011040646,1.0
4465.630448126711,62935.618614217805,44234.91406347521,3,0,2,1,11,1.4716868257338307,1.0
3174.1361986864513,74497.98773629402,79255.10927856865,5,1,0,0,24,2.8320227462348573,1.0
3984.31595253116,117140.45729544037,59829.21898609388,4,1,5,0,16,2.243618200309978,1.0
2538.053610870701,86202.13769490032,28205.60668772428,4,0,1,1,16,1.845515621593051,0.0
2905.6742289004774,176286.95271986566,66694.76960667862,2,0,1,0,7,0.9365524524095885,0.0
2487.9625844033762,110539.22613558244,62211.76801358331,8,0,4,0,23,0.8439812395627995,0.0
1016.4527896003202,165928.3694973405,24685.95608821617,3,0,0,0,6,0.984119161528249,0.0
3626.1379705444515,128705.35928200014,4101.67671415607,4,0,5,0,22,2.0673414162385795,1.0
1439.8231940822361,161425.32407490903,12098.52316711412,6,0,0,1,10,0.6400466937369396,1.0
170.3640338356965,86554.40771015505,70552.57665402844,9,0,1,0,19,1.6602483559798373,1.0
3245.0878647404807,171340.8257281529,67415.35371847512,4,0,1,1,20,1.6493740662926606,1.0
926.6978630648923,76677.29364367368,25731.09306763391,3,0,2,0,15,2.794512209248358,1.0
4705.269992546926,122836.79736055943,24960.04782390037,5,0,2,1,4,1.4248071709349932,1.0
4771.946456162807,66381.20923955861,64050.60400689027,9,0,1,0,6,2.7414866589560307,1.0
4578.57873159122,110839.50867645287,75205.7851819475,1,0,0,1,19,2.0377041093307686,1.0
1882.2855662644497,84089.78561647954,62993.568773415194,5,0,0,0,20,1.4752451105818736,1.0
126.51025181789377,75339.58320832642,49629.558131368634,4,0,1,0,22,1.8164560806300172,0.0
4645.176884809241,194387.45306476636,21685.693975548947,5,0,4,0,12,0.7355600663025734,1.0
2169.511534170706,57212.597932744204,43482.58938533507,7,1,1,1,6,2.7240489598821123,1.0
4834.941354266164,163845.3923677572,20980.413111681377,7,0,3,0,13,2.0787429205643497,1.0
4819.918886591801,197308.04311214652,65216.87934745157,7,1,1,1,5,1.5890280398913519,1.0
4272.396804563432,33383.252235813234,32796.003122865775,1,0,0,0,14,2.439344678281687,1.0
1507.5220157444492,148834.66038715615,67194.68570854003,9,0,2,2,14,1.5112280878353537,0.0
1956.23375657953,72995.00694456881,32383.909784669846,7,0,3,0,17,1.6524647694559143,0.0
4263.126524008441,36882.93013581175,66459.50420039163,4,0,4,0,22,1.555062492610739,1.0
1618.7639255235745,98491.22842262723,28665.47176772363,4,0,2,0,4,2.9913795595035797,1.0
888.9890960961578,188987.02772904874,36890.218255560576,2,0,1,0,8,2.425453610971313,0.0
2806.1662491688335,32000.066042389608,50392.60828938463,6,0,1,2,1,2.8219740121573738,1.0
4683.966132095866,129940.56762806288,8412.14628030374,10,0,2,0,12,1.449116344901535,1.0
3495.3474935411164,115237.40136120513,76011.94375979077,3,0,1,1,13,1.725421797757171,0.0
2871.8027919423566,178475.30794307808,47167.64553153285,1,1,3,0,21,1.0033943667358556,0.0
531.0236441653042,44280.29146850636,42102.14113119178,5,0,2,1,20,0.5253311760277963,1.0
3094.2857721608902,145859.42508073058,67633.33577623323,6,1,4,2,5,0.986939031652506,0.0
4950.766558016103,145618.64873365714,69663.73020205573,5,0,2,2,7,2.8223156534379124,1.0
743.4158754207939,143743.60286658816,43214.05114873423,5,0,3,0,3,1.6409295713109628,0.0
2615.731779200497,190196.86413895627,74399.19908611008,10,1,1,1,19,0.8271141860105489,1.0
4392.996706043379,169924.87993116968,7984.8079878890085,8,0,2,0,7,1.6314324266977884,1.0
3716.804657883312,37135.363461396024,11718.38600334375,10,0,0,0,17,2.4818403609726105,0.0
3500.2279179265765,110084.08461976724,48952.69371111189,1,0,2,1,13,1.7519889389806558,0.0
3527.296215736191,97652.01955422669,30263.071358105943,8,0,2,0,24,2.8420608812174324,1.0
1829.481198537788,82725.02758543636,38745.33779656831,7,0,3,1,19,2.745904190528399,1.0
1503.2796291092423,106727.24327619653,28262.099778081825,1,0,3,2,13,1.6831229384083866,0.0
4056.3377196186425,95313.01143741616,34163.848981260046,9,1,2,1,8,0.7073948894209954,1.0
4060.0613036619447,103496.7629793731,66343.76873026506,4,0,0,0,8,2.261117419669257,1.0
4342.007976971513,196474.51715346923,48697.66738878146,7,0,4,1,13,1.390947658583662,1.0
4570.540735154533,45067.60570742873,79795.53029482937,3,0,0,0,2,2.46432014801864,1.0
2581.144874361642,186779.24787258406,63589.69823221415,8,1,3,0,3,1.2721704726371685,1.0
2532.505658701638,111640.24129007454,24072.30156584065,4,0,2,1,13,1.326556419675513,0.0
4001.561135885537,136036.181734922,23354.57406495561,2,1,3,1,17,1.8558014137450378,1.0
3267.3214573499376,171131.10432500797,28864.16679900955,2,0,2,2,6,0.5622444999123828,1.0
3524.7360424256317,91278.71495537343,67930.98000987619,8,0,2,0,3,0.9241416574782262,1.0
3989.1737137087002,103171.72437495437,5101.149100093551,8,0,1,2,1,2.6285357618328433,1.0
4455.5264419969535,99618.14164738137,20723.958473086845,1,1,3,1,15,2.891431293237708,1.0
1723.0760264151022,93704.27383107918,72678.71836650856,6,0,1,0,8,0.9802164649012841,1.0
1909.1356155677229,187339.98467997214,52272.0255784104,9,0,3,0,23,2.431167226769365,0.0
515.2106022123015,170918.08150281204,20467.226353581344,9,0,1,0,12,0.7796563863113624,1.0
2912.4866979310614,48529.99827670594,19874.162553908685,2,0,3,0,7,1.6817269529930707,0.0
227.91425529387334,48380.96992110633,69421.59383547615,8,0,1,0,16,1.771170374139548,1.0
2354.7101897556777,102737.8175250085,71819.32813733257,8,0,1,1,8,1.9093186202647912,0.0
2736.0909418025044,46771.75404457754,22722.094004082875,4,0,3,0,9,1.4035975859140308,0.0
1468.379198035008,135245.82619609035,35379.29757189298,4,0,3,2,8,2.6402958870470496,1.0
2974.624639816603,54427.57323449476,67263.87187438042,5,0,2,2,6,1.2586425727235044,1.0
200.97623719829468,118803.45487435618,62367.572772961175,10,0,4,0,1,1.7130712141755486,1.0
234.87353430861137,31227.39099063202,65671.5402055885,7,0,1,0,16,0.9845891533796263,1.0
4121.8727752653085,83821.37923014993,42916.6606906736,1,0,1,1,1,1.9321262796927925,1.0
1832.9436749857514,145122.42302435142,73189.27671949833,9,0,1,1,13,0.9929288534676263,0.0
678.9495376268296,112286.61983873423,28098.268884491514,3,0,1,2,11,1.1037616698145951,0.0
2635.1041372712816,196305.81261982798,15063.754344758889,4,0,1,0,23,1.5934046436979328,0.0
3861.4680878381237,178597.64533125583,57572.38960749459,7,1,2,1,11,1.194400280434722,0.0
1118.3140861093736,91042.0324373357,44530.29003253102,5,0,1,1,19,0.6003238844327642,1.0
3133.3078553040514,37732.71205028668,68803.10419833004,5,1,1,0,19,2.491079496253186,1.0
472.4699517191516,173756.4710195532,9249.262182603052,1,0,2,0,11,2.5503504465200098,1.0
305.8245197846081,184909.83275349415,67964.31506473114,2,0,1,1,15,2.751784774212547,1.0
2680.2054262623324,169506.65688123627,25583.68829707931,5,0,1,0,10,2.9497171732185197,1.0
2726.1438519700273,51751.48995636003,53423.88637195009,2,0,0,2,20,0.78310696653182,1.0
3205.2780124161222,199645.5728500889,6089.916759025696,1,1,5,2,16,1.1862622068376871,0.0
3644.1521019271745,73959.31766397155,49937.759815377256,10,0,1,1,3,2.0765455935616655,0.0
4880.467793339546,153114.8351774229,58229.92006742487,3,0,4,1,2,2.6909226843585428,1.0
2605.686724090917,184365.92897707268,31393.766516932763,1,0,2,0,21,0.9057800986860616,0.0
1648.6345410591675,70066.8094362206,19586.6243051848,10,0,1,2,14,1.708865015959342,0.0
3986.171664105083,184403.95429510123,44397.56209847297,8,0,1,0,15,2.9469668505830198,1.0
1390.6196437472674,82611.86846312738,67155.69194154479,8,0,2,1,24,1.3275684721951269,1.0
2222.9085324928988,195990.24780528955,27913.14658884211,8,0,5,2,8,1.727757289043848,0.0
438.3590876442165,77814.20346468067,22440.135909138527,7,0,1,0,1,2.2345055168489694,0.0
175.48617990651468,192084.09020883197,24478.01876510195,7,0,1,0,24,1.5543156955580815,0.0
4815.109652655729,39102.590651754734,76083.17577458316,2,0,1,1,14,2.293849045898609,1.0
4188.101596535419,150576.2419838682,30664.322513871095,9,0,1,0,14,0.8691356546952687,1.0
3495.072320163805,120458.89275229063,3277.5264713981123,7,0,3,0,19,1.0764926369636771,0.0
2074.317074850636,111239.1031108642,63189.45301289072,5,0,2,1,8,1.4672284732171466,0.0
907.8068843506866,67994.0334234928,56844.15924082504,4,1,0,1,9,2.959764360049227,1.0
824.363361221876,149951.28426200364,12899.756374428604,8,1,4,0,15,1.3719367602229413,1.0
1288.702345914747,62437.613545872206,78837.62718338826,5,0,1,2,12,2.7888536635446353,1.0
2768.6719902952964,123983.1053174106,49820.79596849356,6,0,2,0,18,2.6871859597812877,1.0
3587.2498173653084,73051.71171684263,41560.02080242631,4,1,2,1,1,2.3895126396210795,0.0
3317.9770147527697,192455.63456283053,32430.883606962612,2,0,0,0,15,1.4258629597887258,0.0
1435.672789882417,34867.30295206098,72197.80217840012,7,0,0,0,1,1.326105536916667,1.0
4776.58313928281,63953.807618910214,21785.18806922937,2,0,0,0,1,2.099232616467049,1.0
3702.589737644054,71192.80308586612,25004.205316932443,7,1,5,1,21,1.0814122116304923,0.0
2794.0525599314333,100391.5303805288,12425.632114865652,7,0,3,1,2,1.4012928030810083,0.0
3078.0176938600434,69564.14111790911,61452.17035998803,1,0,1,0,4,2.5378365298918837,1.0
2127.02030901756,113529.3453456935,48857.294591250706,10,1,2,0,17,1.0267874705505005,1.0
1276.2683980307295,178319.13895395162,49898.09503259637,10,1,2,1,2,2.570303365414059,1.0
1812.064759323745,151050.78163955902,19822.223188498698,3,0,0,0,7,1.88002885143254,0.0
3801.338246798627,128593.53669096887,53139.965962785456,3,1,2,0,22,1.7789154021842677,0.0
121.24776871729155,45130.54025705554,61940.300438008526,6,1,3,2,10,2.0340499531292133,1.0
624.5595705092354,147978.65842617687,30557.416865878073,3,0,1,1,10,2.0785409634917036,0.0
277.71307800767613,58290.428332859774,64703.730085051844,9,0,4,0,13,1.895835846996214,1.0
251.60757147890217,163682.45561348865,29856.875316965612,5,0,2,1,5,2.253573018447983,0.0
4284.5298908544855,72509.64894672604,61376.66153621515,6,0,0,1,7,1.3950397035799298,1.0
3533.1064039311173,100898.28381455316,5597.218274244362,6,1,4,1,14,2.5268129858793067,1.0
2397.1604539822597,89579.93439404774,45439.67431347125,8,0,0,1,18,1.0530123322139777,0.0
534.2790952224573,175998.36549472564,77653.54516927127,10,0,4,1,22,2.2858506330163264,0.0
2483.4985818283203,51512.55798127939,78555.83425254408,3,1,1,1,19,1.4635416958954859,1.0
2393.6852653638,126159.63000541406,24694.94853231403,9,1,2,1,20,2.2371532531975684,1.0
907.3492560545751,54150.47360532058,36987.73001318737,7,0,3,1,21,0.5810584740882327,1.0
2197.5656637279667,149815.29214247174,7849.2989149707455,6,1,1,1,21,1.4757329327994269,0.0
2022.5984352669984,183863.2817250618,70247.28068555417,1,0,1,0,10,2.9078042789898966,1.0
3098.4579853584714,103883.30115743307,46780.05579179649,4,0,2,0,8,1.9321681640004038,0.0
3193.7135717948368,112975.6842450459,32652.75227841981,5,0,2,2,21,1.7482860693399047,0.0
274.25484837162037,187661.8822020696,11683.333003664786,2,0,1,2,2,1.1186039234042933,0.0
1904.3324424010325,118568.5360703907,75901.08098326047,1,0,5,1,14,1.7287266766333667,0.0
3148.00658278547,112891.73446842536,43826.86668221652,2,0,3,0,2,2.5585207627515207,1.0
2540.524479971434,128315.9474597317,24785.450539383597,8,0,1,0,12,1.346086866201643,0.0
4289.6247138821955,147169.05518170184,29966.565020126232,10,1,2,0,17,1.912206246178311,1.0
3310.5334765137777,48170.173764795334,23843.68293100537,6,0,2,1,18,2.183888937894259,0.0
856.5254140530769,169588.78971605774,49339.35528198751,10,0,4,0,17,1.5021850316732892,0.0
399.31529963212773,104035.85466705407,74607.19533509927,2,0,1,1,15,1.2075979493851197,1.0
3229.9754271212623,42299.24668257254,68965.42285614547,9,0,1,1,3,0.8889301346499663,1.0
181.23098718102798,163651.05376369623,38449.327407800265,8,0,0,1,21,0.7529785659248798,1.0
2949.589127303643,94081.49518666626,66640.4508971776,4,0,5,2,19,1.1027480864036883,1.0
4704.13969505354,47062.47416615917,35579.1220582774,10,1,1,2,23,0.5488505928849087,1.0
2898.597180485601,137742.43672235258,22427.649838415127,7,1,1,1,11,2.4004156939147925,0.0
1971.4411347222836,179622.33008371908,78722.96387551495,3,0,2,0,18,0.7794220190167557,1.0
3234.2766812896484,180918.09660037767,26399.34273375328,6,0,1,2,21,2.7474544872259736,1.0
2318.3518079330074,192802.79071752544,27926.765785991945,3,0,1,0,3,1.7767698792886961,0.0
2750.803107113878,177509.92816033697,79206.35081956221,10,0,2,0,18,1.642394607913106,0.0
4710.2508034438,30363.956288730787,13312.416973755426,3,0,0,1,4,0.6619542521542661,1.0
1961.2080571138326,94640.99829027633,61561.11707674652,9,0,2,0,9,0.8333272076571356,0.0
4807.893290928376,169152.2385839355,75057.58240316994,6,0,1,1,6,2.6418944024896196,1.0
4531.485677682515,92263.01101974062,42408.214559207234,8,0,2,0,7,2.181928167164734,1.0
1019.1661172070174,132263.24608455005,3194.175651117143,4,1,1,1,1,0.7363442739645488,1.0
393.338439332069,133073.88105367043,31879.53869670918,4,0,2,2,3,2.2029229270918456,0.0
548.851106818262,92054.30168659991,11590.812413631686,8,0,0,1,15,0.8273875922178854,0.0
140.19803697517114,183760.5676378189,35046.449891894576,7,0,1,0,2,2.3315342298932853,1.0
517.4926557418455,115548.81871564,63832.060646455924,5,0,1,0,9,2.8614143563934857,1.0
3430.8835284109664,109013.31500937513,36780.78926405264,2,0,2,2,8,2.39587185558379,0.0
402.3838098781335,199577.3367625223,36258.23434363604,6,0,1,1,19,2.5595278620348547,1.0
1628.9293699541186,113895.06189234483,45872.789722751186,1,0,2,0,14,2.0515400828802193,0.0
4232.1327892988,60327.70282785878,47790.17502557138,7,0,2,1,24,0.5092836889917747,1.0
165.19608189233804,117221.80188678447,68934.8157775208,9,0,2,0,10,2.4629910935179273,0.0
4081.618988815232,168382.8450383881,26743.368820629265,5,1,1,0,24,1.5102587709671407,1.0
1445.1811351283297,162066.25557270786,66268.68735633724,5,0,2,1,11,2.682615685871683,1.0
634.9158967271985,164058.90006844007,46576.89864928764,7,0,5,0,8,1.9319952065870538,1.0
3498.8489685525456,150364.043279645,26140.775328220316,5,0,1,0,4,0.9789114326050239,0.0
3163.267091560426,73217.030941337,25724.705388467937,10,1,0,1,23,0.6371723152249806,1.0
4393.486466958912,176554.29459283935,30807.588817140786,4,0,1,2,8,1.8877259987227684,1.0
3688.6016668292345,181885.38911396507,50947.379681738115,1,0,2,1,10,1.9171512777149575,0.0
4027.2306054050005,63005.95842515334,20772.503314716083,6,0,1,0,15,2.6501692332510354,1.0
1446.0711342279671,52177.458213736965,73865.68424876459,9,0,3,1,13,0.5968805869906791,1.0
928.325741709628,195852.84466014904,47268.268981698326,4,0,2,1,5,2.5531456999009547,1.0
3765.5430206222486,177615.07382056254,73841.21482869252,10,0,1,1,15,1.5140839242972342,0.0
4043.831959372957,181850.14502569093,6573.135610594913,4,0,5,0,3,1.8208446637555091,1.0
4953.000452903333,180683.98538614716,29381.07552553345,5,0,1,0,3,1.8334768191245574,1.0
2092.457500711561,122086.76008573383,4756.189872946977,6,0,1,1,24,1.4558149353798384,0.0
1891.4895246742767,139888.29523318593,23963.389762543677,3,0,1,0,13,0.965004138355431,0.0
3893.2441556728845,122711.68486271908,69374.49836468129,9,0,0,0,23,0.6970576024128687,1.0
1736.9775242524383,38705.079362355944,5818.948119849465,1,0,3,0,9,1.0174757773995973,1.0
4657.2487617376455,156735.52450997135,36583.326693512354,6,0,1,0,2,2.2856614405852156,1.0
4299.143121622908,115906.44566709964,12052.66442643854,6,0,3,0,15,2.205652693633041,1.0
2173.5204355063406,140110.54271433904,35096.73076304831,8,0,3,2,18,2.188552590395197,0.0
3766.811785567912,115448.766845841,67591.57198835706,5,0,1,1,23,2.7692238739160393,1.0
3784.9872267191777,113607.92479481752,50976.46957199397,9,1,2,0,8,1.6421782757101493,1.0
560.4631507378664,59204.14861122036,59730.238590519584,9,1,2,2,3,2.3978431779273928,1.0
4517.636888063855,77381.33157399533,29881.016889617735,2,1,4,1,1,2.1705392817994706,1.0
2550.9992436168927,57004.95763047248,75718.6225157809,5,1,0,0,7,2.842594679669188,1.0
4140.964457233321,63263.27025630821,57613.18122102151,7,1,1,1,6,2.174501694454209,1.0
1634.245525101528,195406.15467145183,35478.509084908874,2,0,4,0,1,0.9505581849653312,0.0
4482.839981056192,56029.285781273735,35837.78961748323,7,0,1,0,9,2.360619970837894,1.0
1976.5483097341073,75775.9721318853,73738.68170163392,9,1,1,1,11,1.39493879546152,1.0
103.64637482747688,130400.24181555945,47383.16139452517,8,1,2,1,22,1.13747515286894,1.0
4531.640783275355,133730.3579602291,57391.19916253421,10,0,1,0,5,1.195386023423178,1.0
501.8690500913611,56175.60205645094,35111.71228751415,9,0,2,0,3,2.5626974558466884,1.0
1630.6025060725535,164931.9623834861,20224.342886882987,4,0,3,0,9,1.6321274682271483,0.0
4752.806736901484,163484.48754518025,58714.06548357023,8,1,2,2,7,1.67275068450625,1.0
4755.505377340903,70344.00971466149,49802.43045488686,9,0,2,0,20,0.5267126776054932,1.0
2888.517546210266,79073.27145482827,41603.40179270801,10,0,1,1,13,1.1753862476177066,0.0
3177.5942002405063,189457.93712811448,51049.612379573715,2,0,3,0,1,2.708443898742727,1.0
2269.805333792683,170364.14581651127,19037.990126945988,10,1,3,0,20,1.7451719112691357,1.0
1501.3933199054195,148625.49562062905,64133.280402960634,3,0,1,2,3,1.5409586417547725,0.0
1676.889499581084,43979.64765680209,76008.53598656355,1,0,1,0,6,0.6849445644840697,1.0
3378.96635758134,101104.89375343788,71614.94210091312,1,0,3,1,11,1.2335226221493847,1.0
3774.253920716516,125081.3182530606,27750.55238864032,10,0,1,1,17,0.8280117257154471,0.0
3968.31626644295,61859.91895724207,34262.444542719844,6,0,2,1,15,0.9110150680067628,0.0
3958.6098068330416,106198.51895839817,65246.97708441221,1,0,1,1,4,1.3470456333268725,1.0
501.4702100910173,132174.3991730773,48824.01907349449,5,0,1,1,1,0.6677342300457557,1.0
2497.380508277778,85654.03561961788,45189.41216310199,6,0,1,0,1,2.445701924109334,0.0
334.9158620823892,162760.6192215828,74351.43150007528,9,0,3,2,6,2.0546462159653984,0.0
2770.1679675024907,172876.42887859693,44273.92199523291,6,0,2,2,22,2.499355360116661,0.0
2235.575981798216,85013.60980379203,42650.27832822286,4,1,2,0,9,1.3696113215417403,0.0
4444.135704653584,172571.7162637177,6235.431527509693,1,0,1,0,14,1.0554103319939592,1.0
1787.0293121327895,47608.01623751255,8345.105811440597,6,0,1,0,14,1.9749913882812382,0.0
629.4817313166491,172413.94676585158,3571.363706810064,7,0,0,0,7,0.5548635527353203,1.0
757.8088261615375,55967.57338349482,73319.80538533979,5,0,0,0,6,0.7225570485812653,1.0
3819.4776270014877,44097.61592665342,34445.772821362945,6,0,2,0,19,2.353653803280383,1.0
3110.179413415492,139101.8187549719,39079.225962272765,10,0,2,1,3,2.718471565246289,1.0
550.5572468078117,110229.35217840003,68094.79496461958,8,0,1,1,5,1.01369266427743,0.0
466.3286902692373,184341.40207018156,49911.9658989349,1,0,5,2,22,2.4774832114318928,0.0
3519.797200722644,91742.16333544436,49931.62292207475,8,0,1,1,6,1.459149714637039,0.0
410.17688150275796,78815.88478439688,25833.151060320557,2,1,3,0,8,1.5398209730774268,0.0
4118.207293487263,115124.93404451372,67210.94479218798,2,0,1,0,24,2.710048435690985,1.0
3545.899024424656,107510.85158067242,15768.908155041021,8,0,1,1,13,2.05260083224916,0.0
452.67646417740383,88552.767856922,7092.518597316988,2,0,2,2,13,2.5298134325950428,1.0
469.94668472169997,147936.02077871584,17753.45852892699,8,0,0,1,1,2.43941610231684,0.0
4933.865913580818,159125.5117653644,23615.765845641483,5,0,0,1,19,1.9352300002045628,1.0
1902.6404389927957,175007.27473512324,24737.95145477392,9,0,1,1,21,2.3696452198665363,0.0
1884.6786279811101,195385.62280075828,54629.5470936451,9,1,1,1,9,2.2705205629789633,1.0
4073.3578579246378,75331.55266252576,19772.493224305552,8,0,2,0,4,1.7007087630420645,1.0
4738.880458050101,151735.89202329348,55102.68944611381,9,0,2,0,5,0.8795947629952114,1.0
4930.705265923211,97023.9000342767,10017.177339002581,7,0,1,1,17,1.165942145005733,1.0
3779.222017031761,145103.93523168837,14334.589504538995,8,0,1,0,7,1.4409374596831943,1.0
1912.484948378033,110916.88735936745,42179.251533806615,6,0,3,1,18,1.9667224810054482,0.0
463.3285476584104,198941.42747054837,73985.97679840148,9,0,1,0,13,1.2444422049353936,0.0
3896.877233840812,153913.3630844275,69186.70433845578,2,0,2,0,1,1.0134130145264237,0.0
2814.101036192235,191923.52107383517,77594.01506809585,3,0,4,1,14,0.588872155279322,1.0
2149.8989457725324,171944.82341180157,53086.88802641916,2,0,1,1,14,1.0313117043886995,0.0
4536.454206218943,183493.17189777308,55037.74471403909,6,0,0,0,13,1.8476968743895303,1.0
600.4275374154491,168451.26352649473,51126.77091772489,3,0,5,2,18,0.8490533943683671,0.0
2488.494266239753,108057.05216390494,50957.05706008119,1,0,1,0,8,0.5733889142729103,1.0
106.20054159872439,72804.03706897034,14328.266570204018,4,0,1,1,1,0.6867305852702084,1.0
2369.870177870925,92954.42982658878,44867.89962462251,5,1,2,2,15,2.880263842156049,1.0
328.7012146250949,33440.15954879158,32727.230875782883,4,0,1,0,17,0.5886806395959208,1.0
638.148685526956,119078.83846899342,37075.365614851595,6,0,5,2,17,1.6808356745169863,0.0
631.7549215466692,115859.82604596947,43317.24412556128,3,0,0,1,2,2.2206849139782134,0.0
3263.590995474515,119292.57902118299,12886.505228773372,10,0,2,0,14,1.0577896909144233,0.0
3742.9221523638453,195585.30824525087,30680.55550661323,6,0,2,1,1,2.9104620993562156,1.0
2937.67538723094,184947.18058732268,7885.6161874984755,10,0,2,2,2,0.556758188170053,1.0
4812.7541149489825,57491.17231611836,78434.44604252472,1,0,2,1,7,2.700231346640033,1.0
1905.609368642335,92710.02866450115,12126.658219149713,6,0,5,1,1,1.4787463270157493,0.0
1464.2748270952106,102072.55050875453,22906.404867961497,8,0,4,0,10,1.4595885783583167,0.0
4349.565684537828,91290.59603478012,71629.55535616158,10,1,1,0,18,1.6805243867927881,1.0
1156.7994006712906,165744.31381266523,40168.67356041392,8,0,2,1,3,2.9285068715666256,1.0
4817.951570231026,119086.40387748978,13444.064517088533,1,0,0,1,18,2.0702136792208616,1.0
110.1646497145909,127256.96888517626,32585.751429029868,7,0,2,2,19,2.696433452300503,1.0
4850.900192202813,175012.30502794735,11921.83555273671,10,0,1,0,13,0.5695641847705677,1.0
263.6415641553518,167007.78608061097,18416.631775506634,10,0,3,0,23,2.742350063621972,1.0
4461.158412805452,52475.95887945095,7006.2982151380675,4,0,1,0,2,1.033652494457977,1.0
2662.120489977184,151365.47929421783,36743.5170802807,6,1,3,0,3,1.2873960101127164,0.0
4965.175740790537,104024.14191334604,65110.981372845,6,0,1,0,22,0.6840195618224633,1.0
415.2929954402244,80090.31352062509,48119.62675989195,5,0,4,1,4,2.7876877776825295,1.0
2791.578707786538,38503.199553371676,49688.588522315105,10,0,2,0,17,1.8152600317709051,1.0
4848.04755131454,112832.42525872667,18444.970316409504,9,0,3,2,8,0.7251877607064576,1.0
2639.334328642237,90424.23572317034,29479.82593043222,10,0,2,1,23,1.493592662139572,0.0
3165.5232587695496,72757.21674498814,68083.64199574405,8,0,5,2,8,1.4529218513307935,1.0
3493.956010473855,148094.1940314828,9764.926193141619,6,0,3,0,3,0.6270665470263574,1.0
2299.9782706004776,160812.5158436498,69060.6603324771,4,0,3,1,15,1.3690624990925466,0.0
3156.412496416114,71614.21823500222,40244.13202238849,4,0,1,1,11,1.2322433256577416,0.0
2942.355844019346,38406.06423548903,67460.35221203402,9,0,2,2,9,2.798663118550282,1.0
4510.732151930395,174287.95909608994,27486.494293368825,4,0,1,1,11,2.5169578146439733,1.0
274.95958269021645,31693.156004731565,29090.9072718926,7,0,0,1,6,0.9002203290305056,1.0
1440.76778848154,189309.12396665025,60873.57486088199,6,0,3,1,10,2.8288931007959226,1.0
4754.536846178966,136695.37857706,63444.70535120095,2,0,1,0,10,2.3579068723116063,1.0
4456.8057302600355,84713.92798422446,20682.6402052413,5,1,1,1,18,1.7271183036691142,1.0
2305.500926289279,71901.24462804515,77911.09201128673,3,1,1,2,13,1.5816525276470126,1.0
3119.656359117607,31530.96292496079,9505.738026851828,9,0,1,0,17,2.8171097595812022,1.0
1423.0368557566067,70030.14089184912,8274.728158864078,10,0,0,1,4,1.2637796379823554,0.0
981.1997406326185,53413.811257913985,48853.82457702991,1,0,1,1,18,1.4264745451071787,1.0
2345.3071044529115,134068.25752293476,58651.039118414854,10,0,0,2,1,2.2279143501416043,0.0
1799.0935287289615,58312.75006094622,76988.23195032298,4,0,2,0,18,2.3982170774040767,1.0
2939.0977536618166,119867.07238122528,34180.825121512346,4,1,0,0,7,1.3179193412019847,0.0
434.7864529766749,130319.79179856004,4947.43849220175,9,1,4,0,5,2.80501978439586,1.0
4873.254297947524,80667.08871897546,49423.018137373336,1,0,5,0,16,1.140263373803619,1.0
4931.743185174034,35961.04133318218,25306.593586105435,2,0,1,1,5,1.368747165050698,1.0
3505.9004843977386,36333.15970441334,36336.92833204597,1,0,1,0,10,0.9914329899068526,1.0
2703.677013403396,34479.046472965994,40612.15013324501,1,0,1,1,16,1.8427178625771128,1.0
1582.1617006173224,155651.19341321287,7967.471026828604,1,0,4,2,4,2.9981823788552524,1.0
4078.2853475493957,84061.64981843068,40420.59741143591,3,0,2,0,1,2.2951359247498964,1.0
3439.4193041417025,165371.0316145028,35826.61434393224,4,0,2,0,8,1.6782935512811714,0.0
854.953849757212,103394.58005328436,57865.908427067676,10,0,4,2,1,2.9573165111878716,1.0
4559.08956324452,107009.67714109385,52716.27516335054,2,0,4,1,3,0.6229358511661155,1.0
4121.559352469687,117190.04242662754,17261.6102975932,1,0,3,0,18,1.2147538181849882,1.0
4751.509570795024,151215.34758376767,18872.69670220057,5,0,3,0,2,2.5952934949174256,1.0
3642.311566522382,76495.4871910502,22327.47576562674,6,0,4,2,5,1.8109017266400689,0.0
3086.4052198821596,50669.849420699575,16779.183902882654,2,0,4,0,11,0.5117413612443695,1.0
2120.303029638563,124529.74698254846,53605.41637447197,3,0,1,1,14,1.6418819503848128,0.0
4667.005992602366,85586.19595126568,79571.12379842083,10,0,5,0,18,0.5545427120633418,1.0
4337.016253027022,105223.52332356636,53212.342219727114,3,0,3,0,10,1.9337152053521438,1.0
273.8324170256376,139980.94041734192,49714.479056729426,2,0,1,2,7,2.081854452449957,0.0
180.51652376139742,114001.37599401601,34564.45086803258,4,1,2,0,8,1.003520834109334,0.0
1913.4936660463454,135447.39890714327,27068.679932201576,5,0,2,0,20,2.966243303363602,1.0
4062.2389873700727,122514.00035931673,73152.67928179889,8,1,1,0,17,2.584510347081448,1.0
4937.016840108975,155765.38322913687,77613.14430894578,6,0,3,1,7,1.6595818894853722,1.0
794.5636109624645,150009.22501097538,41251.76552025504,9,0,1,0,23,1.2738828705843357,0.0
2990.947040993069,120812.28160746527,25345.438154004925,3,0,4,0,16,0.5308469765706415,1.0
1935.4097403235564,145413.51354615018,62299.40999057211,10,0,1,0,17,2.2331572757969567,0.0
4851.076269182286,178505.13238634416,13199.17289674964,9,0,1,0,4,1.1572078826807717,1.0
4218.488669521758,103486.11892398866,61950.29429856348,4,0,4,0,4,1.486639336007635,1.0
4199.727088320133,100169.72236729492,66059.02482197309,8,0,1,2,1,1.5715549496159558,1.0
2370.031140985103,159921.75554490462,12617.603736291887,10,0,3,0,23,2.6345392067858326,1.0
2103.3565365714426,129034.152297139,78218.33309733542,7,0,1,1,3,2.628514888251471,1.0
1403.365006056996,42071.15263784005,78884.44635991284,7,0,4,0,12,2.4405468515054993,1.0
329.05870842208924,181659.04266748382,75127.39990820605,9,0,1,0,17,2.4169976559251856,0.0
4330.375762462513,35233.12738039882,41194.68032428235,10,0,0,0,16,1.7368564658818673,1.0
4073.859995193884,157227.38055565633,21947.70895531579,2,0,4,0,14,2.4777978113914285,1.0
4998.602482766347,158995.0042597332,47814.7146279073,5,0,1,0,23,2.6453558259196113,1.0
4983.352343515831,192028.88449792817,35334.905562300555,3,0,4,1,3,1.7460978454433123,1.0
2799.386942733006,39202.84942839453,18858.045643224177,7,1,3,2,19,2.7509779506288403,1.0
3856.487705143527,131465.66633336345,35623.08354057427,3,0,0,0,19,2.9759520659343535,1.0
4726.590362918018,102732.897006599,54119.51734717447,5,0,2,1,16,0.9382051095546441,1.0
4255.754583853187,86207.60232612214,8460.32493052131,5,0,0,0,4,2.9475812463114672,1.0
1274.3731036288284,45354.155250842414,28673.18611134327,2,0,1,0,21,1.1143571364541534,0.0
2280.193469784963,125651.20034412257,4370.20653098754,1,1,1,0,17,2.8350776992706828,1.0
689.3391049999002,111436.92336468432,60711.153920549026,6,0,2,0,19,2.627771745236872,1.0
4772.552584930676,47774.257885674124,52333.22760648596,1,0,5,0,12,2.7901413604867225,1.0
3050.5644405318562,134123.21620650418,7825.754372051371,9,0,1,1,1,1.6525772274687693,0.0
1181.7818872421406,155452.03044299956,77284.79208935153,10,0,1,0,19,0.8776545958735291,0.0
3374.9183878089907,160437.3111791202,4741.859898786752,5,0,2,0,19,1.05655282951786,0.0
3109.7347902665842,183913.44200461265,48426.96977865882,1,1,1,1,20,1.2617354814574708,0.0
1822.9054542625604,99610.02612109212,62780.2945585273,8,0,3,0,12,1.124296712116832,0.0
612.1100813881636,192022.37066576327,63668.01610444367,1,0,2,1,12,2.9184555210747978,1.0
3374.287318184358,177122.99886405663,5639.955440676691,4,0,4,0,17,0.8901770205263749,0.0
2625.5231194737767,80405.26707406963,72793.96521331383,7,0,2,0,5,2.214482129016889,1.0
3872.976039091415,57078.11634940794,73720.77873838841,4,0,1,1,4,1.7789988084367248,1.0
2624.809330504367,104016.19734176228,46227.0587328867,5,0,3,0,5,0.5855170225206159,1.0
4268.298426576774,98322.78035251432,40120.406314310254,7,0,3,1,6,1.0289629503743862,1.0
2781.9388519337035,127872.28190630474,6454.794655820186,4,0,3,0,3,2.833924930687926,1.0
2826.642959100162,129175.65949571716,46270.468973259885,5,0,1,0,15,2.5420611776326885,1.0
4389.435333158808,157497.7873445958,34522.18929630777,7,0,2,0,3,1.9648907647217762,1.0
2047.2401877513653,116681.29119495372,62506.09337046652,1,1,2,0,13,0.6918302296318706,1.0
713.3753808306716,47819.84895993014,34099.034650228765,3,0,1,0,5,0.8463427563598351,1.0
192.47424775102792,175909.52704402804,55635.72416600265,1,1,1,0,21,2.3265052680117395,0.0
3787.929415584414,82659.9791414818,10808.42726028987,3,0,3,0,9,2.3926468244313917,0.0
3120.53227919965,195120.56825212063,13237.324848979455,2,1,0,0,23,2.8952441461575384,1.0
3535.1948520911565,50036.21847556093,13757.684679985194,5,0,1,1,15,1.0139839586748705,0.0
1104.172599469108,192902.69927952555,6505.463484580251,10,0,1,0,22,2.122661016233959,0.0
725.0388041545103,45472.007170027886,44682.322163774894,5,0,1,1,2,1.5770995251630744,1.0
121.99609505601555,69276.1434510001,64135.51490535997,10,1,1,1,9,0.7846283949743758,1.0
1785.408416092655,37918.590154712074,50001.66268441229,9,0,3,0,15,1.3403843194467098,1.0
2970.092549930434,149869.23492862913,47271.52618756993,8,0,5,0,3,1.4186123125839962,1.0
1991.608023243675,174550.7852172046,55408.04248701071,3,0,2,0,7,1.6336161201345631,0.0
2215.5008640174588,103792.08390871667,29152.689876545137,1,0,1,0,8,1.2325830896434413,1.0
4525.585537744055,187848.75275721305,30870.463516913627,5,0,3,0,13,1.8816633356945505,1.0
1773.8645617653367,130350.84219845194,27198.797563011038,3,0,0,0,21,2.016137578161927,0.0
2594.2479713410635,137101.21302590895,57832.38782972532,5,0,0,0,22,1.5319903779728161,0.0
3929.0824130686583,173721.2642891309,15446.30584664962,9,0,1,0,15,1.433481544265352,0.0
2012.8867724902873,80456.0348588126,4002.946584095177,1,0,2,0,6,2.13877175789774,0.0
3129.3291661279736,90225.17262569639,48907.12639763192,1,0,3,0,21,0.635509017426797,1.0
4318.700358296389,184011.82626308955,75563.36508453381,9,1,4,0,13,2.6660239725848247,1.0
4750.127087105328,183163.79432658985,49924.40960871546,3,0,2,1,7,2.9365807203057313,1.0
778.0137305987378,196002.07195414804,63284.96727644892,10,0,2,1,17,0.638272481188694,1.0
4636.608744549398,183312.5137950841,54804.88462888432,5,1,1,0,15,2.272949739186868,1.0
2485.975650743714,51653.24612567135,41302.622321272254,9,0,2,1,5,1.1305950195310561,1.0
1328.3097220798438,170033.12864328784,58316.21493735614,5,0,4,0,10,1.5750456227533514,0.0
2322.7219933793936,99672.54127863099,66456.01753685207,3,0,1,1,22,1.1766069694400099,0.0
4901.161247663112,198436.23051080943,20304.336601220744,9,0,1,0,12,1.0356164767114904,1.0
2488.4595652647045,110287.76393589618,28882.046997202207,7,0,1,0,19,1.6024595157809782,0.0
1677.3204709231657,124152.1340253775,20226.881402752857,7,1,2,1,18,1.4290211361266838,0.0
3185.3342288677927,120061.73559365576,37817.31758046396,8,0,2,2,4,1.5644775644150615,0.0
1238.7208129520557,84695.29507590723,71149.9704205834,5,0,2,1,13,2.5202093961314986,1.0
425.5234741378864,42753.75511179609,29580.94676432059,2,0,3,0,3,2.946621443053804,1.0
687.9546234577136,182260.70916832614,31833.95046305261,9,0,2,0,6,0.858328838582716,0.0
683.8269028409736,166454.88812946877,69248.27706973875,3,0,2,0,6,2.3602426112590154,0.0
801.918332885857,53719.55269514378,42683.82346733999,2,0,4,1,4,1.8727520963880817,1.0
737.1945046145802,162050.6061295124,44229.57297285245,10,1,4,0,4,1.4325451887661012,1.0
3222.3299867759124,136393.93322860368,69281.69265658039,10,0,1,1,13,2.1514329933269223,0.0
950.3064177757669,99554.4439459958,40770.55875096144,5,0,2,1,10,2.7038148797850305,1.0
1761.053052453123,73183.59534624565,55479.93016646343,8,0,3,1,10,2.103770994905612,1.0
4489.102629034758,176153.89319537953,9594.639272302677,3,0,1,1,11,2.259084885041794,1.0
2396.110119301218,149032.004079989,16754.641910770166,6,0,3,1,13,0.8706059385853053,0.0
3354.4108056790847,123115.78460975326,34136.96745515091,9,0,1,0,10,2.282295363235093,0.0
902.9833624480677,133626.6507627389,41102.608222130366,2,1,3,1,11,2.965313239936708,1.0
1001.8306431029204,45481.25095397077,77361.49499518967,8,0,1,1,18,2.8989993437498063,1.0
252.29965051907038,110566.35935490263,77740.17574467983,10,0,3,2,7,1.5229851954526255,1.0
886.2285622072145,62929.04977356934,68542.17573586464,7,0,1,0,9,2.7056492689757885,1.0
1429.022178208195,65425.225431500316,27301.110316989238,3,0,1,1,13,1.9784148408474571,0.0
926.2018971698967,142421.67358876736,77230.17839409785,1,0,1,2,10,0.7957313929875893,1.0
489.0775420974253,184913.54581182898,56079.24658006837,6,0,1,1,18,2.945502244556528,1.0
647.147561947974,98638.62378131891,33256.38984193983,2,1,5,0,15,2.03296985982164,1.0
2330.8549017619926,65317.376412072364,57028.96860782701,3,1,1,2,5,0.7646871265202982,1.0
1071.351906108673,140286.9793302312,4272.250193562547,5,0,2,0,15,1.9306278513834334,0.0
1853.1358121879734,178101.797879554,14253.910535114446,8,0,2,0,11,2.30362277814302,0.0
2541.9154907315415,157214.19619082345,66885.79978984031,2,0,0,0,6,1.0931478570054582,0.0
3467.454401715358,177688.7291912198,52709.17003923418,6,0,1,0,1,2.2061085790146944,0.0
244.59509221343973,121214.29407183589,31042.99199947507,1,0,1,0,14,2.914832184980528,1.0
4007.081474599761,157818.96154276247,41551.33129714934,7,0,2,0,15,1.0791175412276957,1.0
3158.1069279799935,53810.9750910192,72695.94552272405,4,0,4,1,7,1.7271158360605117,1.0
454.70720814691595,89206.68461174256,51631.51442988966,1,0,3,2,15,1.2850223867596675,0.0
4374.214189328547,96223.35796185881,33657.49486294343,9,0,5,1,16,1.4697559454961326,1.0
4608.318382632475,116920.27686182589,12265.152619610195,9,0,2,1,24,2.592775055162812,1.0
352.33590128157556,187942.98124366003,25618.503725168197,3,0,5,0,5,2.558845717476791,1.0
1420.5443583286585,178630.41523776963,78332.19792533692,6,0,1,0,22,0.5208692012710554,1.0
4040.6963349756534,52869.33368916137,36676.955839586866,7,1,2,1,20,0.8051947991259613,1.0
3753.885467399109,59374.24082001875,39331.63871605429,4,0,1,1,19,1.3725186169768608,0.0
963.3790458140678,90798.89343011493,41392.04849457018,6,0,0,1,19,1.2575920543732917,0.0
1086.279150516716,79426.45720141457,71076.00976701225,9,0,3,0,18,0.7339660405444127,1.0
1883.8369088173408,134511.06203656457,49502.47789766886,10,0,0,0,6,2.2191441642474183,0.0
2448.3887766955554,183471.92811997264,56413.131806798,6,0,3,0,9,2.1067413856103627,0.0
3110.361119074965,193589.56208433976,32984.842776281,7,0,2,0,3,1.1203097979771517,0.0
1876.1225158703735,141112.5019309885,5239.746631351025,6,0,0,2,17,1.4041686829205566,0.0
2339.5468448590823,172487.06423818474,74684.91439669901,7,0,1,1,10,1.719911698651649,0.0
3749.9811437620947,119284.37403923551,76082.8314305633,1,0,1,1,16,0.61322695897035,1.0
231.5818543084596,65415.580966206755,76084.78510779994,6,0,5,0,1,0.8869937758482087,1.0
1299.5628745029028,119197.03005589115,75663.90567179717,9,0,2,1,4,2.1170453383045116,0.0
3581.0804501285347,124364.04224440068,65773.6294623562,3,0,2,2,1,1.7141398746738745,0.0
4481.273846551637,156217.78591630462,55713.89585895717,6,0,1,0,18,2.001184096535503,1.0
2582.8033384725472,67380.10825024935,68027.263706581,4,1,1,0,20,2.933259742148766,1.0
2683.9617520633124,92612.7649547444,49242.06040307979,7,0,0,0,4,2.3887634912463223,0.0
580.5014561318915,91884.66976647626,13346.460269685818,7,0,3,0,11,2.9205810230785385,1.0
2264.6912157761003,193104.73127599803,33123.798708189424,9,0,1,1,24,1.9773776706658093,0.0
2686.4554689523648,105470.64325554222,77789.70822191618,4,0,2,0,4,0.503665189504364,1.0
1250.2289929919118,158365.9744406849,30037.61164686554,8,0,2,1,19,0.7344393111566634,1.0
1382.7539931994359,157637.93483365464,69822.74935731545,8,0,1,0,4,2.2424529445410637,0.0
1917.5566073678822,75142.51141655103,10177.283249664957,8,0,2,0,5,1.2626699379677917,0.0
149.35242899974554,127217.84719319445,28732.15586291116,8,0,3,2,21,1.5344320691667919,0.0
1644.2918696367326,182031.49186417018,30023.40600400823,6,0,1,0,13,2.1885447894489656,0.0
1096.667634632896,110783.61230768141,6973.395819391472,8,0,2,1,4,1.333587382504358,0.0
1671.1118932806776,190669.97624823282,12170.263424380133,6,0,3,0,10,2.684139740704901,1.0
642.8225525052935,66457.89898510747,17873.721256376368,10,1,1,2,18,1.4685653228922115,1.0
4458.11003966248,42607.04798158522,67511.8004923787,2,0,1,2,3,0.610809355199108,1.0
2988.282645092541,181547.15843460738,7881.953225365092,3,0,1,0,19,2.960521369420972,1.0
3411.5564797652237,174105.80365357682,25999.969403517814,6,0,4,0,5,1.7243068902673127,0.0
3956.3976311063248,198740.2789087536,3783.4751993735986,7,0,1,1,11,1.376354877559402,0.0
2517.2888846988335,145496.89297911242,56563.33639603291,4,0,1,0,2,2.747905286691231,1.0
480.25542603274727,189236.94753341543,50763.33793334025,1,0,0,1,18,2.6521787276134376,1.0
2708.6773820018116,170581.33426429884,52663.63417809192,4,0,1,2,11,0.5945422445979643,1.0
2954.8635342033517,173552.47663041478,31827.47442302564,6,0,1,1,12,2.521098536721851,1.0
3739.9253972124334,126754.06697722561,19036.622237602816,8,0,2,2,16,1.7249226614079314,0.0
2186.714753836913,95001.98164584085,58464.65642302457,4,0,1,0,2,2.1836218815228103,0.0
681.5224988380406,188874.87233235792,65456.076201033524,10,1,3,2,22,0.8648870940705626,1.0
1454.6907337036862,103459.91985470206,13672.315353561537,1,0,4,0,24,2.1686729863549026,0.0
1847.2573671732437,121599.29243244373,40485.86595118144,5,0,2,0,16,1.0752407735632064,0.0
3247.290344591426,105839.43221128192,22151.107512372415,7,0,4,2,16,0.7933749474561262,1.0
2875.352608111114,126019.11337323351,15944.228312872296,6,0,2,1,22,0.8366524405149829,0.0
1812.6787931943388,109985.86342869562,59543.049139114926,3,0,2,1,4,1.249841807590087,0.0
4933.25048152525,38154.4849585109,44433.464031408446,7,0,1,1,8,2.9791258273215706,1.0
3048.5853558165913,179948.19162130877,19646.27059315742,4,0,0,1,4,0.635709442681178,1.0
1224.2726190931726,105546.94921568087,26870.00086328897,5,0,1,0,11,1.3272856199940168,0.0
553.8232394709985,130120.42024624928,77432.33269223616,7,0,1,1,8,1.8126397695886878,0.0
806.6527389624436,53661.9264688578,68348.32648255886,2,0,3,0,12,1.017250068589391,1.0
1267.4907555033153,30575.934157048654,70755.89920123089,4,0,1,0,4,2.904014800146293,1.0
845.3727976348006,71699.3159194193,38420.931475214515,4,0,1,1,7,1.651415761549691,0.0
973.5067690539636,149779.62546266953,51033.15932190738,6,1,4,2,13,2.2317934692218726,0.0
1461.2210850345432,46863.07011918936,32011.115995739696,7,0,2,1,11,1.3999174663762732,0.0
908.1992967090364,184510.86486569952,8983.822128044572,4,0,2,0,10,0.9854979023789872,0.0
4488.988851900805,66553.83679055137,33882.336920572256,10,0,0,1,9,1.259027584244397,1.0
447.15704102512893,64780.914429601886,48736.51799695014,1,0,4,2,6,1.1991933948984657,1.0
2646.331378372761,60856.353475654236,25110.10884914612,1,1,1,0,17,2.6188769311818474,1.0
2081.4642935988245,32376.891205132008,68292.194254011,5,0,2,0,13,0.5369018118268385,1.0
4912.774153697602,161206.92964129988,14634.712256444094,1,0,2,0,6,2.7341080021455264,1.0
604.5925657318592,178755.87031169396,31268.939886642835,3,0,2,0,24,1.4822341313818572,0.0
2019.3852152764211,134407.6594447538,12617.600709963624,9,0,4,0,17,2.042075032255981,0.0
4848.878644713076,61993.99688557659,34172.074316862345,3,0,0,0,13,2.5139120137016904,1.0
4334.260273175202,78497.25947994956,6053.920483018825,3,0,3,1,21,1.6524708655716998,1.0
4094.5067511989355,110907.53855204376,23986.3034197467,9,0,2,1,15,0.7315276765903745,1.0
1326.6189938724522,192238.81177596113,33856.614643753644,5,0,2,2,16,1.8542453876915777,1.0
895.8935575808258,72049.73320901627,39818.73297230525,8,0,5,0,21,0.8039491066269351,1.0
3359.7839386259334,154379.80366638096,44864.619602585924,10,0,2,0,24,2.5616862238321696,1.0
4650.41114618155,104706.19795979645,24174.316993823755,9,1,3,0,7,2.119726451848205,1.0
2805.9763204189526,80634.0492212037,43274.18276534517,6,0,1,2,21,1.980360340240566,0.0
2879.482812876004,107505.70929375934,42193.35586027861,7,0,3,0,13,0.5009690501107105,1.0
1435.8965136184067,42105.14198200953,27345.709917468048,7,0,3,0,6,2.9001820217964673,1.0
3858.9900193000876,165776.85305816162,66925.42546054882,7,1,5,1,8,0.8258290899705443,0.0
975.8665553597407,71361.32775710442,45014.36674770452,4,0,4,0,22,0.9586549012142274,0.0
1652.2122202010062,153320.06094280496,28584.768343483964,2,0,1,1,10,2.9653967585308796,1.0
2155.910371151263,41619.2231461931,75945.0654302198,2,0,2,0,21,0.7238279703541046,1.0
2562.671374488052,192366.75454816662,68073.6558064794,7,0,4,1,10,2.354114362874815,0.0
1249.928175454647,62812.547518968764,78659.26148948866,10,0,2,1,1,0.7374047192973059,1.0
618.4422824590575,180066.15295520367,56302.008347697396,7,0,2,0,12,2.33203298860718,0.0
3072.5692100860815,167610.44563462384,32123.16372396561,10,0,1,0,8,2.7234627379929823,1.0
1478.721238539266,194536.1870938407,24626.27133428395,7,0,1,0,8,1.3742384552267033,0.0
2927.1291960419308,111241.41236077744,54075.47396293504,8,0,2,1,22,1.2809239593898671,0.0
814.0954406073014,153657.53995381176,78522.87685213839,3,0,3,1,7,2.8324946284918973,1.0
2431.6435041813465,93020.81169642329,51257.061167996355,5,0,2,1,7,0.6866257255064805,1.0
2686.31769113035,61342.600463347946,70884.35045621754,6,0,0,0,15,1.3688665789229582,1.0
306.5265072710132,105322.9085986863,28340.964190678184,8,1,2,1,12,2.1323200343667343,1.0
1716.191177059907,58177.332616037325,34335.44125051769,8,0,4,0,16,2.218723909903461,0.0
715.3526508479225,196947.58587368528,72783.1934483802,10,0,2,0,16,1.6325449189112582,0.0
363.70610384020034,46361.90349392178,61278.73605075205,3,0,4,0,2,2.634118584341557,1.0
4950.303150330229,130165.99298694546,78568.59466832875,4,0,1,1,14,2.6224236300469137,1.0
1645.6515326248787,136498.8553931895,62656.844149382625,6,0,4,1,16,2.542669566521364,1.0
4058.8785069804426,121473.52228858921,37535.709455803844,4,0,3,0,14,0.9269305575652665,1.0
1310.471241080631,142571.60057101172,43892.23752632196,10,0,5,2,6,2.1167087665415982,0.0
3423.43847500845,49750.73175202146,72339.69291966152,4,0,3,0,23,2.6274585829884933,1.0
3813.1279064539485,124353.14911489948,45476.79867954969,5,0,1,1,24,0.7356813221030524,1.0
2998.411766008829,78826.13709165147,22665.59781066228,10,0,4,2,18,1.1114666450519382,0.0
2384.302133323284,189829.93076117962,36542.725583286105,7,0,2,1,10,2.9449501244216503,1.0
2088.6125250289792,159552.18108475336,42756.33114138208,2,0,1,1,24,1.6546884451342134,0.0
1776.8979193878267,195327.46196715627,10447.427183436976,2,0,0,0,15,1.8254910770430257,0.0
4651.169264026738,36384.531855832225,60269.72591747255,10,0,1,0,18,1.3756781761855592,1.0
4161.566068549259,78472.63978072048,11420.252868332922,9,0,3,1,9,1.48047700327073,1.0
4826.883207799237,63221.83972851933,34178.66392939804,4,0,2,2,16,2.736305816380257,1.0
665.2712562534464,31896.279843011183,64955.92799861115,5,0,2,0,16,1.0230919591800378,1.0
3667.794002258039,71195.37414187464,39002.91784422386,3,0,0,1,2,1.1978724555958427,0.0
4694.785261264137,145391.91719847292,67835.19501832512,2,0,2,0,15,1.7516406796288346,1.0
947.1036775200178,69285.11676287666,29324.861798320853,10,1,1,2,19,1.2764289542396816,1.0
379.1565234655486,116530.5857320451,76737.99463787953,8,0,2,2,24,2.7315832944289062,1.0
3718.5472139857925,180929.07954404977,19129.069249003136,4,1,5,0,11,2.082466135262986,1.0
2893.641910240564,147938.8464593428,5946.339164176201,1,0,4,1,22,1.7593551992901972,0.0
4217.052444953447,97086.94188402544,70176.84381026223,6,0,1,1,8,2.0101728668439254,1.0
741.873264300133,93319.71961505842,60919.60912818143,6,0,2,0,10,0.5495748439127913,1.0
3986.5731937064565,107475.0883814424,20862.755454187707,2,0,2,0,6,2.354387063243857,0.0
1048.0552342363353,60097.04498018409,78825.10374952389,2,0,1,0,19,1.3385754359294693,1.0
860.0969171852373,137780.13046071798,41675.56995367664,8,0,5,2,3,2.0204890098172803,0.0
863.1156997584151,91905.97924778293,76232.03889110059,7,1,2,0,18,2.5804500349802595,1.0
4082.1448651453416,174902.10937454744,41887.21539679894,2,0,2,2,8,1.3637199187125233,1.0
3342.7262424461906,158613.95220982877,39334.343181389406,10,0,2,2,21,0.5924081599652682,1.0
2639.173852607141,133787.2378956672,37583.66736012381,1,0,1,0,9,0.5024249189894188,1.0
1826.2108964113374,91914.37785041773,28785.396262237166,8,0,1,1,5,2.649578564706886,1.0
4392.142677024886,65688.41138449236,44095.01528259448,10,0,1,1,5,1.8663157392795018,1.0
1992.603281742045,161945.8168979559,37846.70897003973,2,0,1,2,24,2.1261281278644084,0.0
4092.1672253843067,112689.54682848472,5829.509500013668,5,1,1,1,15,1.991979950730237,1.0
2223.717797422581,68207.50649015077,23053.512973609693,6,0,4,1,24,0.922517542150256,0.0
1915.8749256532926,63179.684556801054,19410.455608127995,10,0,3,2,2,0.5956090317153533,1.0
2340.264939064552,58118.153765231036,69792.54137872212,1,0,4,0,24,1.1080039299813982,1.0
1541.8204771125033,162117.40335495115,49112.98824646679,2,0,3,0,13,2.977229049506433,1.0
3750.666431872443,68927.821501053,61803.59873462901,10,0,3,1,23,1.5444774585771368,1.0
2538.465930957772,119529.18479928357,76675.6049066946,4,0,1,0,12,2.8126938718905996,1.0
1199.4528409767456,106762.8813654196,52591.023984533575,2,0,2,2,22,1.1506458150867243,0.0
4502.894137709114,128533.85286880826,78660.96933816532,6,0,1,1,3,2.2884767280936336,1.0
1950.2615457973966,179116.33306310303,27005.83197721398,4,0,1,0,5,0.5651079184256903,1.0
2740.5866625142435,177517.0563138942,17342.57303809283,3,0,2,0,18,0.5327837028845235,1.0
4537.036949274508,106682.93221022614,34054.86137545418,6,0,2,0,11,1.6647089510468744,1.0
3139.978079774261,32612.262624902964,39251.554950057216,9,0,1,0,16,2.122718316252721,1.0
628.6453015064021,102495.44697143153,71942.83879964905,8,1,1,0,9,2.905602529637937,1.0
4702.169011886702,133052.90136210388,46115.41380582408,2,1,0,1,21,0.5742552105035574,1.0
3157.1548627035186,124820.0090466705,25497.93695518731,3,0,3,1,24,2.9696808507316916,1.0
1707.7827925525762,140727.13798603494,60182.839780799106,2,0,5,0,21,1.6795289479930173,1.0
739.396759683767,56192.87452042419,41949.059159708464,10,0,3,0,9,2.4159596785002257,1.0
3980.424686887965,139910.96679272453,15484.159786188102,7,0,3,0,12,2.115715049841291,0.0
3119.360141846142,61050.77518644128,47415.123644526415,9,0,2,2,11,1.119463755922266,1.0
2690.6324052827918,157589.07671844732,73177.37933416085,1,0,0,0,1,1.3313374909921882,0.0
4474.76828610224,87644.8942546556,67881.94154563814,3,0,3,0,6,1.9777828678888163,1.0
3953.556195561427,150682.2236748471,48184.36789292049,6,0,1,1,13,0.7409243908899474,1.0
800.7906546771184,38137.1518140382,32035.404389144085,4,0,1,1,24,2.4367994862361453,1.0
1593.0242355879636,99336.20435045527,9697.363831944258,10,0,3,0,23,2.4989603613129514,0.0
1280.0212420816054,149855.8687847666,39162.96709653503,10,1,4,2,2,2.5515870396216593,1.0
3732.5341482347512,68567.987776354,60910.1166897776,1,0,2,1,18,2.6214628252506778,1.0
215.98555194210795,165198.79761552784,30741.076419441815,9,0,5,0,16,2.2227287823993325,1.0
2870.953940113017,137232.55462783843,21129.40556747816,7,1,2,1,10,2.359853733087287,0.0
3824.170494416418,129885.50126546572,74716.23838386341,7,0,1,0,17,1.9717231454081823,0.0
4389.98990197066,90103.30521473731,66259.78893526542,1,0,2,0,16,1.066679756768988,1.0
1743.304656143742,112016.74996478998,52147.22269535114,9,0,4,1,17,0.7076092368002824,1.0
4115.223658126464,131549.38116623502,13532.317481879993,8,0,2,2,15,0.9463871080825838,1.0
597.6270979282758,110318.55936553137,14157.980711275322,10,0,3,0,3,0.982766526848988,0.0
4239.938844085865,148713.26506989522,10947.908542094981,5,1,2,0,3,2.3947262531085687,1.0
681.068878543313,103728.47862818312,50454.84335074123,4,0,2,1,24,2.869371221373722,1.0
2016.572088273818,64386.44089614516,11898.335328446872,1,0,1,2,9,2.536095562197272,1.0
3996.61206060879,66368.74307617804,67882.29431242275,9,0,1,1,5,2.9805095910375092,1.0
792.0912653764302,30986.640703299985,79458.3051400878,8,0,1,1,17,0.609150345496595,1.0
1184.7944064015753,81162.81164497431,31208.810222567226,2,0,2,0,18,0.5802161516493782,1.0
3625.150213545678,157315.99888134835,37932.5782164665,4,1,3,1,16,2.2088729201221975,0.0
3614.1808559030683,165007.6605023936,57798.37262789726,4,1,3,2,20,0.5640180387363526,1.0
3223.6807827822217,64419.4821562775,75160.78148708396,7,0,1,0,9,2.72681723248983,1.0
3485.044800112145,193037.47946813933,71845.22056384165,3,0,2,0,15,1.680432517480214,1.0
2736.485994570601,115408.47489162155,7434.570813738341,8,0,2,0,21,2.8110191662989816,1.0
1296.4053415894161,185886.38733314545,16018.528796870905,7,1,2,0,9,1.1246336771388696,0.0
1761.1951678444013,150150.0979164773,61103.98428895001,10,0,2,0,13,2.106020589837719,0.0
948.9086981670571,152813.68191381023,56044.769318498446,4,0,1,0,1,2.2476356744591808,0.0
4546.83027860146,44457.41562203209,13257.83174108949,9,0,4,0,16,1.2181543817271114,1.0
2937.789384092296,67398.49157247822,41658.97281412071,6,0,4,1,9,1.418143028234528,0.0
2034.2145129800174,31498.52166006035,63122.72659356776,3,0,1,0,24,1.8786278857633325,1.0
2336.928728038457,151741.6988810454,19846.11253422741,7,0,3,2,13,1.4591064626810177,0.0
4739.052531078486,88554.50903284669,70089.1479515693,6,0,0,1,14,1.728803628247326,1.0
809.089445424597,163730.92773297895,7078.826661168334,8,0,0,0,11,1.6400136732244424,1.0
2951.8376684831464,87619.15738929447,63229.02155024169,5,0,5,0,1,2.1649792168936215,1.0
2554.148960478107,169286.73789080637,50418.05528382001,6,0,2,1,23,0.7033188403677908,1.0
3076.698465401507,52218.70313721321,27270.349692384883,1,0,1,0,14,2.8915597845026606,1.0
139.6454099131605,59473.43664877639,58511.80622232717,8,0,2,2,21,0.7571176690854651,1.0
4367.0133492735495,87949.0117292692,63242.166226639296,1,1,3,0,24,1.345265948176056,1.0
4663.985498293881,99442.85610998646,74910.22079040563,3,0,4,0,20,0.521756738119561,1.0
2847.409258766584,89279.47784330632,31318.649755878298,2,0,0,0,18,2.540048339848025,1.0
3498.421578190617,159819.9955289474,55823.28867045653,6,0,3,1,1,0.7812813282049778,1.0
4616.371936827613,46481.7367465415,49401.4533239712,8,0,4,1,23,1.1962308706321731,1.0
3550.831239851323,89706.89333854297,43440.86734819581,8,0,2,0,1,1.6294050254373023,0.0
805.0682624255936,172330.7999176281,71562.06850993792,7,0,2,1,17,2.609938636784006,1.0
2902.6273828257254,41355.50313456924,3243.883188656825,7,1,1,0,22,2.4181183370495125,0.0
3053.239479595137,190198.39630413076,24722.593669977017,8,0,1,1,2,0.8748170677344766,0.0
2149.4468229468107,197673.8631862422,44447.34744495192,5,0,2,0,22,1.6166670483449925,0.0
3695.398966342378,45056.58955026361,16728.58114601453,3,0,4,1,22,1.3318372877225602,0.0
4675.116723106624,79516.32878347528,72905.7230974224,2,0,3,1,16,2.871227619005259,1.0
4631.564138888542,93308.11322601055,52864.82405620218,3,0,2,0,5,2.639358463696639,1.0
2281.654888450454,161986.53267096344,39796.990586663225,3,0,3,1,5,0.8760608136661886,0.0
610.5283269117385,131307.55805984477,65732.0354481324,7,0,3,1,24,1.5740839330516154,0.0
4924.9639348635565,139542.16908373646,37718.236742812995,1,1,2,1,7,1.6117104150619959,1.0
4202.545527907374,158776.66987914604,46016.28191861073,7,0,1,1,21,2.9022894942029045,1.0
667.0802719561709,50056.429904294375,3211.826657651917,6,0,1,1,4,2.4881427501264426,0.0
4608.167318955993,171645.6076747446,31158.94082502066,10,1,1,1,1,2.5226114878455563,1.0
4355.986992207535,149955.36671062448,13686.866371024671,2,0,0,2,18,1.420276021019577,1.0
2618.248382774057,128148.09328338294,56106.02841099641,10,0,0,2,10,2.2388251469070446,0.0
2976.8134069373996,181255.00691311964,39885.075841131504,1,0,3,1,7,1.300597479119224,0.0
2025.0633841571448,149052.08016024722,26235.33190826777,9,1,0,2,11,2.5613406852343665,1.0
321.0701121690551,64288.99364727432,39023.090131624165,2,0,1,2,1,2.9002139444285677,1.0
1709.2263461472096,103056.71478286335,19141.501372253657,4,0,5,0,6,2.025314515314908,1.0
4024.124570560157,113987.28737907467,74231.67070143283,9,0,3,2,5,1.8218283416095726,1.0
72.92851387278415,39386.99654756896,7155.892706420301,9,1,3,0,22,2.681234207917319,1.0
1700.8208998711636,192288.37727120947,69637.11171780126,1,0,1,0,13,2.7625608468376077,1.0
2020.9350332751694,51858.13433546934,42374.62673246802,2,0,2,2,17,0.7254884103373334,1.0
2710.108234542718,148568.41542854358,50658.88020268893,2,0,2,0,18,2.2432806152474467,0.0
4603.285301243164,116059.27613544963,26300.632809970193,2,0,2,1,7,2.071159220550285,1.0
1764.4126721115083,34357.48248035184,77435.71649316273,8,0,2,2,6,1.025426208862353,1.0
1767.418349386327,187207.0708969415,24702.523806000718,8,0,2,0,7,0.8121497527001373,0.0
3700.6311781432546,174812.25749921866,48343.60577980343,10,0,5,0,12,1.213140474949749,1.0
2288.4788074045455,119123.84774365203,79493.08629324893,8,0,1,1,6,0.9224617607348963,0.0
1161.7938735529108,68920.1971437057,70844.26852152533,4,0,1,1,23,1.106454808928539,1.0
2289.5756048568323,50675.89141561602,44297.39654703017,8,0,2,1,16,2.794026556274103,1.0
747.2422508800094,91776.72150346152,79258.83826847533,7,0,2,2,23,2.790543568441009,1.0
923.1155832058054,73422.80777783538,57005.47935341133,8,0,0,0,22,1.1338508318358103,1.0
2516.920475060425,116137.50417107079,19069.932042919318,1,0,3,0,8,1.0052948657524001,0.0
2123.680975047512,194289.5803409829,34230.90820355709,3,0,2,1,15,1.636358915261292,0.0
4578.487210287095,127742.09384903904,28755.986718889428,10,0,2,1,23,2.1599285483143538,1.0
1843.849800627334,181288.27950131663,29489.055536881566,6,0,2,0,9,0.8448202647292986,0.0
2923.912333876315,140649.40237428213,61555.145830709705,1,0,3,0,13,2.5434517506898326,1.0
3179.7082252016753,110791.90951982408,47988.24540000511,4,1,5,0,21,0.6839428100600495,1.0
114.8175601122515,175283.2856646731,5933.138792393697,9,0,1,2,12,0.7833900886159959,1.0
3334.5099914827174,110132.57872940958,70563.53324112516,7,0,1,2,14,2.090992467763131,0.0
931.2780360052695,177666.78898676138,25853.30281697267,1,0,1,0,8,1.0105354317164243,0.0
4807.298071473803,79568.0508278801,79774.76552231207,6,0,4,0,15,1.0726452265914466,1.0
785.8805023779091,51898.222539707975,76472.6862357785,6,0,2,0,24,2.690911420684098,1.0
2102.3894124487674,175403.45894169953,75420.86518451132,2,0,4,2,24,1.4104410271969927,0.0
472.4808569892871,129860.57784475335,65456.82551292597,6,0,5,2,4,2.803157008151321,1.0
4984.52754663744,181145.7077023232,19987.22653963278,10,0,2,1,9,0.7717478828326109,1.0
2535.865301139651,189430.62518870513,44012.721290216214,2,0,1,0,20,2.8291426818698837,1.0
2997.155835734217,39116.82636314636,20271.302265523045,8,0,1,0,6,2.786791460395064,1.0
382.02856307271605,115164.78131600762,22995.01008034909,7,0,0,0,6,1.8493853064749108,0.0
3762.30432847593,93743.97334266998,50043.28624659336,6,1,3,2,2,2.395824370470666,0.0
1089.0326858231494,136395.9275019199,6144.182992185881,10,0,0,0,23,1.5929051854523906,0.0
4495.368732731533,164910.503524395,77648.30964519449,6,0,2,1,7,2.4142478824334277,1.0
1065.4412203859356,77700.33671564271,73737.83428850326,9,0,1,0,1,1.1076190643458146,1.0
993.9042172851496,124655.72534343918,32319.103056144428,9,0,0,1,21,2.7578626605021967,1.0
230.92085584806966,150483.85858383292,42687.52849653231,10,1,1,1,9,2.471168996364987,1.0
2386.731378294496,52853.28408207478,38891.195283617446,10,1,2,1,5,2.3314319505810372,1.0
2845.963609649951,168391.37401171535,70929.38295354518,2,0,0,1,23,2.5121330751507505,1.0
375.2577651703442,133038.63197500544,56022.34447634055,3,0,2,1,9,1.3621155425434264,0.0
3888.861702640302,191421.3643093208,24414.566051675447,10,0,2,0,13,0.9747956345587887,0.0
2293.7797320027366,87719.91625221787,37406.77659382786,7,0,5,0,1,1.3870371648309014,1.0
2645.731833171521,48384.81019732377,36030.38012788081,10,0,4,1,20,0.5968321574023248,1.0
2231.7755973442295,116105.2041762773,76868.80795786173,9,0,2,0,15,1.1755760138598448,0.0
2033.7771513328637,44587.8311906046,16498.940109627252,6,0,3,1,17,2.0182536489362186,0.0
2820.2196399756785,194819.50896508116,9897.377971671036,1,0,1,2,8,2.616354921798673,1.0
818.4392173570269,36576.442903722564,70807.65007645015,7,0,2,2,15,2.8258128437001417,1.0
950.5442459515921,158095.66318824235,72044.82119195205,1,0,2,1,19,2.3054351296148803,0.0
4315.838824016911,119267.40768418148,70123.90976923668,5,0,1,0,11,2.7296295974200615,1.0
4733.271537561482,92665.51092470907,42345.22250316784,9,0,3,2,8,1.2284145142554146,1.0
1897.881115584777,41193.167966471294,53800.32097674845,10,1,1,2,6,2.1942729444036937,1.0
1390.1861320605913,135768.37710951333,46378.954662195756,10,0,1,1,6,2.941917056915805,1.0
3237.797739033128,129487.45599646239,8347.48260618887,9,0,1,0,8,2.026977703720149,0.0
2073.234146935577,77750.15642149196,48879.28706135563,1,1,4,0,24,1.5697014953667612,0.0
175.66246051870706,184737.68923975306,4048.2893387197682,6,0,1,1,23,1.1567080666365246,0.0
822.9553569626423,81698.70124828228,28024.030535895636,3,0,1,1,19,1.2869199204514516,0.0
3594.0625327946177,106453.31980065805,74786.52834223387,9,0,4,0,20,1.0061768126930377,1.0
3311.6735124552492,122439.61750617146,26411.485761957185,3,1,0,0,9,2.257209134044829,0.0
184.12516289224328,47039.41928996863,75366.65148360709,2,0,4,1,20,2.309987407862174,1.0
1148.7622015680997,188467.4922663175,22260.314700491806,8,0,4,1,24,2.448864500916792,0.0
1193.8202431109535,93671.145916677,27221.292515538,3,0,2,1,6,1.6686090260442958,0.0
3375.8690808137058,43732.46635863841,51387.37722576862,5,0,2,0,5,0.8456507470977277,1.0
147.56716188410257,95839.49952480609,61645.2769047757,6,0,5,1,16,1.5548147118642976,0.0
565.3374808236405,132034.4330057387,41606.858136376075,10,0,2,0,7,2.3714008904413806,1.0
4009.5846225972873,117320.95420962603,70922.90791394997,10,0,0,0,1,2.6394792915461776,1.0
933.7960771689513,148072.1355863366,6098.512464017682,1,1,4,1,10,0.7028776995950154,1.0
3281.09323386678,39432.270151544806,74009.00257484653,7,0,1,0,19,1.1097475323468358,1.0
1229.0047661812962,78371.90374624953,18115.70059194642,7,1,1,1,5,2.904908256476338,1.0
542.2348941587586,169269.1980628174,71086.3833715185,5,0,4,1,20,1.579922427020279,0.0
1253.7023454472978,43581.92692453135,33866.4648204513,9,0,1,1,19,0.6766608063138118,1.0
3625.2213126855127,175432.61229831277,67122.2933020699,2,0,3,2,19,1.009268170750723,0.0
4285.697517126115,45622.335653108064,54718.24733488452,5,0,2,0,9,2.56894011449468,1.0
4159.588329606609,171857.21653158838,16547.505700826183,2,0,3,0,21,2.3987158381719773,1.0
2016.0584716113515,91334.02818338353,73689.66288087153,2,0,1,0,3,1.0436904248334544,1.0
3357.0214260246985,134075.54075372667,21904.839067611396,9,0,2,1,21,0.7539189839199929,1.0
1064.6722623083137,55990.80966015969,21798.789139514927,7,0,1,1,9,0.698486003519433,1.0
1501.0812647920156,41248.682693280745,65691.7750410783,4,0,1,0,19,1.7491540578718223,1.0
4486.862301679543,66709.49468342296,11152.24067908412,8,0,1,0,16,2.238905886908438,1.0
114.35952137814337,51735.14904447824,20096.764790525445,4,0,1,2,21,1.3093391749633216,0.0
473.267227729617,83109.0026055374,41783.1731534218,1,0,5,1,2,0.715512682170713,1.0
1079.0369629728352,117445.15190687343,66946.73120887007,10,0,2,1,8,1.7300060716029289,0.0
181.3344091754076,130089.10880605162,14356.266054769596,3,0,2,2,14,1.0474165223520733,0.0
948.1054036944967,164277.57825455628,45170.45405745067,10,0,2,1,6,0.9523070362923023,1.0
2936.055726799976,141560.78185222097,57765.52556882634,1,0,5,0,12,2.4366322340862743,1.0
2136.0515254328648,133488.915272024,69265.83230312825,2,0,2,1,24,2.0110068593756036,0.0
4468.724969831025,100002.94467258168,75038.5481355709,2,0,3,0,1,1.287744995813019,1.0
4096.345630605283,110547.43394322357,63417.273414107796,7,0,1,1,18,1.6513740868095135,1.0
1741.995890904486,100468.54099633079,53267.78666309414,4,0,2,0,23,1.0598077481334953,0.0
1334.1459954848979,173168.22511043513,36388.74656908297,10,0,1,0,7,1.9041634559429315,0.0
1929.477420427971,69100.07693322797,11632.481872508311,9,0,2,1,12,2.392487703601046,0.0
2971.959965448298,30972.558362133987,57649.76382446514,2,0,1,2,12,1.5710010590243437,1.0
1376.9150220732374,140724.38252846067,79440.77244461249,9,0,3,2,6,1.4593264918632436,1.0
3139.5370938532133,64418.57121860134,59730.56579437169,6,0,1,1,23,1.1294115072679842,1.0
2076.58767834664,181319.5731726676,4286.754217804923,10,0,2,1,20,1.308677826630797,0.0
2782.633545217302,176037.87605013154,41212.01830922158,8,0,2,2,2,1.4001443770813833,0.0
2208.8263192198174,43043.653227795,50327.7907011836,7,0,1,1,11,1.2820011027505533,1.0
1507.6055097324925,48086.028920393146,56104.913484918914,8,0,0,2,16,0.72576976907213,1.0
4744.843869462676,114179.17068193328,58418.88934125456,9,0,1,2,1,0.8695403144531895,1.0
3829.848681090816,133567.85267079028,45974.34997367235,8,0,2,1,6,2.9906012357098963,1.0
743.5602200439401,76734.41737198093,20198.7456205365,6,0,2,0,10,1.4076031867488759,0.0
4348.916480694668,151855.611838893,75549.4509336941,8,0,2,0,9,2.51343112963056,1.0
2462.7844313350924,131135.72355620816,56643.31801010197,8,0,2,0,10,2.293232358237111,0.0
4478.033523125752,85220.0986572543,21236.68283894453,2,0,2,1,18,1.9104026239238419,1.0
4009.28351693921,34313.15296719365,27818.781084811013,2,1,2,0,18,1.6245331305788795,1.0
2154.8068471227057,157525.547820748,73988.43063853847,1,0,0,0,9,2.163186609066836,0.0
161.22307618458112,66508.12319026406,71336.35937646485,10,0,2,0,13,1.9605329098493427,1.0
1379.952928955483,171860.5363886468,34196.2757535729,2,0,1,2,10,2.334777679092722,0.0
2731.089362571291,101449.34420922337,5949.656093341726,7,0,2,0,9,2.984607513330092,1.0
3185.717188139429,128103.16524740012,6734.29740483324,3,0,3,0,4,1.2872505537193537,0.0
1326.5440428943514,178401.28416953032,24861.708400715957,4,0,2,0,15,1.334875080854891,0.0
739.8125666604794,176815.91015639208,51442.41088910296,4,0,1,0,24,2.222878524310859,0.0
4182.904672156531,93158.32779140746,47982.986920761265,4,0,1,2,8,2.6113230224695303,1.0
4922.790794482583,65511.11176152333,51804.73959468359,2,0,0,2,2,0.9748705002426518,1.0
2652.166402398295,161774.8332138611,58230.78883877221,6,0,2,1,4,2.6367147217511016,1.0
899.8124649491023,103623.6346123623,4465.483526640857,1,1,2,1,6,2.741081503604217,1.0
1397.9212662708762,62647.13890503069,11091.590828278102,5,1,1,1,20,1.4871559900553257,0.0
141.03384890996034,183752.30819391552,30680.225790695375,2,1,3,0,7,1.166384692688354,0.0
4575.77909247447,63677.713020984855,14924.219809161794,9,0,1,0,13,1.5014484533911008,1.0
632.8678603061986,34387.218592509285,8799.64327593067,2,1,2,1,5,0.9665639511106436,0.0
2903.756553795555,33447.59554046139,52354.25849179456,6,0,2,2,4,0.6479642018074514,1.0
1406.5733424016696,135793.6105972249,65780.90876681462,4,1,2,1,22,2.493135373135171,0.0
2793.1811124531773,142484.76032198017,60952.25262243975,6,0,4,0,6,1.9245568307148422,0.0
3274.530922341728,82877.08985968726,65912.0629529068,2,0,0,2,5,1.735270291915259,1.0
4157.221928350648,84401.86817200077,54270.95389245654,2,0,0,1,22,1.0349689381849103,1.0
1071.785295214986,87713.96556019026,59621.58977969357,7,0,3,1,5,1.881052633397447,0.0
104.42935185947837,145626.95294900937,23926.965614039204,3,0,1,0,7,1.5041140157978932,0.0
727.583868840596,39882.74447456086,79461.61879388065,3,1,5,0,5,1.7654707003627346,1.0
4505.09227714812,187949.77995752534,17103.755396029308,7,0,1,0,4,0.7269780811872368,1.0
4375.75588393445,67828.5775101659,19516.02832798245,8,0,1,2,9,2.807019261789799,1.0
3007.194855743026,199944.44489115567,25246.981049820206,7,1,2,0,5,2.4104383035309613,0.0
3022.558459146584,59158.857943821786,78100.59711820657,3,0,1,1,22,2.352980917392458,1.0
3341.9315390039646,161162.89774310417,79098.22138025076,3,1,1,0,2,1.954446143146218,0.0
918.0878291860755,67980.13263803626,64206.81872740031,7,0,4,0,17,1.0691383037189277,1.0
4576.3391323285505,43743.95627935317,51437.4350890918,3,0,0,0,19,0.7589691649031625,1.0
2122.914098215762,178738.6651396103,43044.81828921523,2,0,2,0,7,1.4035009501067235,1.0
1946.5357148350124,175987.71406245162,77737.80511788712,7,0,1,0,17,1.532010339115461,0.0
2618.6426411500456,98606.96671643223,56562.95582008506,3,1,1,0,17,2.402573541337314,0.0
282.4815355365225,149407.34423187256,75744.21988110432,5,1,1,0,16,0.8703264508296611,0.0
873.1026753425931,124701.20855626592,27374.41155977704,7,0,1,0,8,2.5421014408446907,1.0
3703.2664013105336,175002.5393245373,28700.659004756555,2,0,0,1,19,1.6072291487910362,0.0
459.853406229376,83559.51478417125,68813.79374711955,8,0,5,0,18,2.499894807556809,1.0
3035.6029418586218,119024.30799982748,14538.828885067667,2,0,2,0,24,1.7368004093893243,0.0
1264.4780929225387,112513.30310477357,75836.44531979783,4,0,3,1,13,0.628844464084916,1.0
1977.0132895077838,90163.99046366598,42075.525309082375,4,0,0,0,14,2.020189336694914,0.0
1479.0339970149644,181547.36097458328,74333.86865094473,8,0,0,2,18,1.567997959782974,0.0
1810.5799465014982,58199.24719263103,28933.044731887607,1,0,2,0,13,1.6482579461777846,0.0
3609.277230662015,55416.46871851834,58128.83561873357,9,0,3,2,10,2.4564689558158856,1.0
1520.7524923347164,128074.62100486773,40181.3843918971,6,0,1,0,14,1.0564363037610072,0.0
2853.702969469641,141774.01909744012,51263.87952890142,4,0,1,0,23,0.5641216791162782,1.0
2406.449490885543,63085.27323517608,41836.68197171472,6,0,1,1,23,1.215380670098229,0.0
3335.172268545108,96421.9651832861,77467.90253759483,6,0,1,0,10,0.8877759801157238,1.0
4687.307209657552,190915.85330638645,56292.11563167163,9,0,3,1,6,1.3595385209888708,1.0
3676.231881190739,71924.96185741457,22351.56058422629,4,0,1,0,17,1.0200517554028437,0.0
1113.954874024246,143621.319359957,73045.12298669151,8,1,1,0,17,0.7425760616916137,1.0
204.35651855335914,155825.39692859043,25640.289837943037,1,0,2,2,11,2.568930715669974,1.0
1348.207019284134,106181.87890907712,31613.592646165933,6,0,0,0,19,1.023594144608763,1.0
2995.6357569662614,189379.41774912912,10863.524747556428,5,0,3,0,13,1.4095198663498625,0.0
304.5577767470392,155231.6449871944,72297.4220243067,3,0,4,0,12,0.504683983587026,1.0
2507.01292364612,107847.17857635263,25030.62578854545,4,0,0,1,12,2.429258682936359,0.0
3004.372102138602,126786.98430193598,22936.65658071644,8,0,2,0,4,1.6581949721501206,0.0
1704.507259543956,147744.28538226712,73860.22004561145,10,0,2,1,16,2.6616932631502683,1.0
3866.0154085418185,130672.3306729671,65025.568405187565,2,0,0,0,23,0.6320715318992347,1.0
577.6613530121705,179378.5892504329,13863.076956991828,8,0,2,2,1,0.9095332391979967,0.0
421.93201959225337,90671.0725876682,62237.986800583414,7,0,2,1,20,1.144234171648734,0.0
3654.5343432078366,80980.57580948684,73303.54855014189,1,0,2,0,22,2.7203965672181845,1.0
2502.6820152206824,66352.61121419494,9045.363802227283,2,0,3,1,14,1.3851023908698012,0.0
3457.5918623172934,36423.10457098117,66541.55460765213,7,0,1,1,13,0.9672418132245787,1.0
2202.3953260885437,37312.373944609404,45151.34399422531,3,0,2,1,22,2.5036678655345654,1.0
1269.6900645335786,177909.3828285781,54528.203602167654,2,0,3,0,7,1.2558092267654275,0.0
4104.556472487289,145326.83488900424,40949.784095680145,1,0,1,0,6,1.374069954846781,1.0
4007.108600896447,142290.51062420264,56730.83753770646,7,0,5,0,1,2.136545242643408,1.0
3488.7475307294126,134489.27921893063,5625.535348339998,3,0,1,0,19,1.459542140156494,0.0
1397.1184292883154,174367.25459799782,61728.41768819284,6,0,3,1,1,0.5411729335383215,1.0
2971.641801001981,111645.37736315667,5567.464735139798,10,0,3,1,22,2.9728896484417167,1.0
1836.8207898531327,177969.84085491105,38058.088276545444,8,0,2,0,23,1.096642390676763,0.0
503.33126296683906,91105.65445098066,14624.304471032705,6,0,1,1,15,1.1109074687603133,1.0
4590.702198538102,187540.2757376454,66415.21935605066,7,0,1,0,12,0.8348477962903094,1.0
727.2522230488589,148771.68661381083,27151.89000652648,6,0,1,0,15,0.894913645378909,0.0
4753.674901412972,73720.11312415265,37965.202934533605,7,0,2,1,3,1.7549284830576588,1.0
2257.7285761418807,125894.43668706626,36013.80707996999,5,0,1,1,10,2.8493544833669215,1.0
966.4079977511673,120615.19545300344,62482.6513577224,9,1,2,1,1,2.243001126904515,1.0
2732.4096895228727,53442.79969415677,40048.11570429011,3,1,1,1,1,2.1439461429197424,1.0
4371.081887588221,130511.2939776044,63749.79179579665,6,0,0,0,23,1.4037111098022543,1.0
3674.513187727328,83513.55603188285,8660.137313805993,9,0,1,0,21,2.532760104606382,1.0
4042.477681914176,38899.29035763242,17752.735528530622,1,1,2,1,16,1.6833830984055485,1.0
3310.977665218051,191271.54681011604,45468.13722276977,5,0,3,0,5,1.6438019791748808,0.0
3476.7689943633695,139053.36274092895,75925.80100595752,4,0,0,1,5,2.9862737372222194,1.0
4253.51847524833,179076.21841804398,8756.354197577086,9,0,1,0,11,2.022363127591425,1.0
1285.8566438529704,144929.52085225302,6317.484644078551,1,0,5,1,11,2.670453104147765,1.0
2472.6535700335453,90687.2276638192,15054.401969444887,4,0,1,1,12,1.811423674966044,0.0
1144.986737007031,117156.97229589794,52368.79092223205,1,0,3,1,21,0.9043236880489465,0.0
4938.956639583403,144876.9492590201,33722.45458360903,3,0,2,1,18,2.968149939363734,1.0
4723.0937314487355,193242.89528424438,66567.53321516185,4,0,1,0,14,2.139177991816072,1.0
245.16271627410418,73123.8080506884,8538.852664065167,1,1,2,0,1,0.8717138846777637,0.0
3542.597103952658,178746.0999661,18123.88468473198,5,0,5,2,21,2.35012494493683,0.0
4629.979171207546,187093.2269000258,26102.033220796966,6,0,4,0,8,1.5978896729187262,1.0
943.847958380301,143970.6374920226,51258.21667503646,1,0,2,1,3,2.5559718409461607,1.0
2861.328891235516,188315.32665822742,55758.29715321914,10,0,2,0,18,1.1926870121736526,0.0
4581.6670730608075,97639.35987115264,12563.653635210585,10,0,1,1,21,2.8558011395830145,1.0
218.03259399970426,192012.74992687526,75672.96259236394,4,0,1,0,23,1.2430971482430295,0.0
3502.2303228718574,149473.08911821572,29260.398409646106,4,0,1,1,20,2.993182414297839,1.0
1521.8775864941263,37140.98046119802,57913.9947510218,1,1,4,0,2,2.250435291389939,1.0
4625.761167113826,184168.38140923897,43363.99435897281,2,0,1,0,9,2.928223499819972,1.0
4856.73831356857,112360.37753564274,20152.37474312721,10,0,1,0,22,2.310402061288398,1.0
4724.119121111498,108255.58741223159,68159.58087988665,5,1,2,1,19,2.385400356850586,1.0
2397.3603724544455,126299.32301653783,66004.32817077861,2,0,2,2,12,0.8034456804342442,0.0
4317.111122397101,55395.372951108744,33497.53275158514,3,0,0,0,11,0.5375220563285892,1.0
4230.519522748598,109758.22825645776,48322.78409842687,9,1,1,0,1,0.7160069277860432,1.0
1629.5473425541154,171291.62684201676,22852.57858706736,5,0,2,0,16,1.5931866205556457,0.0
4153.131597045853,32632.018053377607,56118.57541346521,1,0,3,1,1,1.505199636080273,1.0
233.18779184168847,76395.91725514311,26795.06457177322,5,0,2,2,24,0.9596147890327527,0.0
3001.5358984861628,30417.27969545352,67994.06254743208,3,0,1,0,20,0.6086472204463427,1.0
1188.5437445741302,100670.92255547422,19738.653029350124,1,0,2,1,9,2.230237720788344,0.0
646.8060845975301,153813.6367839349,4139.863557021739,3,0,2,0,5,0.9946320627406129,0.0
430.9183480645853,165791.21094948685,23675.11923152972,6,0,1,0,5,2.9463960913117693,1.0
3496.629440596792,190682.25939159113,17711.041457380474,10,1,1,0,8,0.7586137605760266,1.0
1732.3810706519273,133445.7842050337,42138.05585881917,5,0,3,2,23,1.4089007993961584,0.0
3637.5955190673694,73286.56733099223,18685.153457556375,1,0,2,1,24,1.6973121835872491,0.0
373.51388695476476,187105.15135323882,61765.6200454011,2,0,1,0,14,1.046235505967518,0.0
1610.6871722615213,161803.67815966395,21585.539126308304,5,1,1,2,4,1.7583538787781792,0.0
2720.481897257919,127652.84211053458,57436.54985327449,9,0,3,0,12,0.8111898845223593,0.0
3964.0796659528696,148258.8366722191,47542.26107205675,5,0,2,0,2,0.5041024588271308,1.0
1627.824889513746,187133.78035126295,78941.2389483351,5,0,4,1,6,2.2455060457483365,0.0
3148.162313363195,151106.98484039668,79992.37522971083,1,1,2,2,14,2.5863707483025222,1.0
4435.589853769126,92623.66628940478,69953.50841543441,5,0,0,0,13,1.9367351111688753,1.0
3098.5227815024077,151214.79438914644,61518.719436003834,8,0,3,1,23,1.0712539073228369,0.0
1203.1494000304872,36847.28766501594,32757.14387804418,9,0,1,2,22,1.4864069313437884,1.0
170.7838687048632,95690.6455111988,61002.30798911038,10,0,1,0,3,2.065738468773773,0.0
4356.989425809603,99074.91541374847,76664.01635512078,3,1,1,0,19,0.5813752391171516,1.0
155.28358370941635,58362.4998515419,4800.0733054492,4,1,1,0,5,0.7355614299365666,1.0
4379.7732797867875,33924.53169380093,44419.43191522589,7,0,3,1,23,2.895489584226933,1.0
2668.2388134346993,52674.810228416274,19785.869437909463,7,0,2,1,18,2.196331051870368,0.0
4698.385107638836,141285.65428549936,45956.476321901486,1,0,1,0,12,2.2424936497854353,1.0
4003.9770170796437,166389.09878182688,38916.42591143462,6,0,2,0,11,0.7562584792345588,1.0
4989.773847140021,197994.5937635856,47334.1807795259,9,0,2,1,4,1.0823723226731758,1.0
1786.0234864859653,88881.79552844402,45424.09104924176,5,1,4,1,12,1.4778671357363444,0.0
3847.5820302090783,131894.4677843873,76928.24201597927,8,0,4,1,24,1.0130866162143395,0.0
2039.5580223657487,189314.64435857072,45518.330387974675,10,0,0,0,19,2.523650527575506,1.0
2425.3843205043486,58397.10282748594,68159.87078561478,9,1,4,0,7,2.016110953360485,1.0
3156.152042930932,151999.74967826623,27626.162083665182,10,0,0,0,10,0.9920773171450277,0.0
4374.701715222377,158346.38463535774,36733.75303691076,10,0,1,1,19,2.4272693329344817,1.0
4921.213172536511,45125.841097787525,39221.83765545036,3,0,1,1,24,1.8518002405517946,1.0
3852.953398629365,176412.39548112106,24462.059336824237,1,0,1,1,23,1.0196285069885938,0.0
2117.945571728302,168227.85800884347,32243.850133802553,2,0,3,0,1,2.6071337903690806,1.0
2135.7171612714974,35678.51111816386,49085.50711894169,5,1,2,1,16,1.0249107940315816,1.0
3701.0323928650128,45484.35052960875,47674.457774448994,10,0,2,1,4,2.2265699626504665,1.0
1231.9468715530966,38351.57196161489,52005.521532157996,7,1,4,1,23,1.499773647722728,1.0
596.8468600004036,86906.40040589159,30089.97948735086,6,0,1,2,12,2.3736521824077066,0.0
1805.3796803218438,116579.12841558745,27319.025126785396,4,0,0,0,13,1.5586532946023959,0.0
1471.8330086877045,120499.1137522869,50094.57697207056,9,0,2,0,21,1.2165431328862808,0.0
1516.7251962571509,75503.34916080526,13230.354628919422,4,0,4,0,3,2.9025135553236003,1.0
1206.3583676970543,184971.4707152466,22483.42885197478,3,0,5,1,16,2.3968058552392932,0.0
258.3612886999913,92604.67427822524,6243.835745380631,5,1,1,0,2,2.569121207743019,1.0
138.47597693039836,37743.52651410992,8591.035649898171,4,0,3,0,9,1.282221793839425,0.0
4939.225829193356,81038.60896203568,21740.512503066882,2,0,3,1,6,1.369876029303572,1.0
2167.477011992519,120288.60183250644,4503.754582862765,3,0,1,1,10,0.932013161518866,0.0
1952.4169034404242,99397.70983999944,21896.61559073454,7,0,2,0,17,1.6168626568034785,0.0
3414.2540493306956,76553.22824687406,53433.176875776,2,1,1,2,5,2.9924120106767162,1.0
1130.3567449320676,52324.952459933964,7705.245042107844,1,1,2,1,12,1.9737173052157424,0.0
4752.307860553616,169257.96501635906,36628.72419018736,2,0,4,0,23,2.3106245870623656,1.0
3942.407821356983,199344.69116111263,73309.3765928053,8,0,3,2,8,2.3437321956675623,0.0
492.5844614456846,86022.16269905996,63928.931827255874,8,0,2,0,21,1.0069892005582592,1.0
2117.0248401353956,94875.57751002267,26518.687676704005,10,0,3,1,12,0.6400688078030549,1.0
4401.6356224327155,135066.3791950827,74210.02189775681,2,0,1,1,12,0.8039853662568343,1.0
4726.423510342481,152135.05070504203,28382.78024957481,6,0,1,0,10,2.2992282222723466,1.0
2363.6374806868553,96645.02091661052,8583.693217992311,7,0,1,1,13,1.639480447344299,0.0
3086.386376593003,183838.01788690858,79542.30867114474,1,0,3,2,1,2.7616991378387947,1.0
876.8180331557724,125200.67816891613,69991.73459356622,7,1,4,0,2,1.4162561114092247,0.0
4956.284699378034,106566.31298900826,38876.82431418411,8,0,2,0,20,0.7566794360988836,1.0
1196.7749218480449,139934.3680371839,54310.9923628151,9,0,5,0,15,2.9211709504306476,1.0
4716.5222819688715,191976.65420235944,54684.5619949636,8,0,3,0,10,1.5017650150679993,1.0
3265.7509125122237,165073.89005168993,17975.131766245446,3,1,2,0,1,2.6205012904662506,1.0
3058.2971346503527,36802.23219097114,18403.744752829687,8,1,2,0,20,0.6151188306168396,1.0
2587.8081295317174,86492.68482579314,39157.71415809059,3,1,3,2,22,1.3983663146123875,0.0
1191.8155680029056,109992.59644170786,73191.13179060274,6,0,0,1,22,1.9859683299049233,0.0
923.813758427266,83467.9872755479,3769.5206641099503,4,0,1,0,18,1.8102348474907521,0.0
1141.406734897368,149031.8853411776,63252.93396810067,7,0,1,2,1,2.3192419508602953,0.0
972.8693976140598,170465.7554766388,7429.562346028369,8,0,4,1,12,2.707608028273859,1.0
3908.943144155429,154328.66618149617,39823.102846000074,10,1,4,0,8,2.396500252461101,1.0
1783.1200328753139,198186.6587608068,52116.208146657686,6,0,1,1,9,1.2752886972251816,1.0
336.32124898881204,76333.10014181494,55880.46356534979,10,0,4,1,23,2.923346318859422,1.0
4847.058019197016,178748.21415415165,7502.903298425176,4,0,2,1,20,2.79767189256222,1.0
4424.740130568957,160325.85307966266,35232.478538565556,8,0,2,0,2,2.0750907746494227,1.0
4642.373801816304,91570.38878488484,47955.469058678995,7,1,3,0,16,1.7749450596848124,1.0
4974.793722099855,154801.17242168466,8085.506372562533,10,0,2,0,23,1.7910504180015274,1.0
910.7814836364621,47692.91259110198,13402.280857838852,8,0,2,0,22,2.3379977099139038,0.0
2011.397993568161,164186.6919978939,54100.972191810964,10,0,0,0,14,1.7085615783478594,0.0
3803.280454735252,120496.20243980744,43166.14113748018,7,0,0,0,23,2.966155572882562,1.0
3495.3020593662714,79689.32936057303,15460.806917658372,3,0,2,0,1,2.276242523059432,0.0
811.7847363822825,141482.14130331064,44213.428942434475,3,0,0,2,14,1.0954313840299852,0.0
4088.373968703558,139075.39978144952,73277.31275522002,9,0,3,1,20,2.1461949419651707,1.0
1160.9808305914703,65612.65786233195,4200.244027703022,7,1,2,0,17,1.711089898021249,0.0
1157.8971933719843,35167.56051795944,52482.8005584108,1,0,2,2,23,0.8996380405278608,1.0
2708.023393322397,103715.83977328456,8671.083464611329,3,0,3,2,6,1.7970912278467905,0.0
2985.0526774664304,126817.0177885516,3496.6071082819653,1,1,5,0,8,2.6474591177021525,1.0
2921.426728797165,179022.89732300173,14600.395626868803,6,0,1,1,18,0.5615787645323898,1.0
502.8598451188866,187796.85526009105,35563.81065275178,2,0,2,1,8,2.6281080898587543,1.0
4393.431270020383,119896.88708665028,64780.48792161038,7,0,3,0,8,2.2128971177542014,1.0
1364.720210814095,158146.59224065265,24697.483238551016,8,0,0,0,2,2.3141549573746,0.0
691.0988603498806,104681.55629575948,51176.83735393441,6,1,1,0,16,2.73157798843375,1.0
4449.302995351437,156833.9666173918,34659.06112255862,5,0,2,0,13,2.8592968683851097,1.0
4780.474916237279,64816.25923965838,21043.547981382613,10,0,2,2,14,1.237850100347349,1.0
4317.531705463981,93081.00491660033,42597.02779978012,4,0,0,1,7,2.797818529366224,1.0
4057.1045698881467,137818.7597983145,64404.76575869199,9,0,2,0,3,1.0413508740005903,1.0
3293.4478041631573,33086.8541532034,67101.9124943231,8,0,2,1,21,0.8609379257289314,1.0
2776.7439845152394,152818.42275762217,68182.00395454722,5,1,2,0,8,1.887105400101297,0.0
480.58446156148017,172041.03521558834,29068.951566733416,1,1,3,0,1,2.8191416070566793,1.0
2071.8434046999587,97854.08238597175,64096.11698311298,8,0,3,0,17,0.6359691670519059,1.0
1894.8081592109543,106150.21092011794,19337.741043385904,8,0,2,0,8,1.8200601558232392,0.0
1335.7812296136146,174717.97607681027,59858.73279570202,7,0,2,0,6,2.196270337393725,0.0
3630.9295627584956,161861.28800542568,76025.60082299149,7,0,3,1,19,2.363558494677974,0.0
2504.5848886399153,78985.41313567375,4058.2752712037036,8,0,2,0,11,1.7597969836427227,0.0
451.1787687428573,85075.93811546163,36908.02270076745,1,0,4,1,8,1.937263841043981,0.0
1139.906849651566,145409.2995064014,52878.366107878355,3,0,2,0,8,1.6342014265548237,0.0
3432.130880115,125743.67571618741,57036.734327541584,4,0,2,1,10,2.308150333348735,0.0
426.8477544769859,57579.02708640448,16558.75738672857,6,0,1,2,10,1.4481058872935375,0.0
4263.474224541405,82688.0845689583,77858.11219337165,10,0,3,0,22,1.2009779190037682,1.0
2500.975308719173,182997.1570693712,50375.43333376492,10,1,2,1,23,1.156917353091807,1.0
2428.9035577669074,146989.65424278477,15654.226294576618,9,0,3,1,13,2.1334637276523125,0.0
2982.4185340646122,197615.6340065383,4580.2334018636775,4,0,2,0,22,2.811469739836348,1.0
4132.170781329489,160392.1300967308,63311.34330681275,6,0,0,0,3,1.1841104931546715,1.0
1771.6555791158555,190135.65346441034,9137.26493730035,9,0,2,1,17,1.1245838573801321,0.0
3406.179955167365,66752.05755798082,13860.920922408213,9,0,1,0,21,2.2891551289527103,0.0
2850.3732217791658,161152.42871887737,47261.91206788818,6,0,1,0,22,0.5228508613195286,1.0
1371.7899373386356,33436.97842512556,49469.92376562072,5,0,1,1,15,2.585564007915033,1.0
4399.218432458032,144029.20369096077,55890.308131614685,3,0,1,2,6,1.448205162187281,1.0
3997.258806954294,109777.98728044103,33300.5789750988,5,0,1,0,17,2.7541978104211777,1.0
3309.336581559206,88949.21222641168,62590.19751044537,3,0,3,1,24,2.271401879729158,1.0
4260.379559016497,176608.73988982514,78025.61217042342,5,0,3,2,1,2.4818296773904946,1.0
4343.106294751022,175225.5077517802,23874.310617150993,10,1,1,0,3,0.9279996029276003,1.0
3556.3967347394223,33791.289832769406,57133.20347342183,10,0,2,1,8,1.410452948952927,1.0
4193.215975400177,133615.87081640327,74492.08623442707,1,0,2,0,8,1.2014265958026296,1.0
3502.483735262954,92531.47813456258,55844.080721512284,6,0,1,1,11,2.287755481167624,0.0
3416.696820213487,100662.37025507636,55445.431395607986,7,0,1,0,16,0.5568593480545663,1.0
3112.1263221651625,171446.9256671919,20230.48781956091,2,1,1,0,1,2.0480689674932866,0.0
3775.9473658103243,82672.7611597053,44205.02542461635,3,0,4,1,11,2.6702592831023506,1.0
835.0952712007148,190318.29780839544,46314.25895755267,10,0,3,1,17,0.6092879178065884,1.0
4410.310258034696,60537.750483263924,56909.976309108366,9,0,2,0,13,1.2267354449446963,1.0
4365.625462338899,142662.81197259022,79755.25164200606,8,0,3,1,24,1.0198720965965453,1.0
194.77405102106778,144257.86139233998,5590.57433586968,4,1,2,2,2,2.995240184023748,1.0
4137.792915295575,72873.17744274609,8022.914917596487,8,0,0,2,5,2.9640608405908973,1.0
687.9058439935537,85207.60352442434,9002.155346180745,8,0,3,1,24,0.810804658482835,0.0
1708.8383285827524,171915.74373858987,60209.39335564967,6,0,1,2,21,0.9869257144097563,0.0
3730.3658686434583,159506.8933423419,13499.242223528328,1,0,3,2,12,0.5574071829629084,1.0
845.7614854391256,85946.29965350912,50928.79433575658,2,0,2,1,15,1.9155752718117365,0.0
4098.936769389358,120772.61297893876,27999.5035977963,4,0,2,2,7,2.2146086157938543,1.0
4169.064180890822,40485.65036302623,38213.63662822475,4,1,2,1,6,2.136270138232265,1.0
2561.9652821161394,65486.80000776697,19606.063305940872,2,0,3,1,5,1.1499853281905303,0.0
81.61006499832622,112589.49500626784,69690.20522044974,9,0,0,1,15,1.0082470543173392,0.0
1470.8387592158183,44615.53499746597,48133.57496055303,2,0,0,0,3,0.6393509014120522,1.0
3103.788245959924,173366.50033162936,75731.37129583345,6,0,4,0,22,2.081652922774518,0.0
4906.871581235746,152061.05571830014,47243.91122723337,5,1,3,1,9,1.1137507329772405,1.0
3177.4769587325086,190417.72401024413,12540.918355964894,4,0,3,1,23,0.7217930947399843,1.0
1336.0277262675909,147889.37401388463,16157.02340556261,6,0,2,1,17,1.3862809081834555,0.0
3188.328230343076,189868.23328457156,79158.69618032423,4,0,2,2,21,0.8711716285345132,0.0
2722.9276295934847,124267.13446746406,58868.52019447682,9,0,2,0,23,1.7656083472048891,0.0
3910.2347059981607,132037.1638805348,6794.463752239903,10,0,1,0,14,0.8727958720056754,0.0
579.5541621934441,196085.07928646434,57191.13738766919,7,0,3,1,7,2.9714609853736533,1.0
3817.0881173850385,139161.95496692427,34737.3246043401,3,0,3,0,15,1.3389152245899707,0.0
2729.269564446746,35233.71670632692,26655.04578538567,10,1,4,1,7,1.6872334883767057,1.0
4816.810419102024,153046.47202718895,14862.681117251139,4,0,2,1,13,1.9915940127347884,1.0
1742.267221891496,183929.67766336066,67672.60450085555,1,0,2,1,14,2.6265776818520394,1.0
3181.478371013043,165248.64246503552,7915.786182160754,6,0,3,0,22,2.8699124100371125,1.0
4663.539122274587,129251.65634632185,25317.330603232305,2,0,3,0,11,1.417407578525564,1.0
557.4231535538623,144121.59722589777,26591.482824579238,4,0,4,0,18,1.558841673551987,0.0
4689.281011820433,198332.6041727842,15389.706865189526,5,0,2,1,13,0.8774054676517952,1.0
3455.034325389026,45412.55504658751,42130.23601308901,8,0,4,0,12,0.9741220322983788,1.0
385.7934425706009,143431.62086765072,3901.102264438732,3,0,0,1,2,2.3055442920781157,0.0
1539.7696563867405,78177.60807700094,26175.114686601504,6,0,2,0,10,1.5881931821580912,0.0
3555.451838794144,138815.36741964892,74889.46719054593,1,0,0,1,22,2.605670291322657,1.0
383.3854772704199,133296.0079002696,26910.776839334438,9,0,3,2,11,1.8228645508225392,0.0
2931.7437778725525,56087.66145838755,30755.372807219876,1,0,2,0,16,1.206755351411603,0.0
1762.121131917136,65146.929775840654,39433.70871402351,2,0,0,1,17,2.1982708168205165,0.0
3123.5318129490115,135677.0282673463,46250.389863563556,1,0,2,0,14,1.6819107540884757,0.0
276.4230673719386,51799.0910416416,65270.565651197285,8,0,1,1,22,2.725557671976638,1.0
4364.107190454262,75080.74877215488,17654.73418301336,4,0,1,0,21,1.4296116708823798,1.0
4868.770397428115,171991.7431154604,70124.47104382691,2,0,1,1,13,1.1367016784349055,1.0
4845.945383664173,85605.55602027857,61331.30050007948,7,0,2,0,17,1.5985972497289733,1.0
3760.7765671274774,112970.22656584269,58644.07576893976,8,0,1,2,5,2.622633603191258,1.0
693.9268886466283,189993.85697479284,9683.952176026913,9,0,1,0,4,2.561017364370782,1.0
3803.4028198486617,68615.34510228087,4666.33312804302,5,0,1,2,11,2.733682834867828,1.0
171.70523647106748,96236.42295086177,48738.97796992247,3,0,0,0,17,2.624106209556712,1.0
159.5115800685364,133097.82184240274,69461.31511428341,1,0,1,0,3,1.3253422126257113,0.0
1651.8705847902293,158407.61801567528,48001.992738828965,8,0,2,1,2,1.98058224103421,0.0
2468.7837925030954,183281.07574115988,19419.084639305875,6,0,2,2,1,2.4867550687230517,0.0
3863.5167181485763,185630.40788749757,9970.032142089418,5,0,5,1,18,2.597778849835282,1.0
3432.3121142022005,162028.8126433459,56868.926866965594,7,0,1,0,16,1.5043912187791935,0.0
2257.218396564904,68816.24222086277,58576.311353471334,5,0,4,2,11,1.7839805480085267,1.0
1404.4519980942462,34217.58610723619,16284.940952907367,4,0,1,1,7,1.2266713010504142,0.0
4985.76627578067,95241.56816045605,5170.654293233293,5,0,1,0,5,2.244583433634007,1.0
2159.597446068066,54063.304667929966,34437.830518186165,7,0,1,1,18,2.1796513645630187,0.0
2284.3657704318935,150765.90006451067,47869.3400642427,6,0,1,1,4,1.9759767299189512,0.0
859.9379148987624,142392.19976037185,57362.18553667372,10,0,2,1,22,2.068284591519773,0.0
3984.30726631215,37475.17907564732,65365.76570477351,10,0,3,1,8,2.7466325395814604,1.0
3483.727017618369,172220.9424522617,50011.38190261839,9,0,4,2,22,2.550129644840006,1.0
1142.809583304364,72286.35526950099,11537.806862083347,10,1,5,1,6,0.8120482184162785,1.0
457.78617579842137,103478.60283347718,55558.78875496594,2,0,3,1,22,2.1068506679794488,0.0
3418.4715452698297,143548.7350274762,78781.60150290592,7,0,2,0,21,0.9039818153273794,0.0
3289.8305106916196,103001.19376488306,72730.0130140001,1,0,2,1,21,0.8709908522661745,1.0
1402.6346586411362,105018.92647599037,70118.50601375247,8,1,4,2,22,1.623074850119721,1.0
4756.774633139531,41156.75920707586,26267.101808592244,4,0,3,0,22,1.7138668477264722,1.0
797.7365643154561,98245.40337420064,60810.68958695805,8,0,1,1,1,0.7602673057147022,1.0
2190.0572651608795,160024.1418473972,68534.9653393162,8,0,2,1,7,1.7795282072330514,0.0
4720.898804829614,185579.9773217216,55231.11775660726,4,0,2,1,6,0.9412429120107342,1.0
2127.6502187843053,100294.51330077321,22293.2552557345,4,0,2,2,22,1.8766095544133827,0.0
3210.7034409372236,102009.5905694434,76445.21583437179,5,0,4,0,1,2.5802653303995937,1.0
2018.0922699158316,149446.60807502086,37713.09468231804,7,0,2,1,7,0.7148739723524338,1.0
1407.3652516259167,190271.24018789703,12995.028017272713,6,0,4,0,14,1.4981306251758895,0.0
4920.68935740115,75400.35984069124,11452.897919419183,1,0,4,2,6,1.0842689212462342,1.0
2076.203331259463,104824.51511144926,52858.96202202653,6,0,1,0,10,1.9366288031886143,0.0
4475.791058211716,165315.4514038912,36703.64277408891,3,0,0,2,18,2.733797519583435,1.0
1188.2752991608766,133647.90679358656,10275.2583887802,9,0,1,0,16,0.9931808814164527,1.0
1104.8682849241623,48799.67847387231,60008.072056019286,3,1,4,0,12,2.190761737948282,1.0
204.11371027833124,136714.56504558516,64548.03787891372,9,0,1,0,11,0.7327347697219739,1.0
3275.750785610631,61746.86838154557,58857.00357055675,5,0,2,1,24,1.8644914525565088,1.0
1874.2054014326177,116736.70879332871,18574.087581668995,10,0,2,0,8,2.1901871170257285,0.0
4328.573336706203,119947.55550227454,56112.71011169734,8,0,3,0,15,2.1772369797061293,1.0
2392.389038123208,178954.5715782474,3825.655822867652,9,0,1,1,23,2.345612445574717,0.0
4842.557468177873,108624.02658211449,26493.634755237512,9,0,1,2,12,1.5434344990199866,1.0
968.3513027304497,77505.21178010202,33709.25791838087,7,0,1,2,23,2.400065312401639,0.0
4349.684681380273,69264.27919672537,67314.01506418362,10,0,2,0,7,1.6822361327081405,1.0
3894.1544213191214,178622.81903633714,33060.36672634413,1,0,1,1,16,1.3072971749273306,0.0
3866.0631309880573,59071.84525109883,3867.7473565836685,8,1,3,1,4,1.3048878670734898,1.0
4231.676979178594,102397.65535013443,30130.673710756724,7,1,1,1,1,0.939177882357866,1.0
3817.0687551678443,61819.42953758099,41417.15557366511,4,0,2,0,1,2.301441128544979,0.0
3149.790592075506,161461.6868194438,76073.36857380356,6,0,4,1,21,0.8940683552273871,0.0
699.6621445278184,110643.34879568523,75459.64139179495,10,0,2,1,15,2.090531968230856,1.0
211.004588481697,89694.42739465805,16927.300943048693,2,0,1,0,14,2.163403346753147,0.0
4608.19684668765,91386.93890649936,17256.28371393777,4,0,3,0,15,1.2165872831511781,1.0
3102.4190568776535,174876.4151429065,15580.372147770388,8,1,0,0,2,1.7215733431378395,1.0
3992.859590332073,124141.57223005447,63746.98879588595,4,0,1,2,16,2.177306945582752,0.0
2433.535639987123,152037.5346923148,3463.69710836729,10,0,1,2,5,0.5004378732165125,1.0
630.6755353638526,182496.54776261636,12792.644260774556,4,0,1,0,11,1.1868497851037378,0.0
669.6696714026247,183296.08492690916,44422.891636595625,4,0,2,1,11,1.449094776903836,0.0
3443.548171783408,85846.53923743674,22062.279150280945,10,0,2,0,1,2.8271326229346085,1.0
2180.01417975234,191916.7147348855,10111.44728442318,9,0,2,1,2,1.6605919610181858,0.0
1042.5973971666667,34228.89994248292,30710.60694970524,2,0,1,0,1,1.7674576511940732,1.0
2483.3930063701127,94062.04537274817,24113.985589638847,7,1,2,0,3,2.1603077915528175,0.0
367.83423852191373,182285.80577650308,42355.031601599905,3,1,1,2,20,1.6287200278788876,0.0
2930.758439476274,76688.2695688871,78400.98672492508,4,0,1,1,1,1.5809614239469965,1.0
1381.5173519537334,76423.84655462412,12571.457034748719,1,0,1,0,17,2.9359464725585327,1.0
3997.9175481540815,81445.78846392108,31699.956272225263,3,0,2,0,2,2.5308023940824027,1.0
1586.29169667169,134093.27542397677,74762.84637618055,2,0,2,2,14,2.2544059147710205,0.0
2303.339737954916,104516.57185444015,70519.22434902434,10,0,1,0,20,1.7013441497523478,0.0
107.52167254509814,153544.92218006824,33358.8696783896,7,0,4,1,2,1.3657752772441603,0.0
408.61209458306644,182134.8092359932,56819.40136801971,6,0,1,0,18,1.9797546240430168,0.0
1992.8431042130899,144613.8937402863,9764.990045763609,1,0,3,0,8,1.6155291179717022,0.0
2425.6972318497615,64759.34243358784,57865.661276858365,8,0,0,1,8,1.6664743855570214,1.0
3020.1017131905533,188555.92340128537,77910.04517032509,9,0,2,2,7,1.0540070779432833,1.0
1493.729764611051,74963.78846907135,44386.587768232755,1,1,2,0,11,2.478185411938145,0.0
3490.1603363263857,55482.03020578688,41383.747481649894,5,1,2,0,20,2.477691564687171,1.0
4307.605866086563,45294.43740636335,17423.533717047096,7,0,1,1,7,1.252307171348792,1.0
3910.2623950220814,125775.23591324815,51801.69131586148,2,0,2,1,22,1.2228031841265372,0.0
246.11318547436787,49339.618621710804,48463.670619976445,6,0,3,1,7,1.1951265264807849,1.0
2428.5093889262535,53591.90029914723,53198.84557963279,8,0,3,0,17,0.9066191579574757,1.0
569.4043831699656,81005.18170123443,5008.4130747235795,8,0,1,0,15,2.645553711158264,1.0
1248.122828519511,77881.01164635885,45251.708602878665,10,0,1,0,21,1.1639550556892555,0.0
4933.979836672375,132720.7167564642,48809.98294929772,10,0,0,1,21,2.2466392092769443,1.0
755.3529373624905,168846.69751035585,18979.82042678577,8,0,0,0,7,0.7491532304975408,1.0
2519.4963595842123,159429.4415544917,19041.630026617277,6,0,1,1,20,2.3384543036735446,0.0
3109.8708848746896,74622.35730180105,24268.798975343136,6,0,1,1,17,0.8682654927893045,0.0
3527.201604193315,71702.78465761659,57802.56256299729,3,0,3,1,19,0.8970204551365928,1.0
2820.2609832602247,194184.56011818448,49682.486891992616,2,0,2,2,14,2.578828846152144,1.0
98.36569472495911,31400.16107063322,68123.72375107095,5,0,3,2,20,1.2272983267077575,1.0
1665.9834758077598,179552.4906202367,25765.71003191856,9,0,3,1,5,0.9309655248861735,0.0
2612.6726347543217,63953.84825080884,73229.24061140051,4,0,2,0,12,1.8422318509102016,1.0
484.9391707669251,191038.33492526054,60265.37447271859,5,0,2,0,24,0.6871467566027127,1.0
1785.6033094854447,88192.23842067836,33415.89859105466,6,0,4,1,24,2.2760559951665513,0.0
214.3553885172645,104859.80156185289,10335.179053160105,6,0,2,1,12,2.603362345150355,1.0
438.96356091735265,150210.50437054475,22787.742011536153,4,0,2,0,2,1.121006199400649,0.0
2014.7702171979006,129903.73875045426,76671.15272554348,4,0,4,2,4,2.244996649909692,0.0
706.9429825131488,84049.68605015989,26897.97994307411,8,0,0,0,2,0.6344803844904813,1.0
2859.3271988947126,124151.25569753,28402.373931477963,5,0,2,1,5,1.695057695624574,0.0
3462.8515972294654,154220.17034169065,17598.34769452421,5,0,1,1,20,2.8798700887524142,1.0
4012.90416058996,37196.940803423655,65127.49628768493,9,0,3,1,2,1.8451553761024404,1.0
1040.74370901181,31903.8818934697,24224.605728655355,4,0,3,1,13,1.526955772390087,1.0
879.0387821823953,107871.37964239152,28429.885124401884,7,0,2,0,3,0.514653880399732,1.0
567.6108096552813,52412.225026597414,34904.804349235244,5,0,2,2,15,1.1398116310494064,1.0
3200.329735241002,142938.52954900145,36397.07754264495,9,0,3,2,19,1.571210367266755,0.0
3547.0548461101607,66388.91755866382,34673.24086195667,8,0,2,1,16,1.4435660454844899,0.0
206.3514168869281,103584.68815526407,41788.26454385411,8,0,4,0,14,1.5973946252095907,0.0
4684.250618906264,63604.05926862572,65717.49173046305,10,0,2,0,23,0.5591216688044477,1.0
307.25785407478844,123242.20957735117,66084.9481371357,10,0,4,0,4,1.8281062429931283,0.0
2729.4168597402986,49729.08809537671,64470.11129977771,3,0,2,1,17,1.1283656152195416,1.0
3559.8495712820363,33928.164973871644,10786.612611969538,9,0,2,0,21,1.5015016476558982,1.0
4361.297162543124,38692.37847813852,64575.26785216069,8,0,0,0,22,2.7160408886522447,1.0
3584.7303140555177,192223.93505760268,12259.386558466413,3,0,1,1,22,2.5702681313175852,1.0
4018.5540111954697,54188.65716385909,12603.730294023864,10,0,4,2,12,1.494918186351247,1.0
1730.27845308689,150441.30303326197,75985.43341589198,1,0,2,0,2,0.6351461478876309,1.0
4083.3843130452356,41547.454717880464,66093.63404232668,5,0,2,1,21,2.7222477420816373,1.0
446.568489604142,48387.259879980964,45535.605948836666,4,0,2,1,20,1.4974799307567688,1.0
4479.342447499612,116508.96273958689,70372.70574479538,8,0,1,2,14,1.698867733390432,1.0
2760.5822619609944,109028.05812623842,79181.07747649343,6,0,2,1,21,0.7142379738210337,1.0
4095.623961314344,191768.65260477783,50019.439130646875,10,0,1,1,23,2.2313530424896717,1.0
2288.9755083655855,190622.02701352534,50193.179647576886,5,0,4,1,3,2.2803021847061036,0.0
3235.7095912227987,162533.46923221907,61090.88124531446,9,0,2,2,16,1.5216684799764983,0.0
2655.6931716337604,132357.31112164946,20874.69933213062,6,0,3,2,8,2.722204340912831,1.0
3671.3681326888927,107343.25395681187,15868.61433694755,3,0,2,0,12,0.6215850018485004,1.0
454.0684110514184,90550.35083583157,61487.717751160584,6,0,1,1,9,1.2688512986094764,0.0
348.7428157532908,191004.88298584442,29557.669214545876,4,0,4,1,1,1.0171293660206968,0.0
1273.1610083502248,132494.49794219655,13400.417435556918,5,0,0,1,1,2.2447664206310494,0.0
839.7461665602823,128442.32970661906,27245.584895666732,6,0,2,0,9,1.0116699625455716,1.0
4365.328654631398,69423.19070071552,30615.038826342305,9,0,1,0,15,2.2568131003836562,1.0
1135.1092374223194,37938.62904046922,77322.52978193818,3,0,2,1,10,2.491394882858261,1.0
4880.5330163047,190682.05855912255,56742.897753770085,1,0,1,0,17,2.458094128726186,1.0
1717.634169266979,83334.99400359116,43875.936439779514,2,0,3,0,2,0.5701300129929561,1.0
951.4836826590614,105240.13396515798,77603.23167856058,8,0,4,1,3,2.826284159751796,1.0
3959.007610355272,49488.79040957017,72541.76001651191,4,0,3,0,23,2.2865906927913335,1.0
3310.6034887293367,172277.13608457963,42424.065959290296,7,0,1,1,10,2.53196883264209,1.0
2516.068796443038,34697.411585508205,72737.33192402752,2,0,2,2,19,2.11436403617875,1.0
2799.0495771412748,171778.42955684641,34131.45867082456,10,1,4,1,9,1.8228079320186832,1.0
3610.048802447706,53848.452173954356,20742.391232460097,8,1,1,0,18,2.111694943313213,1.0
1180.8509695899288,180715.89914729586,20916.219615300557,10,0,1,0,3,1.4003327171634703,0.0
4981.8528844808725,154061.34834714676,53998.295382043754,9,0,1,1,9,1.6445382546700054,1.0
4875.226152626577,57993.944626241864,41582.414694460334,7,0,2,2,22,2.281076467017457,1.0
3269.1121474173374,126189.05878610957,53739.2152194194,10,0,3,1,11,2.1691123393143714,0.0
1037.7351320992684,83151.5734403873,55827.84924818708,1,0,2,1,9,1.9838339810311718,0.0
3417.129800034892,60299.62681496919,4718.861213124256,2,0,2,0,5,0.6230347353393644,1.0
407.38212444692044,176060.97389988843,7161.048610788481,9,0,3,0,20,1.2194854121948657,1.0
201.72988591874002,98598.870306229,44016.18494752624,10,0,2,1,18,2.0086697995342364,0.0
1325.5302981305076,97752.43144211502,17709.73178752592,7,0,2,0,12,1.6590524796069444,0.0
2339.983635859616,58880.7347171254,51705.10019794186,3,0,1,2,17,1.3452065479941815,1.0
4347.948901771483,95121.16493458237,45518.3019161399,5,0,1,0,21,2.2925629265078946,1.0
3649.4868953432247,178174.86387590453,48103.54759455862,1,1,1,0,17,1.467574246578793,0.0
3726.397279939906,91731.8807832381,26289.064246987822,10,0,3,0,16,2.7710376108483734,1.0
2156.192005517973,191772.60562496397,52267.949983398044,3,0,3,0,22,1.8292359871041537,0.0
1762.3782131074665,190872.51286542587,66870.93300934677,4,0,1,1,22,1.7087727704186844,0.0
1886.6418767737835,54632.77208224882,79851.48652660225,4,0,0,0,14,1.3429898674139862,1.0
4938.865340493487,60142.91309884963,67560.21773526049,7,1,3,1,23,0.8355791825795945,1.0
248.54049749178827,176654.59195642115,45927.40449535595,5,1,2,1,9,0.524019113913315,1.0
4341.805905806121,96769.35621720226,17894.078559356654,9,0,1,0,22,2.1922268970150594,1.0
2914.4432724333474,30743.57698811159,55471.33246122621,7,0,1,0,13,0.663437630565067,1.0
2221.1463249884728,76558.20934991307,75199.34148796432,2,1,0,2,3,1.312594233377556,1.0
3640.025419054926,131596.9288432452,19313.723559387283,8,1,2,0,24,2.689087853808189,1.0
2459.011260052279,165875.21421319456,22711.662780546438,2,0,1,1,5,1.6952100532655174,0.0
4373.445028504219,52676.064905854124,14473.65784269714,7,0,2,0,24,2.708417272105062,1.0
4508.474226855729,48792.031950845005,59727.56655923293,5,0,5,1,8,0.6537980547724543,1.0
2137.5185880236045,186755.75110729638,34305.235763621764,10,0,1,1,3,2.6084685107248795,1.0
1420.2975963135052,157695.22252983905,7827.564194251574,6,1,1,0,23,2.8287122442281207,1.0
2982.134126537143,130262.53213227334,70371.14934475157,4,0,1,2,16,2.7840593292347218,1.0
4566.198560802621,160761.75429930777,45940.73666209763,5,0,2,0,4,1.3412991300354389,1.0
1092.7778355780495,102905.24142212854,28494.260484027396,5,0,2,0,9,0.7377861766829734,1.0
3133.68458863924,158937.4770425515,29486.689156704466,7,0,1,0,7,2.7876816619082243,1.0
3176.2230894579766,93206.50851667108,25349.34395469982,4,0,1,2,18,0.8933981474425621,0.0
3678.909460955641,71496.0773237424,38071.97327423342,5,0,3,0,17,1.8650045522919512,0.0
701.2600413799361,153932.28161980468,28952.210013587162,4,0,3,1,22,1.5186365208222221,0.0
3593.3335751763384,101344.28966673561,45191.86541343692,4,0,1,1,6,2.8946373428177443,1.0
4549.7109772949225,196834.10773545312,62560.82842488965,8,0,1,0,10,1.539851824602747,1.0
939.4313889076977,89412.48099237717,54933.51882521676,5,1,2,1,5,1.4257761464821035,0.0
1225.8394583731942,186693.6614902812,25673.18074206702,9,0,1,1,15,1.9670087172110384,0.0
4858.405715506116,188603.63325640353,43713.057888563,5,0,1,1,2,1.8193765875314543,1.0
945.8359159119743,71115.00100100684,67689.71431324331,8,0,3,0,15,1.6303195571995777,1.0
4279.206212179417,165697.60086996228,8251.88007518986,3,0,1,2,9,1.7564740530762932,1.0
2486.775389417772,103622.66587457608,9028.889557991666,7,0,3,0,6,0.7461187027731226,1.0
1273.7938182957264,185979.20362915916,45825.09523983102,1,0,2,1,4,2.8372869779600993,1.0
4360.212011298931,106521.12634799059,52211.864886014846,5,1,1,2,23,1.125896859888758,1.0
2254.261012263194,156531.63194735226,19278.802214744617,2,0,2,0,14,1.9253426574165315,0.0
2598.3459019519664,109384.45955784564,60381.94975524689,8,0,2,0,9,0.588695837486677,1.0
1828.2051785288402,68726.12847118554,52762.28003213601,6,0,1,0,24,1.2391734375841383,1.0
2985.106714602891,63889.52192059667,74093.27365419405,5,0,1,1,1,2.2217544592372036,1.0
859.4431692958627,102323.30302357874,16009.473543107328,3,0,2,1,19,1.6434095763524912,0.0
1985.8536064262155,158434.09169241652,60855.81843256682,1,0,2,1,10,2.3254160895398233,0.0
4848.5909955596735,132862.15248073038,9440.51797491156,10,0,2,0,18,0.8885303421274131,1.0
1327.7604918705813,147066.97928309237,46527.515532878104,10,1,0,2,19,2.9701728228850985,1.0
3300.8464894793965,77995.47962443021,45495.92574143423,10,0,4,0,21,1.6143143420398924,0.0
1659.6908179122397,111844.00881279293,32905.64843779903,10,0,2,1,6,1.8469724429028862,0.0
3878.6919721486734,37547.19504478559,68031.97837047969,8,0,2,0,3,1.14395649808658,1.0
697.8246205558316,168980.51071288052,3336.539648522942,5,0,2,0,18,1.3478686498593067,0.0
4850.614173138796,198281.66758077868,43053.8139461861,9,0,1,0,21,2.136470073422079,1.0
2296.2582298490142,99169.44064619405,19720.82333730943,7,0,5,0,20,1.3543171882625007,1.0
1218.4497935649965,31863.821032362368,60249.393671965336,1,0,1,0,21,2.2963698255737315,1.0
413.80889928356265,58864.74872366105,6316.191825569482,1,0,3,0,10,1.2146474302119386,0.0
890.3016301833267,140929.5692175712,67029.71098998148,7,0,2,0,20,2.4136471779879347,0.0
2622.8810453522874,134053.48409465607,67533.10145643527,7,0,4,1,4,2.187406815177,0.0
1718.1657233348672,163937.00232954248,67130.68295506973,9,0,3,0,8,1.0302510336111421,0.0
4152.972661118917,73160.28186338159,14747.776558415579,2,1,2,0,16,0.6250842173427167,1.0
2182.893242125939,159817.4256430128,51541.30192920046,7,0,4,2,22,2.8255301867683493,1.0
1281.135649308768,146957.28365902387,4106.286657121,2,0,4,0,2,1.08797558176391,0.0
3104.867683689949,84878.46461135335,68293.11952926838,10,1,0,0,19,1.9429646833372425,1.0
3548.5472235829566,122732.98516968354,58669.08990016378,10,1,1,0,15,1.2446329946649772,1.0
876.8574441097018,55036.54744471554,43898.837279242456,2,0,2,1,8,2.145496981980401,1.0
879.7151206271724,106935.96558404904,59255.54034843952,5,0,4,0,17,2.253129070106896,0.0
231.5235633210377,179803.54772445897,10262.95544218646,9,0,2,0,13,0.6857660903982936,1.0
3695.1899745749206,101602.53457031643,43706.49907761793,9,0,0,1,22,0.6250469080948075,1.0
3335.8324117279353,172726.34010082175,25428.289869866298,10,1,2,0,3,2.9768500573220384,1.0
2399.4228349615787,130343.07209414805,77891.69866816892,1,0,1,0,10,2.420112231387991,0.0
4228.643722397525,62619.04122740065,68998.08219804043,7,0,2,0,13,1.1539617821183392,1.0
4038.067257102763,128788.0615986424,59462.22857921622,10,0,1,0,11,1.7284492059658547,1.0
2947.504103763923,116017.16595670079,74898.56791422935,10,0,2,0,1,2.8949541511070396,1.0
4347.94283854063,97769.02698338528,29706.934451541478,3,0,4,0,14,1.8596533706116958,1.0
1068.913989682003,50337.174717731956,72367.75222208996,10,0,2,1,2,1.548229582698135,1.0
604.002116018753,100840.47285402907,28043.343872216694,10,0,0,0,22,0.5939439957982879,1.0
1385.2605770090986,42369.60396073661,59425.347416218785,1,0,2,0,12,1.961954988544281,1.0
332.5799376421085,46790.73873778772,59704.10220678658,2,0,1,0,4,2.7041362784432383,1.0
2679.2891636051086,100705.81059856173,4412.940486965197,6,0,3,0,12,1.8570324115811203,0.0
4686.198176860059,81914.85193463883,30801.59676742103,10,0,2,0,1,2.454451222141282,1.0
244.75052630912276,187342.535396578,4496.315775454337,2,0,3,2,10,2.714943539346516,1.0
654.4440743496326,93869.986914646,79776.08535598914,2,0,4,0,4,1.5182952077694265,1.0
2288.3851900030045,158835.880752257,12409.150660851326,4,0,1,1,2,1.5289561632960678,0.0
4672.681336763129,120142.07948226127,44796.438964904424,3,0,5,2,23,2.803472101531659,1.0
1614.972719634915,149694.56366919703,63872.83038472307,8,1,1,0,22,1.3515428216506145,1.0
2560.8123030075426,74219.71711261786,18497.297374088717,8,0,2,1,13,2.1537676416955778,0.0
255.78565229944087,190123.84538251595,40349.0554433514,6,0,0,1,8,2.0497427905645225,0.0
784.2988447623399,120115.04447545207,49772.014590928615,4,0,1,0,2,1.7129296712768503,0.0
4933.819108646292,171325.09211849244,15335.766088456994,7,0,2,0,3,2.1049512872491967,1.0
4827.337547358426,92057.76789093929,62948.77041318847,9,0,0,0,15,2.2578522221049044,1.0
74.4529056253276,47035.92933858917,26048.90720358113,2,0,1,0,7,2.8120275466354876,1.0
4761.468337845033,144530.9801125443,19248.776878090706,6,0,1,1,10,2.5019087333856795,1.0
3213.6436921867266,31319.14021736216,45988.2334756811,7,0,2,1,20,1.3950815094255122,1.0
4346.19555787411,110799.80601613641,34594.14932850622,1,0,0,1,11,1.580353780480494,1.0
2300.9622853876026,62776.32345329807,73862.01773700416,6,0,2,0,22,2.75913963247346,1.0
2602.2003414672886,136653.83575401158,70764.82776125785,8,1,2,1,23,1.177306128297833,1.0
2469.790572271755,196501.37843343487,40218.00108094401,7,0,2,0,14,1.3121193874549855,0.0
3350.9780748532166,108948.49407450981,30663.310653871013,2,0,0,0,19,2.222803781506916,0.0
741.2737110437489,168974.70360936332,28064.884585607422,2,0,2,1,14,0.7769487810289892,1.0
198.36926986975587,116323.31178169057,23602.39897727607,4,0,2,2,22,2.467997144304576,0.0
1574.253210876395,114292.8052876841,44930.18473586075,5,1,2,0,23,2.87092137539937,1.0
3538.169775546401,188171.99384039224,64983.35256455985,5,0,2,1,1,2.107895021929041,0.0
1049.1745880085944,181294.19768693586,26928.25883167395,2,0,1,0,7,0.6805928047090057,1.0
3383.4905449583407,163586.07908195566,17637.244905982276,7,1,2,0,5,1.0963082717262733,0.0
4851.064628230989,80363.4780638533,39612.253076113084,8,1,1,0,7,0.7437732507670174,1.0
514.808543157621,122651.43067306989,8315.650093420323,2,0,1,0,13,1.2727443759605603,0.0
3379.380485214375,68062.52966196646,56998.48347198743,4,0,0,0,7,2.8488752080064326,1.0
2246.563585557627,105465.83866791175,42913.58650524889,3,0,3,1,22,1.3980162127782103,0.0
4347.3041591686515,112316.22117916441,41220.86021390977,4,0,2,0,19,0.9609121899284472,1.0
926.8914577645603,171378.80682878624,26134.294225351732,5,0,5,1,13,2.153920568811619,0.0
3478.498463519514,182324.82210524884,72659.85468994372,6,0,4,1,16,2.74911955998709,1.0
4198.670683758146,100485.41060740124,9967.444472415558,2,0,5,0,21,0.5862358850347253,1.0
4725.840386396415,33009.75566245033,69976.44868430142,10,0,1,1,15,2.1710476716406033,1.0
3432.077740033747,176501.55276419027,32006.300586026045,6,0,2,1,19,1.2227253213756555,1.0
2511.015081841715,59627.37534523132,70808.01073007671,9,0,2,0,7,1.4351760589100793,1.0
3108.3438389960083,135719.93386136688,59114.63229159354,8,0,2,0,5,1.0931141571883247,0.0
4351.0796731696555,34245.0530738023,11021.145952976949,1,0,1,1,14,2.765228424652289,1.0
2874.518245862207,97916.10079429593,67028.29406122022,9,1,0,2,23,2.715055483979522,1.0
200.41594549934246,197613.25135960948,55527.61619486189,10,0,3,0,16,2.012001872140012,0.0
4658.19604275954,47117.91218764652,5487.247294481831,2,0,5,2,24,0.5402007587132802,1.0
3463.1574176062277,102027.83583993919,13295.106522444587,1,0,2,1,11,2.8664417965783158,1.0
3398.74125959737,82215.49153229187,51943.360299348526,6,0,1,0,24,1.6685306304470953,0.0
1117.5920043687,183864.98097600494,54020.23872178194,1,0,4,2,21,1.7223531995265065,0.0
3311.4830776516533,177787.81834425038,60492.16032849482,6,0,1,2,11,2.43237745773669,0.0
1999.6288079880844,70408.7892520589,58458.895859673605,2,0,4,0,12,2.0342670994522942,1.0
3273.603236355386,43801.9237985733,53783.03650958653,7,0,4,0,21,0.8035106407611501,1.0
577.6355000245541,136613.52699038998,62000.395434474536,7,0,2,2,13,0.7634024121022982,1.0
3306.3342577850285,87182.68102023067,47281.59935371271,4,1,2,0,8,1.1303406291758618,0.0
4997.097942564799,144254.34640303074,23080.93668538303,2,0,3,0,6,0.6764501914526823,1.0
288.6495923597523,35460.35853152846,73252.9992572653,7,0,2,2,22,2.582448579062908,1.0
4887.0122118955205,52677.8699801732,4402.480381762301,1,0,1,0,2,0.5986404902435362,1.0
2064.1944055782096,146683.27957134938,31225.25243010475,2,0,2,1,23,2.8649478078612605,1.0
4360.229579169433,66103.01140142462,59123.01256848158,2,0,0,0,10,0.7777954801609028,1.0
3922.8081460884537,175789.90487960828,35891.01516852492,1,0,3,0,23,2.644086619197514,1.0
2856.7304918840055,39960.450910723026,4912.249375961102,9,0,2,0,22,1.0931080556227462,0.0
3705.3235857940663,66631.93707354768,8080.529539948415,6,0,1,0,2,2.1518369179293693,0.0
4398.652028441672,199755.24224246168,52945.077423648225,3,0,3,0,11,1.3552929772797415,1.0
2050.494592172613,103622.93743975475,77294.57415420808,6,1,2,1,5,0.6681989632279182,1.0
1668.8141497380316,149504.16280258942,45493.49995925642,7,0,2,1,6,2.326065534023966,0.0
3354.587258539744,61052.718305692324,42020.35198783022,3,0,0,1,16,2.5196709452332837,1.0
4048.83741260923,133677.68494754142,27511.04140533258,4,0,2,1,20,1.246849889097515,1.0
3823.311417144248,153438.03162280115,22765.181887686864,10,0,1,0,10,2.461444660138115,0.0
3999.1775618502406,83461.02809730679,4615.843595233923,1,0,1,2,14,1.643726738422068,1.0
2206.1374083240185,170912.50903589922,24017.52480831628,6,0,1,0,6,2.323756906010789,0.0
4098.279370066357,132580.98834028817,37581.503946624434,6,0,0,0,5,2.1132351441174757,1.0
645.0348240845118,96150.91163455513,18242.133294769163,9,1,2,1,10,2.824680061788591,1.0
2745.221034906205,124799.20686833696,9725.79511307005,2,0,2,0,12,1.3199903931692267,0.0
78.50536946570178,128049.34406410712,58265.0457786044,5,0,2,0,22,0.7751088792658124,1.0
1656.699858006338,58140.99975795722,71885.76071824117,5,0,2,2,17,2.4706969706345165,1.0
1863.9845976134195,98464.50287738425,75131.44936590559,7,0,4,0,16,2.5319852195558807,1.0
2011.0548234658143,88383.19996331382,50585.90209426818,5,0,0,1,10,0.5652766985910347,1.0
3492.5626731148177,98153.46283845144,7063.642860144699,10,0,2,2,17,0.8153267624754921,0.0
1973.3626012882114,159388.80004249385,60046.42250705655,4,0,4,2,2,2.5805069703815917,1.0
2271.0334319815265,112031.52926933435,11477.338505165251,10,0,0,0,2,2.0015136976958914,0.0
1225.843447827921,189853.74605067493,54570.605061962444,2,0,2,0,14,1.6320688407593633,0.0
1897.5963685652334,79924.99027093415,63011.16935258643,8,0,2,1,4,2.566761743886933,1.0
1174.9846549525998,100669.60830843792,58891.5827336384,5,1,1,0,12,1.1150117477614634,0.0
412.319822653796,163782.65778143704,76295.05304360705,4,0,1,1,2,1.3121958160623781,0.0
3037.0705372378206,122824.18086452755,59837.263903989005,9,0,3,1,14,2.4337977008766636,0.0
3357.6533528473306,122994.78489215612,56377.15290459926,2,0,2,1,24,1.977581765869577,0.0
3116.4772127475917,39067.827710881196,23154.224258098882,3,0,1,1,24,1.0210466476849283,1.0
2344.2955168128333,97761.94266213749,74207.18885556443,8,0,3,2,18,2.7349543381997425,1.0
1929.9396118871875,76024.73451169452,16824.878051150852,4,0,3,0,9,2.98586122020484,1.0
4323.501565380535,199886.9708812896,72677.03908343073,9,0,1,1,23,0.8613805737125173,1.0
2619.454836424279,82420.36200749275,27075.0158376351,10,0,2,0,24,1.2412953938929199,0.0
2421.9502942671684,180364.4109149568,13022.596728580493,10,0,2,0,8,2.3736570363862493,0.0
176.92822574185664,144959.73495688115,66654.59309988015,10,0,1,0,7,0.8086473010774377,0.0
1739.176746749474,87955.78956265538,3192.1499272638443,10,0,2,1,13,1.6614223282358735,0.0
1931.9683129899925,122400.84432360102,67070.80046142396,9,0,1,2,2,1.0460728073084644,0.0
2024.1727654396575,172891.09959136293,23198.011837540143,10,0,1,1,2,2.160966963006582,0.0
2921.853227675295,180172.61066525502,71123.53800218285,9,1,1,0,16,1.3994741835151254,1.0
2691.332606298048,57266.95875104469,56243.89703260159,1,0,4,1,16,2.6204081384554136,1.0
3059.130209327551,87727.43400538884,54296.11662949543,6,0,3,0,24,1.6456734680340033,0.0
3836.172144633535,86987.94063630718,31129.60636369294,10,0,2,1,18,1.841286884370083,0.0
4074.2794066446627,37147.615332910595,7574.028989589366,6,0,2,2,2,2.722490645837959,1.0
3604.7092273211474,131700.4191748224,66915.62856182945,8,0,0,0,7,2.4214390778173605,0.0
4779.8422949769265,175319.40900867197,16159.592228592655,7,0,2,0,7,2.522108928929792,1.0
140.25128424799007,94867.64593033803,31663.91542589592,7,0,1,0,17,0.5312385094339956,1.0
1019.1010291335532,155806.1106473101,49227.3107841993,2,0,2,0,23,2.1434184258114906,0.0
87.43623114180349,136709.07031212578,40133.53786916787,4,0,3,1,12,1.664871524653154,0.0
3254.999835065285,93860.28503381014,18296.86890819149,1,1,0,0,13,2.7092346522142705,1.0
4495.251217302435,53980.16591369051,13827.459479935862,7,0,2,0,5,0.5956611753125564,1.0
1255.2373680526814,150585.05497191445,12489.962963272377,4,0,2,1,15,2.611850722815593,1.0
4638.820996741718,175276.07872001088,69451.60687543848,9,0,1,2,21,0.838746795627106,1.0
348.32358193332624,146595.26370825362,5430.085277722689,6,0,2,0,2,1.9796181520367644,0.0
4675.458332687296,33039.34228591907,78230.09798919185,6,1,2,0,6,2.3163271423663634,1.0
1790.5323018361903,66759.59204646852,18286.709159676888,9,0,3,0,4,0.9938677445446025,0.0
552.0331008236217,41811.597430200425,11494.816859689015,8,0,1,0,23,0.9167300375806843,0.0
2455.065207972312,126965.63692795855,47426.817417813225,6,0,2,0,13,2.2057192419348137,0.0
1321.0440102165144,158601.2054028701,9158.91876143364,6,0,5,2,2,0.918052945148444,0.0
1460.120864711518,48798.46180167211,49388.90126359681,6,0,2,0,24,1.7825891135374627,1.0
1571.0853263851186,172517.4295008755,68498.25165064822,4,0,2,0,5,1.1563010401092348,0.0
4024.978194271684,124436.52632723215,6688.147652991713,5,0,1,0,8,0.5791580732599118,1.0
2718.8483195425097,147294.73206409323,64589.8825486979,3,0,0,2,16,0.6677731742157018,1.0
1590.9731108222181,195138.31426346986,33374.76295562314,9,0,4,0,7,0.8285269802759178,0.0
3071.152227389046,44225.76800210854,15280.778805003169,2,0,1,1,3,1.863142484786797,0.0
3594.945837404808,183208.08390622417,16559.428980594348,7,0,5,1,9,1.0285760541245956,0.0
1399.4888036309922,51437.45831785958,73744.86986445542,1,0,1,2,13,2.623732735279207,1.0
2097.06805255049,96802.99712823598,11516.642899431165,10,0,1,0,2,0.5680208517027523,1.0
653.3361620178904,174744.57837628943,69742.2746079056,7,1,1,0,19,2.148715146910041,0.0
946.6892801966676,184063.22024543758,44906.835815738326,2,0,2,1,11,0.7237747724652142,1.0
3421.533377126665,116083.1845026747,6007.325768865809,5,0,3,1,10,2.7259165474452485,1.0
948.1198210933534,130997.78850682227,38764.66322023505,1,0,5,1,11,0.6029160193102783,1.0
2649.5587491519477,150385.0468817547,65943.61261467515,5,0,1,1,17,0.8575715212044545,0.0
3559.778995526042,171568.9736369614,58917.61464821073,4,0,0,1,17,1.1942006370051048,0.0
579.040769318982,50656.89882140324,40636.24616172328,1,0,2,2,3,0.7515064292927907,1.0
2858.1954871630724,167711.7823989687,69223.84073660872,1,0,3,2,12,2.778804944719453,1.0
1319.9857793217507,111816.94558697485,12268.086657077687,7,0,1,0,3,0.8309391022589379,0.0
4816.48803242602,106605.98226838873,73065.4611112124,3,0,1,0,5,0.7074878700585175,1.0
2443.550951263627,102062.9578394897,68175.97305321787,10,0,1,1,6,0.6495869464299062,1.0
4039.663121387033,116565.96949182724,57537.31557560717,9,0,2,0,20,2.515016954576379,1.0
2773.6213836734955,190658.5940770826,65977.3561439137,9,0,2,0,10,2.1246901189279406,0.0
264.89203763135487,123194.64137466578,44873.79402688528,10,0,3,0,11,2.392263545125597,0.0
3184.0993091904106,192040.18150473366,54987.50704052035,9,1,1,2,23,2.262357274002741,1.0
4759.4465439229525,60649.3222046589,46166.051444498975,1,0,3,0,19,2.919812825374832,1.0
3027.9785097243393,153103.11640154762,30367.996849112096,4,0,1,1,20,2.421186804109113,0.0
4104.984854162612,168080.72156348702,46802.28139681067,1,0,1,0,11,1.4563832703313189,1.0
4426.821993574618,145451.90132692654,22824.83060495828,1,0,2,1,21,1.2244598883778237,1.0
1178.9948711472157,133176.78763851186,36901.49615474047,9,0,3,0,8,1.2299831115313498,0.0
1099.621957545722,126018.17278465099,24619.706359038726,5,1,1,0,9,1.281780404047788,0.0
3074.355894812409,176358.18203837832,12462.359788526954,1,0,4,2,3,0.9659389275490455,0.0
2084.5909255431884,169679.921517965,27783.362942022773,3,0,3,2,1,1.482849081978746,0.0
4207.313449190266,50789.08260070192,68603.01580022734,7,0,1,0,2,0.7751751261467759,1.0
4505.114460820155,174259.90169524928,32343.21933945754,2,0,3,1,2,1.2428489211590414,1.0
1799.4358275484547,100391.66530487522,60596.280970602915,4,1,2,1,3,0.937879007642705,0.0
1222.5092669236863,73128.46109928783,16490.234776338417,2,0,3,0,18,2.7990674607630273,1.0
3913.601300457116,177860.6565623674,35680.275255908404,9,0,4,0,17,1.6531192535694512,0.0
1410.2898759632737,103444.21593773608,11843.917338808595,9,1,3,1,12,2.5565085799515677,1.0
4121.940876642708,167421.99733005883,13673.821879296707,7,0,1,0,6,1.97113298042562,1.0
2147.504355561376,74778.61403249355,50542.60125153533,7,0,3,0,7,1.996339825811484,0.0
3354.372001492779,30667.984641777028,49776.099943573856,2,0,2,2,17,0.5080128165714113,1.0
522.8998034816075,114228.06279350055,19429.636866324392,10,0,2,0,9,0.531890956928225,1.0
3138.1036571490363,47038.80362929033,39530.5859602375,8,0,1,0,23,1.196900697415745,1.0
2286.2500097492843,158243.91243923464,69474.574857302,1,1,4,2,12,0.6477013508656275,1.0
2953.711892718597,76932.77313179977,16413.516168089183,8,0,2,0,14,1.1930152429374201,0.0
881.6703283370739,105419.75992259139,4479.211046660643,5,0,2,1,11,2.045046371694185,0.0
3697.5250374737016,44795.70606556422,53203.62583109507,4,0,2,0,4,2.272879465949666,1.0
4320.845533838981,78732.07223603295,7119.362022828745,10,0,3,2,19,2.0307159998122604,1.0
1122.8620104493396,162853.34135395722,78455.39837007834,2,0,1,0,6,1.886023811159841,0.0
523.7870498248005,55769.945023394306,49940.76185251384,3,1,3,0,19,0.7031876970206195,1.0
167.01100092936517,140017.12539158275,39220.51916898587,10,0,1,0,16,0.8207305963472116,0.0
3227.7589271941665,185962.3949767652,36109.42558187162,2,0,3,0,16,0.6025850281148261,1.0
3055.115478639465,145572.24915881245,47126.44070580372,4,0,2,1,4,2.5310774497104886,1.0
2756.152192934647,167873.68717967856,9978.081627456548,3,0,2,0,5,1.3089263755072154,0.0
1198.1381257740784,48525.17698166569,74611.46752910117,5,0,2,0,10,1.5058322707369551,1.0
1984.9846797322975,72624.41042034926,51174.43927849459,7,0,1,0,5,2.06042360083982,1.0
2992.6578591715565,182071.60488090047,17166.344316039977,9,0,2,2,9,2.9222682422247255,1.0
2508.9959513528884,151567.95431507519,46318.741139879035,5,0,5,0,18,2.037745099558057,1.0
4939.538325063692,138724.15048414288,13260.750949141895,8,0,3,1,23,0.7933207574142036,1.0
725.376775155829,142840.345140689,4351.559251990033,2,0,1,1,23,2.756458554796152,1.0
3490.965542535589,100414.09423178938,51549.80786147785,6,0,4,1,6,1.074099908998489,0.0
2051.3779021162463,37574.627375001044,52933.21732399984,8,1,3,1,14,2.4765913253500416,1.0
2169.588093881793,163355.06215202392,47944.636875863,9,1,1,0,20,2.3690446723890064,1.0
3602.1089400079723,145381.25015661016,17128.206735721775,4,1,2,0,23,1.537680582076117,0.0
3477.55894905563,110376.7588991632,49464.09910409706,4,0,2,0,16,1.8054824908601446,0.0
4956.717168825832,182959.13461260375,7351.342451188025,7,0,0,1,3,1.0715412671704858,1.0
685.55173279792,87147.14304746682,49911.35337903802,4,1,3,0,1,2.2564786877400076,0.0
565.3427644516233,80034.6965193101,45659.31047128665,5,0,1,0,6,2.948166522158865,1.0
3635.4771447872686,178375.37526350527,53454.621974610665,2,1,2,0,1,1.567934524301741,0.0
2913.015239181725,165487.90130902754,71951.62164293432,2,0,3,2,6,2.9947915402810965,1.0
1407.095299471039,117546.5678102186,68477.57410344432,10,1,4,1,21,1.130993656008433,1.0
443.1258764954837,52224.90570783449,78510.37275031548,5,0,0,0,5,0.8015194379532804,1.0
474.00833550233114,66562.15014905891,78170.55953611629,10,0,1,0,12,2.9962230061749007,1.0
4476.2448295873855,141558.75836949714,62468.61638977895,10,0,2,0,6,1.4401889254016043,1.0
999.7432573577773,95457.01043286998,76644.31090768505,2,1,3,0,8,2.6483994448277963,1.0
1650.6892324718278,172200.4425832151,69780.85921346162,6,0,4,1,19,0.573772843512907,1.0
1171.9491910235906,191492.3515864747,59023.84864191291,6,1,0,1,5,2.0702406901444643,0.0
1807.2317138680896,166958.2772967361,8804.58760756915,8,0,2,1,15,0.5082860084937919,1.0
393.6480215931622,94182.72190924472,6776.841396781358,1,0,0,2,14,1.761258770828488,0.0
2619.345964995938,164076.69296934208,67495.16669794431,7,0,3,0,16,2.341398961867918,0.0
384.68218978146376,89745.08449001619,40703.50105612077,7,0,1,2,6,2.053377394631609,0.0
4011.7647137206895,58407.01492015776,65724.7146968689,9,0,4,1,17,2.069087741165368,1.0
1206.8748054566436,35676.84482719576,27094.70684045189,4,0,1,1,17,1.3165112360510713,1.0
2723.058977292327,95571.84116937341,33619.039090871986,7,0,3,2,16,2.0843369067318505,0.0
4406.391483429218,183605.0816285379,56914.37751791876,6,0,1,2,1,2.6369069064464443,1.0
3271.842976783611,70627.71991846501,73480.15874377117,4,0,2,2,18,1.7416080153487572,1.0
2688.1410434291097,65107.23803806328,9757.633534874218,10,1,2,0,4,1.8542596132504046,1.0
1655.4520779211093,194869.53349097684,69333.81713686469,8,0,1,0,22,2.595966812833928,1.0
1698.3594696380796,34250.69918460066,64061.97981571112,3,0,1,2,3,0.8046317126389686,1.0
3363.960428231041,163582.96556693825,27296.52384619881,8,0,1,0,3,2.0027171879751218,0.0
4970.989838044779,84632.89247594796,30351.679288130086,5,0,0,1,13,1.6860737423027112,1.0
3326.103989754424,36372.95266784209,6577.533746087041,4,0,1,1,20,1.5431783310273484,0.0
2811.027915981623,186026.43183562922,4212.027055987284,3,0,2,1,4,1.5191032299449607,0.0
3666.720025684268,53739.196135629216,39729.47172954514,10,0,3,0,11,2.082142151627582,1.0
2352.767780804405,123802.47823336822,10356.552703292911,7,1,3,0,21,2.7439602925548514,1.0
347.70459587388683,76589.21526302313,17938.1397099714,7,0,0,2,5,2.1251491299450027,0.0
2833.3692385956533,41082.77637139748,68201.0743635531,6,0,1,0,2,1.1609243420934983,1.0
4790.245158301632,38486.82256277445,46969.18612628484,3,0,3,1,6,0.8445102691173543,1.0
917.7495646704152,49644.63880217759,51789.697669490735,9,1,2,1,5,2.945612244214542,1.0
3465.5242095622953,42132.39236119461,17435.90847405784,2,0,1,0,1,1.2603853883316805,0.0
1044.6217588623294,159294.8796383869,66806.9589429903,3,0,1,0,23,1.6654643284004698,0.0
2702.3470381417524,112546.25438818296,69834.44247786056,1,0,1,1,23,0.543359510720449,1.0
528.5484257512621,88291.65552932656,43296.22471590434,7,1,0,0,11,2.5279212240509485,1.0
2279.3361344780164,101122.71472244122,73266.9484346568,2,0,3,0,6,2.482757893695921,1.0
3793.0084780314683,187920.94504734597,68051.80412150279,10,0,1,2,17,2.236717766428677,0.0
1770.4790449829613,184827.808165485,59311.96160393173,8,0,4,1,11,1.3901615581545421,0.0
3341.313036211729,151665.00162083807,59523.8455084094,9,0,4,2,7,1.4340761382736003,0.0
3987.4773059091594,180396.00416168693,11115.297494216473,2,0,3,0,16,1.740022411126073,0.0
4639.530206423291,84340.16468989622,23854.374902566266,6,0,1,1,20,1.5050034469385851,1.0
1211.478305184495,94788.58542140809,8147.235925961056,1,1,1,0,5,0.9211025889358457,0.0
2026.6137832560753,134331.07091521876,3668.4531104257667,8,0,2,0,7,1.0775675484763854,0.0
804.4592659855663,136016.4110405349,15189.83391656108,5,0,1,2,3,1.3270656598793222,0.0
4962.793335683958,111888.97246209797,70797.51306381439,9,1,4,0,2,0.5497262710677859,1.0
4638.654791225262,98111.83423445205,21470.30254577597,3,0,1,0,1,1.35312629960417,1.0
2722.78779488877,197650.65297347817,77701.85511956258,2,0,3,1,8,2.5527098780143227,1.0
4218.064807163285,169591.01644001313,48991.406966212875,7,0,2,1,24,1.6731247219030716,1.0
2628.741987496609,103946.63364096769,21268.90354787116,7,1,3,2,7,0.9640584799324488,0.0
3136.7491556136606,153639.72113072663,41279.07186828439,10,0,2,0,10,2.236935433665507,0.0
491.16593897428226,75825.48785291812,19870.301347908884,5,0,2,0,14,0.5541064606153416,1.0
3788.5885814591993,47028.78546034608,78765.96398004278,7,0,5,0,9,0.8864252597271947,1.0
682.1817439944124,89913.27434396591,68239.40376068221,6,0,0,1,11,1.9553466117699856,1.0
4139.034769750016,98505.37602097701,5020.386736239341,9,1,1,0,1,2.1810010311406165,1.0
3921.03903396841,32811.31117531404,75978.75442299528,3,0,1,0,19,1.2368410030247246,1.0
3558.286253827733,168514.64027810234,58522.013262322325,4,0,2,1,21,1.194955047429921,0.0
228.99388359757248,91062.87840616086,9343.356405638431,9,0,1,1,14,0.551620876921781,1.0
1550.4853619293767,128671.088182625,54639.106467136306,10,0,0,0,18,1.212365669037109,0.0
1352.4072210586721,42573.741836062516,52813.35574335778,8,0,0,2,23,2.89827897218362,1.0
1832.6752169840195,59749.46088759927,19846.733427183925,10,0,3,0,12,1.492676327793116,0.0
483.83159648100076,181247.9333056852,61400.395900583324,6,1,2,2,22,1.3195657272884749,0.0
4687.941224003761,133476.87974007614,9703.982155098467,3,1,3,2,10,2.066465508366252,1.0
2791.3210915262625,191548.28852898255,40687.27895480608,9,0,1,0,18,2.972733862458735,1.0
1562.3453377572166,199787.50584652388,3764.0869515577697,9,0,3,0,24,1.5942933635500018,0.0
2015.058509517703,93216.21960662605,77592.78664489547,6,0,2,0,3,0.7373552834462422,1.0
2263.6525754989366,80796.52089415668,60870.39964682202,2,0,2,1,4,2.2935866741005544,1.0
3022.941950135056,175920.52937704645,15231.609864293514,7,0,1,0,21,2.743565607304218,1.0
2602.613167097664,199763.9425963672,29308.90107624879,9,0,0,1,22,2.2009348353359344,0.0
4600.9902674113655,137039.00981951773,15363.303091229574,9,0,4,1,9,1.7431822243256856,1.0
2509.96924038386,165173.9228269588,62029.54473795723,3,0,3,0,12,1.1161146336602643,0.0
4961.182173375398,162896.79599859667,7535.017057934068,2,1,1,2,9,1.6149792369842833,1.0
4264.553540838224,90407.75039732299,67711.31247840599,5,0,5,1,9,1.5556013331520355,1.0
1082.1270460688122,127625.96464370482,75549.1180903512,10,1,1,0,16,2.9066942305844345,1.0
4656.4463124873855,171619.68001491632,55100.35159608509,7,0,2,0,24,0.5923666343630378,1.0
626.0136695331066,146979.3589643794,19398.339650110433,3,0,3,0,5,1.4116484082529583,0.0
4096.376057031399,33597.8483769465,30726.93737764341,4,1,1,2,5,1.2776312942062984,1.0
1934.0853027090714,87239.9637125807,39747.470360287705,10,0,1,0,14,2.955338637586647,1.0
4395.972886203094,54560.86842108291,49556.10745957354,2,0,2,2,20,0.5161784528583014,1.0
4346.880616031879,69605.27605326664,54487.05791549993,10,0,2,0,14,1.231167989974558,1.0
4039.3307305822245,183933.21117352537,45674.53307955397,2,0,1,0,15,2.934587527913207,1.0
3960.6506597199536,36271.859114830586,30051.17190328289,7,0,0,1,16,0.8980655934640542,1.0
1558.161738535302,67366.12103352704,71600.63060349753,2,0,4,0,7,2.4732583140242115,1.0
450.55045110369826,82626.78988049935,9267.188467382784,1,0,1,2,11,1.9093315123801116,0.0
2044.7518848875493,134870.29223428713,38901.71617674912,4,1,1,0,4,2.7648736980595965,1.0
908.9463491832179,120797.28731459714,62718.49256199601,6,1,3,2,5,2.6827552238162955,1.0
3490.0078900671856,67105.81208507564,7687.195227437869,10,0,1,2,14,1.940585629523556,0.0
1763.1936463620384,57920.98142793626,57310.81169447019,10,0,1,1,9,1.8856568562126828,1.0
4879.270494256579,70255.66588134019,66117.79495200602,4,0,5,0,23,0.8777461272352887,1.0
3222.8117828593936,115430.03653928144,53884.00998658302,1,0,4,1,9,0.651047802306295,1.0
4121.278789990087,76100.22357090458,3996.1407052024115,1,0,1,0,24,2.330244801524832,1.0
705.9971300721497,191092.42527331278,16870.551089179884,9,0,4,2,11,2.031402675327773,0.0
4316.971687249482,108857.08764290408,29342.70707468021,1,0,4,0,19,2.488430512985422,1.0
4617.648093041302,39995.3228125883,20994.132744129536,7,0,2,0,19,0.545516233109632,1.0
2460.956498153733,153975.2889922277,77124.21479751192,7,0,2,2,12,2.834209023721411,1.0
3050.9520418673383,85903.69899552823,53172.73138676211,1,0,1,0,15,0.6825782223180759,1.0
3835.8085144698275,141093.11844990207,25866.763716070913,1,0,1,0,2,2.7615843477715827,1.0
915.4512049390421,77531.04298894944,74586.70739723931,6,0,2,1,12,0.9780733410144289,1.0
2537.70207849404,127026.43609466437,60025.75335966639,8,0,3,2,3,1.1499636260109998,0.0
2023.38198747295,161265.925817269,24914.75531068223,7,0,2,0,15,2.679493646985813,1.0
774.5512612031331,187761.48610167418,32173.880843950566,6,0,1,2,14,1.6285973714318502,0.0
1869.2953903430807,74391.6145536231,18356.02208940467,10,1,1,0,19,2.2360411447337407,1.0
387.4529314581932,86925.6816698268,77772.69786646828,3,0,2,1,3,2.7499528939881115,1.0
177.76893939996057,108925.29144860974,42831.83018353564,7,1,2,0,15,1.2289888092309096,0.0
719.0731313163726,187619.7224151181,71996.36493734481,6,0,0,0,11,0.8394089054477043,0.0
4817.41980236641,183235.76565781172,29680.482368297275,8,0,2,1,22,1.8511496081508492,1.0
2770.171202680334,45279.30761710847,69284.80343850562,4,0,3,0,9,1.4706438933135522,1.0
4830.819697708439,52428.070378147844,7149.287328891624,9,0,1,0,7,2.496892846892892,1.0
2190.8644977341532,114236.5601462085,78620.95444937017,1,0,1,0,7,0.5126223112001572,1.0
1593.489858772035,48125.27637692199,73226.64626156431,7,1,1,1,7,1.950964434944373,1.0
2555.4022210592084,88748.74846927857,30966.62674780243,9,0,4,0,17,1.789835278755548,0.0
2225.582858732905,55225.5142969712,62653.60672922246,10,0,2,0,4,2.6243046800294723,1.0
573.0401870956324,138126.86037242058,60923.86033848461,1,0,2,0,4,1.9414165458993762,0.0
3222.0902577165207,191414.2233956575,72396.61937692574,10,0,3,0,7,2.9891993131045167,1.0
1119.389003422518,199444.74095004486,26658.633546918456,3,0,1,1,2,0.566333685664724,1.0
3116.9603767442563,93790.99252447553,38845.04040918951,7,0,1,1,22,1.7589333572742074,0.0
3268.495407370859,131832.14830948407,69604.97017066609,9,0,2,1,5,2.940012252395734,1.0
802.5230229868081,175565.50109909382,62950.617968411636,1,0,2,0,10,2.864005881539944,1.0
353.68065419780737,49968.552375385276,33296.9373430015,6,0,1,1,18,1.0464901092842303,0.0
3914.7698510387772,147225.94987883404,68120.8429342334,2,0,0,0,14,2.5680518379179698,1.0
2326.0120976581347,99503.4224932616,6615.461020894914,5,0,2,2,3,2.513430848793481,1.0
337.91078775210514,65044.84724762789,63217.565328150245,7,0,3,1,3,2.906218229398263,1.0
4974.588269990348,98468.11518706514,18920.97117639495,7,0,0,0,19,1.7734262340576565,1.0
336.0137769320149,42913.248784035866,25031.309902431614,10,0,2,0,21,1.8230933328652688,0.0
3490.4243828498384,148219.21526018198,40977.542956860714,7,0,4,1,13,2.4661555214320714,0.0
4919.210680053898,72966.25368723703,37629.556582387995,4,0,1,1,7,2.9974709117644784,1.0
1233.9415158688319,82938.95965762925,43083.898228980834,6,0,2,0,6,1.2728382705954435,0.0
754.134375001621,50583.820701048666,44947.72086674583,10,1,2,0,20,2.2082531615482592,1.0
650.8554501410231,176992.0493612816,28527.632209425265,6,1,1,1,13,2.177875368138628,0.0
1551.211980459598,113885.52747806556,16492.518502311308,7,0,3,0,5,2.6433109982900826,1.0
550.1767645027012,127264.96922368805,62173.05465512256,9,0,4,1,6,2.123715191999392,0.0
3476.198641385953,126803.55612612529,33798.16347970994,6,0,3,0,12,1.6455005558645361,0.0
358.34440074381035,99783.8294720281,41949.74640934754,10,0,1,0,8,1.27704939742173,0.0
2571.6395343414592,62730.085624483705,52641.64731303609,1,0,3,0,18,2.9229431956922958,1.0
4983.649426572235,156672.56724472798,73042.12001761251,8,0,2,1,24,1.339340397338399,1.0
4079.152834054793,51599.56511080464,57481.567997796934,2,0,1,0,15,1.1378616026582038,1.0
3095.336219243504,47658.54434739778,6500.360370459608,3,0,1,1,8,2.481641161996227,0.0
1565.9554228937277,150724.65639140556,67569.14798164736,5,1,4,1,13,1.74412747332029,0.0
3138.2843896436107,65502.29347683725,79180.33616481897,6,0,2,1,7,0.9581162040695813,1.0
2658.8552463626756,82151.36772998149,39381.346953596425,7,0,4,2,16,1.3976602552609334,0.0
2159.112750257339,110788.66939029584,77658.45590700426,4,1,1,2,20,1.0086704328234724,1.0
697.0163648639874,106389.72384402285,45144.313160422505,3,0,3,1,23,1.0225646184761739,0.0
4438.6908654403105,150458.45126104986,38390.43168214014,9,1,1,1,5,0.6894843433775117,1.0
2276.4340116655467,135983.40488537136,28518.16688401404,4,0,0,0,20,2.1129706846865357,0.0
1013.3814335127871,139547.34758791717,53631.72543916709,9,1,5,2,22,1.4281724073884199,1.0
1870.4087868425836,151389.23621142775,20696.172380428434,9,1,0,2,15,0.6487794094867495,1.0
2099.942275018189,79744.1636619891,11079.934825609133,3,0,2,1,22,2.127477858522778,0.0
4146.3125830560275,84796.66300608052,5097.256898984484,3,0,4,0,23,1.2421131290493523,1.0
3681.39118377894,104459.6171422442,25513.26867907531,8,0,3,1,15,0.9051352911328723,0.0
3858.059223524632,82268.56941569943,33474.35407686194,1,0,2,0,1,2.900802158437259,1.0
104.60475892180371,197439.4377250468,45509.905613656076,6,0,2,0,4,0.686943615180829,1.0
2109.9622909898194,168388.82749164305,25541.736539399495,6,0,2,1,20,1.4666629326810658,0.0
2432.653550594852,57991.29700352503,78772.58707367667,9,0,1,2,21,2.038851869072716,1.0
145.0017702741306,30951.006499917818,25464.377954569904,2,0,1,0,21,2.9835361514556706,1.0
1336.0753832879193,37273.155602035535,36955.10491037347,8,0,1,0,4,0.7061507054299785,1.0
3813.434624454568,71490.78667729729,10952.264745956327,7,0,1,0,15,2.828791827275271,1.0
728.6930433585453,49429.51859226561,23068.241526954826,2,1,1,2,3,2.7021922185411054,1.0
2699.7851506903285,120667.47953173726,6721.5747637523145,1,0,1,1,6,2.4479254802741215,0.0
1115.2492664853257,175859.18786365096,46082.16477467426,4,0,1,1,14,0.7566224171913687,1.0
109.9978344872717,155247.53755524865,60831.98060119724,2,0,1,1,2,1.2271572013853336,0.0
1243.9472151177304,66653.54072397237,18069.65570387723,3,1,2,1,22,1.1777913150121209,0.0
4880.575086804766,97880.8735243836,31329.14221183745,2,0,1,0,21,1.835650871366589,1.0
4017.6087038207984,116342.0156203172,4279.4494579913635,9,0,3,0,16,0.7999133954357227,1.0
4799.904389389116,167734.99441556702,67643.19829061034,4,0,4,1,3,2.5406590928946904,1.0
2464.877517435494,172650.67252804802,63057.191419738556,1,0,1,0,20,2.2054339505344376,0.0
593.1941834536424,184652.1130243219,7870.560377320513,8,0,1,0,6,2.652662094092097,1.0
2762.3994704197803,116571.69258548878,31094.80591767167,4,0,3,1,3,1.0565621880540186,0.0
2299.1678060718064,148026.7068940967,76557.06926641114,10,0,4,0,23,2.0511821076151966,0.0
4229.567559561099,49006.06310976931,33186.08331808123,8,0,0,0,15,2.62738996394425,1.0
535.5087748820107,126099.12319217695,43518.06810774923,8,0,0,0,5,0.626123917364368,1.0
2466.793628257802,72277.60761009296,30353.70029779735,9,0,1,1,1,1.876478927869956,0.0
792.7408902352221,103391.87045452389,48902.11688587616,10,0,2,0,17,2.3180563285286233,0.0
1657.1458381057969,137788.5864121423,78318.07942403531,7,0,5,0,20,1.4289365849486848,1.0
3699.9175330696085,73687.60943514279,79807.69276805218,4,0,3,1,12,1.3838501800673793,1.0
2406.289740375394,38871.45982544938,62653.05330686172,2,0,2,1,20,0.5807459175871927,1.0
1910.6470114715582,31739.755589488777,34131.95454757383,6,0,3,0,10,1.7242670124080468,1.0
2002.6575789216747,33767.121042568666,41071.2794638321,4,0,1,0,24,1.9907686721290836,1.0
2324.261503609634,31419.45537734084,30468.31226464752,6,0,2,2,2,2.350986449560776,1.0
3935.8318919934313,48760.35961483883,78889.24650263466,8,0,1,0,23,0.715834231420454,1.0
4465.819210254161,70713.08147692209,57497.54354855609,3,1,1,1,8,1.5416563088625788,1.0
4778.906698194445,67607.65741099085,37567.72129838037,1,0,1,2,19,1.1438529718585944,1.0
3945.1717619637107,197755.42101058245,3932.87579843938,5,1,2,0,16,1.0171958547281803,0.0
1611.264133952663,82021.03788552035,43077.222908072225,3,0,3,0,19,1.1141415606260294,0.0
3456.266795128384,51661.53317109785,78762.47153102458,6,0,2,0,9,1.401420810359931,1.0
2216.13546407419,122745.63250851886,43275.689990925,3,0,0,0,8,2.331961904401612,0.0
1310.6195791279533,175852.76741757643,17046.85478266175,1,0,0,0,17,1.5892264635276347,0.0
4212.314318158317,145270.26405390477,4701.218527067664,9,0,1,1,15,0.6579343149865187,1.0
240.21042736350873,80333.95515302656,30312.1893755641,5,1,1,1,2,1.3684793328783125,0.0
4513.721861070347,125474.74716454734,73703.56028863874,2,0,2,2,4,0.7742417363575317,1.0
2334.313449892434,151525.51561406953,79734.66632954283,2,0,0,0,6,1.0297144689124622,0.0
3204.147310200988,153777.7637025162,75793.3340605242,9,1,3,1,15,0.823294079274816,1.0
3313.8019149186243,143311.5374006071,59165.33948057777,1,0,3,0,13,2.929992376014148,1.0
4480.832816497355,178037.77221185504,45976.990089930456,10,0,1,0,3,2.700217710255737,1.0
3201.514926727676,177917.92791849773,48482.8332714334,3,1,2,0,20,2.062368602190257,0.0
3088.971244562306,128419.21509919055,44502.38470008099,10,0,1,1,16,1.126398037698714,0.0
379.9276007754153,103075.58274890609,57442.7964790701,7,0,2,2,14,0.9357150101455212,0.0
2616.1197086287602,139066.95024606696,35253.23845554214,1,0,4,2,4,2.6048932570623915,1.0
793.3365540443561,169096.04023297873,54528.70838159394,2,0,2,0,10,0.6817858231195904,1.0
3700.2971551713536,30960.857823001403,12364.13285170448,6,0,1,0,23,2.23304923704952,0.0
2585.498508022739,198639.4915325247,23458.53860523425,9,0,3,0,23,1.2371261548086936,0.0
3417.127507081349,61091.94129596387,67372.23398826446,9,0,2,0,23,1.7240330112302886,1.0
256.2808579818021,109942.32756219595,72588.66766724111,8,0,2,0,4,2.321772434363684,0.0
469.72047942672594,178245.05492328733,44503.63429214308,3,1,2,0,12,0.590849336604798,1.0
3595.800770910277,68256.86783751388,5435.942525395794,2,1,1,0,5,0.9388864236406922,0.0
406.8174631934332,111055.18806306514,74376.96495096614,1,0,2,0,4,2.1178724254331627,0.0
402.72080243803003,52538.97063080046,57058.94786810106,9,0,2,0,9,2.799333521435318,1.0
109.93695241269288,97162.97531599273,34880.15012916278,5,0,4,1,20,1.1452627618883389,0.0
4784.681921582426,60113.02731481043,49075.17862636122,3,0,0,1,1,0.8741950192713189,1.0
3700.6663793220846,91816.71729109669,36092.66225198519,10,1,1,2,16,2.8120593006032664,1.0
1798.5944720852176,93488.91685476273,38831.12045836793,10,1,4,0,8,2.6633292885993916,1.0
1517.8511273738934,198839.03423171656,71284.35965577392,5,0,1,0,13,2.77447367292132,1.0
1781.0309872419552,199118.21498164127,15403.487012617588,3,0,3,0,22,0.8117964046772798,0.0
3884.5349793468504,49513.66737230411,10982.523432132231,9,0,0,0,18,2.808878679660905,1.0
3323.784524798551,153414.69248581905,3210.1133275022125,1,0,0,1,1,1.9532727500160156,0.0
966.7180609439663,38796.7315437472,27178.028922133755,1,0,1,0,7,2.1673674980960707,1.0
911.8412099037175,35132.642607322065,14350.86001930091,3,0,3,1,14,1.6352968382415933,0.0
537.0584660813167,47906.76202164393,19938.88312563456,6,0,1,1,8,1.3884949762877992,0.0
3318.498462521624,194132.5616913488,3865.4016652340233,2,0,1,1,16,0.7821345059231697,1.0
3833.644677997593,189946.80314209856,20494.046930953147,1,0,1,1,14,1.0590393073841529,0.0
1361.97982020877,62967.729447715676,28618.791808792794,8,0,1,1,10,1.9690804483815594,0.0
153.67755710301842,57484.29704413096,5430.697223560862,10,1,2,1,9,1.2921593888546263,1.0
456.74975400831534,70890.96470771098,49808.61757088037,9,0,1,1,20,0.7992445524225196,1.0
4840.907172482901,117642.98899277416,46797.626864049365,10,0,1,1,7,2.2740907206473127,1.0
1512.4516485132303,126849.78744601968,10471.75494526423,1,1,1,0,5,1.8213388443776175,0.0
3857.6545817987612,67670.88317470605,48815.752868916876,3,0,3,0,14,0.6027098020014722,1.0
3142.0846658286055,158625.87397529068,79896.35173288357,5,0,1,0,18,2.1813181191626256,0.0
1940.6012162818347,82624.03879845064,75724.10936648863,7,0,2,0,19,2.653755011550547,1.0
1068.151947867998,186762.32533999975,3205.666489310074,10,0,1,2,8,2.4393048638329202,0.0
650.8627698890618,141642.8600976442,64244.129972437695,4,0,1,0,10,2.811707976425547,1.0
3094.31419179239,104179.70303161399,30227.60627020942,6,0,3,0,11,1.3447371027745396,0.0
3884.4372141570507,164285.0402894837,7901.1555157663115,1,0,4,0,5,0.7202021120834006,1.0
3237.326055028597,169045.486427933,25790.707456148022,4,0,1,1,15,2.2853174133205902,0.0
2674.9955595833335,79381.87295352042,27773.711756098095,8,0,2,0,3,2.7549178755579384,1.0
257.6585559865995,87751.47245213433,43289.806426797375,5,0,2,0,24,1.2974923598287447,0.0
4844.0194490921995,189112.37613386256,53903.450079701804,8,0,3,1,23,1.1633971568648867,1.0
4003.635248690144,58005.97652175622,60677.28214004741,1,0,4,1,7,2.2871485975929957,1.0
1499.4690816697755,37165.57088369881,21934.534277371535,10,0,2,1,7,2.32050958519466,0.0
4900.853130326311,107189.40484362336,27776.333909134268,9,0,5,1,21,2.573877930934653,1.0
3029.3138686997945,166205.68304141692,26745.39142819961,4,0,5,1,20,2.364686728992825,0.0
2932.99215812587,161183.5780728268,30930.73884530749,9,0,2,0,22,1.5010849213682402,0.0
3752.9622381761837,186320.20691518154,79973.53578963809,8,0,2,0,6,1.557515222569224,0.0
4068.260451046181,120644.11294273684,62901.63431771179,8,0,2,2,22,2.5115883227333087,1.0
3299.569106290938,47010.99416631066,78074.26582568967,2,0,1,0,24,1.1678769351006422,1.0
684.0739445126901,130077.12563712274,56369.5515851234,3,0,2,0,6,0.7719043528251965,1.0
1724.4241546727671,162327.25444004597,34282.84402684089,10,0,2,1,10,1.0448707820667367,0.0
4644.014019613946,45865.780445870485,33010.302139277075,9,0,0,1,20,1.7633503411743288,1.0
1161.847278627067,59351.75818659026,40620.748163078475,3,0,4,0,12,1.9262063682856094,0.0
1892.226767995691,32089.412396464053,35098.973319061675,8,0,4,0,4,0.6765110014830504,1.0
2188.78057057377,130920.93850595776,66781.12094914142,5,0,0,0,5,1.2584086613372831,0.0
2225.0546989875384,180744.84663080375,38805.15500305535,7,0,3,1,23,2.3732311351190605,0.0
3084.0509333479013,144012.76372035692,25762.30573623514,4,0,1,0,16,2.656181256496238,1.0
4718.225396836303,196946.81489046695,62664.24068964219,8,0,2,0,13,0.8248292035876201,1.0
1241.4289235708995,40715.72092495947,68790.3715223674,4,0,2,1,1,1.796791009456359,1.0
651.4318126895444,183510.18447575436,35373.029622814756,5,0,2,2,1,0.8743516470960893,0.0
1027.4789248066897,168391.6088557357,54421.260036725966,1,0,2,2,16,2.3051318223895354,0.0
4440.278256035884,83421.05848491585,7527.949109399467,10,0,4,2,21,0.8924876875848129,1.0
3246.76352264327,195499.5138123328,43768.79360180293,8,1,2,0,5,0.741673814733025,1.0
1465.2386067338427,78949.41718914056,6463.5476064041195,7,0,2,2,17,1.6018066514635683,0.0
4088.9373478946554,181181.80305079714,5247.694718074042,5,0,2,1,23,0.736812674275263,1.0
4313.781481999008,179727.2581026122,50195.213490250906,6,0,5,2,7,2.5401948771076404,1.0
4240.245976516876,158801.79482250533,26356.82444441401,1,0,0,0,4,2.56710593665757,1.0
4598.686341515795,125789.98054818482,60175.36150907083,8,0,1,0,2,1.7793179483319,1.0
1298.59304985814,50400.46743487097,71998.3571687096,9,0,4,0,2,1.9311599327972966,1.0
3787.4575472940774,120435.19486440471,13733.120377237005,5,0,3,1,4,0.8314863433402965,0.0
2329.670511506993,90655.36346133887,58788.258570577134,10,0,4,0,2,1.191611277039116,0.0
4217.892836805805,164676.89563640978,42618.03986820243,7,0,0,2,1,0.8025056639436774,1.0
3656.0288519499854,158881.96510446363,11633.182262527813,10,0,4,0,17,1.0359312472675837,0.0
3893.414860173637,184804.1262533429,53172.630699015805,4,0,3,0,8,1.4863205828826007,0.0
3298.001096521304,32521.127613390338,49928.94383919841,6,0,3,1,18,2.2046122567937037,1.0
928.272408875049,167547.54685991784,42704.42378986026,2,0,2,1,9,2.319907454131499,0.0
2747.8832485398448,189538.5490311937,74338.28275109366,4,0,0,0,2,1.6111791474470147,0.0
4924.115210646316,164181.0763483855,43123.13660000927,5,0,2,1,4,1.2326020576131924,1.0
4690.070929160739,52133.05817796234,79269.66388966636,9,0,2,1,23,2.524107051187719,1.0
263.70999219520775,43817.44782295091,42210.61866630455,9,0,2,0,7,1.5939164115995015,1.0
865.8333378607138,33543.69076730914,11920.606949205305,8,0,3,1,11,1.9012964473967704,0.0
702.0574286000815,136886.6883907721,39226.286332777345,4,1,2,0,8,1.1668615254386745,0.0
3643.6005544272125,137044.35081618084,17039.314716740486,6,0,1,1,3,0.666290376805785,1.0
4098.0373827918775,197775.33141709608,48979.2783617419,7,0,2,0,17,0.9112857844717757,1.0
1106.881263237826,97667.33959769628,56371.17748990729,1,0,0,0,4,2.2827922341673186,0.0
2553.9708301115534,86424.06843257445,39069.51646044621,1,1,0,0,16,1.1913954404591038,0.0
4211.47998865544,136152.23762134672,10523.128511602414,4,0,2,0,3,0.8159665139353485,1.0
3677.36764659294,170353.47432629098,39085.387690933574,3,0,3,0,20,2.1050699733350444,0.0
2734.074167184649,189251.57141891032,9271.97453454883,10,0,3,0,22,1.6950031463295785,0.0
2972.221067770926,166531.10825043655,55523.698574003116,4,0,2,1,16,0.5580756949513619,1.0
2566.3847072355857,102534.57670468681,63858.35331461174,9,0,4,0,1,2.9770754444435883,1.0
1522.8648340281618,137935.4200030509,77103.285196482,2,0,1,0,13,1.4555701536292636,0.0
2846.85886465213,175570.88554173987,14457.762248891146,4,0,5,0,17,2.1380038285157594,1.0
3459.982245147949,113403.6470129957,43996.36583606442,7,1,4,0,12,2.958952666127345,1.0
4372.948433510998,66836.72942991677,46700.377300227236,2,1,2,0,16,2.086462958739392,1.0
3199.642202197278,58852.9847571384,74030.69310113543,8,0,0,0,2,1.2791300235967802,1.0
3817.551608363632,30026.816578269645,51300.30132593159,10,0,2,2,10,1.7208155180162585,1.0
842.3545930251363,152100.45914681832,14204.242714689724,4,1,1,0,3,0.7569839866482861,1.0
2334.70949837796,48886.52550381838,36599.05194516557,9,1,2,0,12,0.9230984670644622,1.0
96.19151814411182,71452.64694830988,53416.71469498129,1,1,1,0,21,1.2791173910606572,1.0
1271.060379382034,80638.97635887488,56921.901269335896,7,0,2,0,6,0.7118772538270344,1.0
3645.985489809374,125264.57622325061,69456.69789147416,1,0,1,0,5,0.7837641473737895,1.0
4959.459259179349,97652.73714028078,16899.048228018582,10,0,1,1,24,2.598837918351256,1.0
540.9315929567188,144694.5786439375,76268.74530017338,9,1,1,1,1,1.1239987684371384,1.0
2037.396863513377,39458.57208587946,7553.734725200603,10,0,0,0,23,1.306387347682935,0.0
4010.3512950608397,51069.6630249547,78749.68436180546,10,0,3,0,16,0.9339618571230932,1.0
1059.9763914130494,114865.95560065535,69048.06615071345,1,0,1,0,8,1.5105350960804884,0.0
2797.6704990463168,87284.01393396108,53841.00427268719,3,0,2,0,13,2.244478755541653,0.0
3678.70291534689,80288.27166773115,59594.653520360465,7,1,2,0,14,2.863312803937774,1.0
3099.127978787886,41394.77343637886,8597.284455747325,1,0,0,1,11,1.8469632072540088,0.0
980.7224363463099,182272.25970716024,6193.949442872833,5,0,1,1,12,1.2505653332324067,0.0
1809.1536149944102,147609.15964125862,10835.966334455145,6,1,2,2,13,1.774657528476728,0.0
3929.769333202716,50675.08665934039,9726.705729138608,3,0,4,0,8,0.819153746485738,0.0
2793.421244953482,41057.812815313904,45148.354977146504,6,1,2,1,10,2.1928417531810696,1.0
75.88658703741805,195728.3306833113,19589.187007607765,4,0,2,0,3,1.3211718594035737,0.0
3816.9042621390645,145799.33357471583,69235.83406491794,6,0,3,1,6,2.8621443200061716,1.0
224.7912069541834,100967.53208593605,37322.643976241554,6,0,3,0,21,2.1463533539263215,0.0
3741.3822245195993,149294.27692848342,56554.30668728717,4,0,4,0,19,1.6903421867190858,0.0
1052.278772817925,158576.40370162704,53271.22815870231,1,0,2,0,18,1.0764467270475728,0.0
4792.463726590932,162593.5744060925,27628.683997587676,3,1,1,0,18,0.7298462361788425,1.0
1871.3067189453182,111239.14196101979,21723.903161481136,10,0,3,1,20,0.9704357721126526,0.0
1668.3115008734915,103080.06888122416,29369.13396784091,7,0,1,0,18,1.9250807507178673,0.0
786.9958491456011,31874.774325713057,64342.69478643749,2,1,2,1,16,1.7989870393271141,1.0
1562.7408666765637,187514.70957411246,48143.31732831062,4,0,2,1,21,0.5236502378760212,1.0
4389.421271049593,132562.33932612033,22522.477013976502,6,0,2,1,13,2.3601559768334024,1.0
4981.854971254874,64536.169322294576,65974.17611565313,5,0,3,2,24,0.6003638933878193,1.0
1873.1321760088993,186332.58130164424,7216.472730493618,6,0,1,0,11,0.6950443986405176,1.0
2270.6226232249855,185538.42330095038,56837.11987425274,5,0,5,0,18,2.2797359727938185,1.0
3624.2511441035485,198161.3079422363,36810.76204269694,9,1,1,0,16,2.115262984132122,1.0
4436.669113302119,178589.61573362642,59309.359727073395,2,0,0,0,14,1.0385616974775822,1.0
2985.5694542245815,199623.345929411,74414.51857874387,4,0,2,1,7,2.157068572468157,0.0
1988.0522059802552,71596.65198095635,60752.6255419116,1,0,4,1,6,0.547426061459202,1.0
2092.4781122006875,173182.42948386978,37031.33235897644,7,0,2,1,17,1.1952155514217961,0.0
3493.309825159194,169914.81249527997,14625.127476568818,1,0,2,0,23,2.3988662563284135,0.0
65.93040484117947,69259.86106752473,65089.02513701839,6,0,2,2,15,1.6867607812670553,1.0
3116.9672204262115,46734.383330168435,38474.325572945614,10,1,0,0,10,2.6389552452510516,1.0
1809.690401684719,196501.48732519193,8799.048906198994,10,0,2,0,17,0.859105941626219,0.0
3981.276789821567,80324.17375850376,58367.265628818684,9,0,1,2,2,2.656590748900357,1.0
510.3036671245042,178051.60437952704,25472.601375577407,2,0,4,0,23,1.7154015863274852,0.0
2961.601221394533,30701.616294682663,6764.393671899263,1,0,1,1,17,0.7536985014411932,1.0
2430.8158049363124,33574.217227332374,72511.82815300398,10,0,1,1,13,0.616559566129828,1.0
3229.5113532308756,109198.12247838263,40198.78409123107,3,0,2,2,18,0.5032421759647144,1.0
371.02529269069333,70581.49626896081,24634.00109432266,6,0,2,0,19,2.092618219088232,0.0
2920.9197477692496,147273.01818411393,58161.76495713819,7,0,2,2,2,1.0551615523162545,1.0
2829.348710399642,126145.93534655223,71214.48308155741,8,0,1,0,2,0.8648785036358639,0.0
2825.267467360046,43172.58556658355,3023.644777599173,4,0,1,0,18,2.003543603838412,0.0
3037.263949652451,57646.810373671906,55964.61824824584,8,0,3,0,7,1.5228689285828776,1.0
3398.516289270493,95968.37590993043,62059.900439418445,7,1,2,0,10,1.6237655286260084,0.0
4034.69554841981,61552.69087242364,19164.411900520958,8,0,2,2,4,0.8350392024648272,1.0
1385.6125646346609,164677.79903146785,40701.03501858343,5,0,2,1,4,1.133032898644437,0.0
4133.994580391307,100731.94004405761,9875.014216681058,10,0,2,1,24,0.7475310150863832,1.0
2516.3656272040953,45883.41736322487,60499.740953681765,7,0,3,0,21,1.3374169194401107,1.0
431.43848171493926,112338.29338626123,68254.11342937814,4,0,2,1,1,1.2715186306665993,0.0
339.82709975769706,45442.49078044041,11330.372613998867,1,0,1,0,2,2.444082211579697,0.0
1704.4796775455009,51919.34192136892,65867.43951432826,3,0,2,0,10,2.9668406612365765,1.0
3935.2400367017644,70733.67144479489,62410.90312730909,10,0,1,1,15,2.9979599344466483,1.0
3553.020626967533,176119.70989207327,29712.32566855909,9,1,2,1,12,1.46485865419598,1.0
3953.6440751284117,187184.1304966052,56152.293804885914,4,0,2,0,3,2.4827467911873984,0.0
2610.481829385966,170463.81398645174,3003.7055398620046,5,1,0,0,4,1.19781244796533,0.0
2228.9850398796784,86793.12696103402,74748.4193938819,3,0,3,1,9,0.8575418041082912,1.0
779.8900071961056,76315.89498850139,45379.50911874471,6,0,1,0,14,2.0998846936208344,0.0
1674.554130366092,123356.46743434067,50766.09253277396,4,1,4,1,10,1.6922469176788542,0.0
2198.3958625606824,152715.03729062912,54178.7748425106,5,1,1,1,10,1.9842158066230815,1.0
488.5721269141053,198873.37398722972,46225.414325814236,7,0,5,1,5,1.4157487182308743,0.0
1142.0291659204956,52367.02101941746,68970.81934053866,7,0,2,0,11,1.2551284819017505,1.0
3011.2152056155073,38379.63983404676,49947.04107566889,9,0,0,1,14,2.8194757461421003,1.0
3691.5324154839896,148040.50112919608,72897.51932551639,2,0,0,0,6,2.7087746523369582,1.0
4991.820181395101,171478.38319566395,47839.53491201869,4,0,0,1,11,0.8094574900560126,1.0
4668.910990150611,173879.29257729196,16176.426492503628,8,0,0,0,11,2.1307812563047173,1.0
3230.697737699198,145338.8033431173,73344.31679962632,4,0,1,0,3,1.394641665314364,0.0
2135.177863805656,192182.6867002618,55485.31737370281,3,0,1,2,13,1.9188241732123543,0.0
3199.077955305752,116870.80980257978,56841.40257153782,10,0,1,0,18,1.0179923353307205,0.0
3938.9755094971483,185348.51571715611,78882.09479401333,6,0,2,1,18,2.3091299587259067,0.0
635.7641450707672,194528.06328855891,8790.134674137596,3,1,1,1,6,1.2745070429058307,0.0
2079.029203996627,174016.76769052833,36001.63074632819,2,0,2,0,13,2.2213590006498127,0.0
4207.021313896305,82658.9557539655,21410.34525996937,9,0,1,0,6,0.8580206401458214,1.0
1949.9731120685678,63356.660698950196,51542.8377829516,3,0,4,1,12,0.8342359564120051,1.0
2880.7677425745733,123180.41104690912,65124.49964860154,1,0,2,1,7,1.3692104445070221,0.0
2959.4583362678814,107012.50756463203,77405.92458471577,9,0,2,0,14,2.9929609215122848,1.0
963.1574530115148,179218.9181727646,38003.90023551344,5,0,0,0,9,2.6526091546670516,1.0
1843.0654361788274,47005.38408141613,63538.80375948052,7,0,2,1,3,2.051923799822351,1.0
1705.830879272564,73815.81042295817,73612.97258710922,2,0,1,2,15,1.2721131419597707,1.0
179.67370723372073,157805.82056818047,55616.05830526313,1,1,4,1,7,0.9101077518693302,0.0
169.74923126220847,46147.72964614306,21690.406538632382,6,1,4,1,7,2.359778215881149,0.0
4166.900366195078,84529.95038368904,49804.76963529994,5,0,2,2,24,1.0103473410522341,1.0
1401.7005093654213,95816.41698917713,77686.30768192337,10,0,3,0,21,1.5285693540336636,1.0
2614.4898928821362,135840.9454156573,79041.64482234053,6,0,2,0,19,1.8229855421406667,0.0
1528.6915892644265,56882.54977229198,52461.706426191915,2,0,0,0,2,0.7313659316289218,1.0
4706.362263320935,176302.76335945062,71298.05735614317,7,0,3,2,20,2.4484441642600006,1.0
1333.51895638558,106082.18002926662,18426.901016342417,1,0,1,2,24,2.8531942848982825,1.0
2176.8012230577287,185893.6910196946,21948.05258132069,8,0,2,0,14,0.8666830402242255,0.0
4370.014739898779,109537.88531776838,76372.3461921342,7,0,0,1,5,2.6689035515799837,1.0
4217.571155619453,76756.84401992467,13413.12391310021,7,0,1,0,1,1.7117792495382609,1.0
971.2020183390728,54110.90087690473,17715.195733197877,6,0,2,1,12,0.8394583807893226,0.0
4023.0843834887664,30636.666100918417,35382.24213224398,10,0,1,0,12,2.0195270094329683,1.0
2318.0250893525686,120466.77244742206,48397.990157007975,5,0,2,2,19,2.8256356985366913,1.0
2440.6959168225085,48216.638477576984,49493.92586055692,9,0,2,0,21,2.893470244861814,1.0
710.7258634589217,96593.7198173003,25482.152667248458,3,0,5,1,22,2.299427261664559,0.0
448.977493097767,130176.19941030473,73887.27014217681,9,0,1,0,2,1.7339337282435299,0.0
3653.2995695201375,76866.60247345905,73462.69288580543,5,1,3,0,24,0.9667093743287293,1.0
2507.4827041587337,59788.12970223959,33189.24008503268,8,0,3,1,13,1.999840744397702,1.0
2212.4109779451387,161702.67584358808,36440.46624613288,3,0,1,0,12,2.0334759748702034,0.0
3661.065731829364,190954.4992878755,57092.27799544121,7,0,3,0,23,0.7777183692112493,1.0
3839.288850005993,47074.87103653422,54050.68402271536,10,0,1,1,23,1.1344462781388645,1.0
836.5954299633001,56450.355145451336,32436.870151994102,4,0,1,1,7,1.2683380433827702,0.0
3070.614489914324,193202.15173296217,34896.80736711726,5,0,0,0,21,2.6490768631897317,1.0
720.0027072745434,36423.317708081864,29798.9986434585,4,0,3,1,2,1.9586190747313266,1.0
3769.3066758437762,196197.49721358027,21124.645535404707,9,0,1,1,8,1.1097922557257762,0.0
3301.9280235223405,30789.56212444809,38276.65394515875,7,0,0,0,19,1.2751300323689547,1.0
4785.242374363117,178523.67146072633,55855.42815649561,6,0,2,1,19,0.8647423466123645,1.0
391.34218096428486,82245.28076791743,60131.43630920056,6,0,1,1,18,0.6106617130663381,1.0
332.4208696987089,189560.1058901404,62973.27091570912,10,0,2,1,2,1.7743620252668195,0.0
1446.8260197313407,83880.69906804952,31854.365035890354,7,0,1,0,2,0.5796050516516772,1.0
1345.4431344927345,141232.0746607895,61876.97155994297,5,0,1,1,13,2.9801089359011126,1.0
1272.5450554063991,43605.53686020923,3501.756308274396,10,1,2,1,6,2.4308435257195224,1.0
4535.960173579132,71196.06794713563,39732.845204199926,3,1,2,0,8,2.44467973408334,1.0
1285.2536892550552,161525.48890147262,64130.63881021719,3,0,3,1,19,2.386289439627463,0.0
1396.1511443367235,119876.59512539936,51513.443489384204,7,0,2,0,6,2.1027765784300767,0.0
3809.0213989689205,187754.7405037976,39502.86055989709,10,0,4,0,19,0.6749283244593974,1.0
2276.212220130173,102887.73941803022,52637.434508688886,1,0,1,1,9,1.6399622960740063,0.0
3894.717256928147,177868.10218836693,72834.84224244712,4,0,2,0,15,1.1974012011861388,0.0
373.56247994370693,106322.42437130038,46611.39864698597,10,0,2,0,17,1.2455672480650055,0.0
2463.477408683252,196472.2073793375,64583.53674242818,8,1,3,0,23,1.4267730351329326,1.0
216.38732090724903,193171.84483780904,78517.18984234022,4,1,5,0,8,1.3016578579403921,1.0
360.13335710400486,85953.23994453365,57328.75155981864,1,0,2,0,9,2.155516236453989,0.0
4536.865394054834,180607.02397085654,47146.08381945789,5,1,1,1,5,0.5186280109150736,1.0
739.2645870320961,174093.93361666036,5886.4179286512,1,0,4,0,6,1.4156809267019632,0.0
2685.4823772623245,65815.66754568569,31834.798165603243,9,0,1,1,21,2.8611203983662468,1.0
2084.9232328734975,136129.36813315586,46539.09048066411,8,0,0,0,21,1.1447054836033805,0.0
1769.3494649812712,42355.99365026853,64384.9060213645,7,0,2,0,11,2.053316576334365,1.0
4504.175061151998,172240.82249918848,36734.068802863374,5,0,1,2,7,1.9010527261011854,1.0
158.02581403867305,59672.800195594406,76924.48723388756,4,1,1,1,20,1.7231881359404957,1.0
3335.758946569166,42038.49923557997,23928.118952022967,7,0,5,0,15,0.8054626812136843,1.0
4818.802449357075,98037.2462415979,60331.674031194365,3,0,1,1,13,2.5895951729167668,1.0
2822.8325081361177,128076.76356193938,35265.41911547782,8,0,3,0,15,1.918185719072379,0.0
4687.271187063805,175335.88295516107,40421.11408157475,5,0,1,2,14,1.846555227501035,1.0
308.67650246581763,195621.2293386952,64792.6566076389,5,0,1,0,6,2.8730421759636267,1.0
2123.026929417099,104713.72713687683,25808.575147181327,1,0,1,1,4,0.707000916060614,1.0
1337.7810652621533,40275.97690749593,10454.52835782602,10,0,2,0,18,1.7288619342493368,0.0
3667.5637766546124,157349.648434398,43059.68001523389,8,1,1,1,18,2.2650345806944223,1.0
4907.420597961371,126079.45355806936,43717.185108888654,7,0,3,2,4,2.4928818900670375,1.0
1319.8238090990267,106141.52862355873,64381.91846135377,1,0,2,0,21,0.5021831291771854,1.0
3288.164277296669,82575.70939467225,77560.57887987184,4,0,2,0,1,2.2054830820813485,1.0
1030.5832821607137,115407.74973340107,7258.152847282826,4,0,0,1,3,2.8892645552395826,1.0
2848.384760129469,87575.53275769527,48560.08947821939,9,0,0,0,5,2.325597034029169,0.0
2346.4658091072642,158692.01751705125,55458.44683423959,10,0,2,1,24,1.547582539147429,0.0
4861.426381676109,122461.92840374899,78906.70400763617,2,0,3,1,20,2.6900182125809122,1.0
3062.2099998475096,179064.12160619904,75579.44649932219,4,0,2,0,6,2.6965653442927064,1.0
1780.056541829753,122402.46549040516,57858.70888282227,10,0,2,1,4,2.220538029901612,0.0
614.7741351952702,70504.61026778811,43177.78466582387,3,0,4,0,5,2.165219904214112,0.0
798.671802237926,174685.61997946457,15437.342017043118,10,0,1,2,12,1.3609521014774801,0.0
1165.3188032586138,124727.23763810747,32581.59475074014,5,0,1,0,7,1.1062517872084299,0.0
1292.2849736344751,65162.976484405415,48054.41902940088,7,0,2,1,13,2.0745303369441865,1.0
4260.549486313632,135996.32769255777,58840.430537873035,5,1,1,0,8,0.5197059002813038,1.0
2828.0528019984986,90811.85004021268,51925.76592589165,5,0,5,1,13,2.6074949051812406,1.0
2640.785011303114,173548.95408965118,57987.45574073608,4,0,2,0,12,2.7567442731598963,1.0
618.1059157526265,107060.95556991229,36044.74285049612,9,0,0,0,10,0.9100615086103354,0.0
4307.691482079703,153495.03087826085,59027.3013739677,6,0,1,0,10,1.931263206832754,1.0
3627.9308008819944,46241.155298160316,14068.07671351838,10,0,2,0,8,0.9456692303870285,0.0
384.95839140500783,97324.13887139886,15519.146005759743,6,0,2,0,14,1.7362984403324717,0.0
3553.783731287355,197151.04420030778,15538.075228868636,6,0,5,0,23,2.0960640205817,1.0
2740.514175846098,167438.2492111152,71596.60169175475,6,1,2,2,4,1.476341942264184,0.0
454.54046144655234,57189.93640237787,8854.622874764857,1,0,2,0,20,2.737071869374538,1.0
2318.5881755668493,77219.88841113336,64716.14470047764,6,0,1,1,2,2.7279638194397644,1.0
2449.2466212937325,86068.68750558139,20984.95914959876,4,0,1,0,9,1.8268376260183856,0.0
870.583973808215,140562.14528422576,39069.1054181343,2,0,2,0,6,1.9511770010565246,0.0
4731.205827651397,158689.10911324143,73528.6578508572,6,0,4,0,19,0.506785581298143,1.0
4257.378088829277,157419.52349734466,48117.16668593802,1,0,2,1,3,1.3448424148342641,1.0
3361.660569779086,116678.58957208847,19179.061839891612,1,0,2,0,13,2.4019333466971835,0.0
2338.363026953006,167839.4914324857,24874.93464454815,5,0,2,1,11,2.9851551830069654,1.0
2088.239430843317,104303.27406877076,73874.3900399755,6,0,2,2,14,2.8632105606436014,1.0
3272.3186623972233,51059.69610024552,35890.08223346833,2,1,1,0,17,0.7364704452897409,1.0
2749.8877535641823,125955.11308114826,48197.88219152279,10,1,3,0,18,1.542988566875157,1.0
358.2518741153338,191891.23538218814,38414.77914015493,8,0,2,0,5,0.6366106162393796,1.0
2586.888111413142,164808.92073672693,32139.732779730617,4,0,1,0,3,2.5935632216146702,1.0
4041.6979053025557,128379.1101076812,20192.492773794947,4,0,2,0,7,2.3251490237011234,1.0
2323.2373941049423,139956.96225934647,55836.74553731436,10,0,1,2,6,2.804368786800386,1.0
307.18505889362865,188195.54459604734,58304.63602295327,5,1,2,1,3,1.754267257386196,0.0
3942.077086950964,102818.27505394329,24166.15205376976,10,0,2,2,20,0.758181333556222,1.0
1046.7507215730732,86337.00362024835,63753.83491522194,4,0,1,0,13,1.9599636419117914,1.0
1330.173132695792,196131.06605007633,68799.21042322932,5,0,3,0,11,2.6678828765066753,1.0
865.2964494898647,176785.33269675667,73891.98241045154,10,0,2,0,21,0.6251317536546894,1.0
1684.5645711139127,84917.4093851624,15413.355871714484,3,0,4,1,2,2.5370835087784593,1.0
3795.9199531587433,108842.70155135688,26402.12363822151,8,0,3,1,8,2.059010659141529,0.0
2620.96000454449,100563.28193132584,69247.20775778456,6,0,2,2,12,0.8305664258181212,0.0
1064.1623070460273,55346.26537414377,18287.595617747837,8,0,1,0,12,2.147898226429278,0.0
4395.258886852602,192829.28504825404,3267.0713617491433,5,0,3,0,23,0.6552286235514531,1.0
4403.930182010069,98733.11330735899,70053.70288937585,7,0,2,0,15,0.9361293044987089,1.0
4359.363203977734,178805.94404844436,28136.607014855443,10,0,2,1,8,0.6458619237091002,1.0
1232.0412463386194,62190.55870571306,34916.30943569915,7,0,1,1,12,1.9608240445388803,0.0
2283.634753695891,123138.03780832735,37367.71998048912,6,0,2,0,23,1.219326960414484,0.0
4925.698797897332,34073.43547112587,68317.1442513766,10,0,1,0,10,1.221113058803806,1.0
3871.4617577344525,159917.48225319246,29017.695133696452,4,0,1,2,21,2.1161558847773976,0.0
184.4787350665211,128755.36270186733,71705.5512109491,6,1,5,1,3,0.774992715517153,1.0
372.76272673943566,136350.22918985796,50504.313629699696,9,0,2,0,6,2.083008628178228,0.0
2346.460315221047,38792.55003429109,43601.077750593686,4,0,2,0,22,2.244737432937423,1.0
4550.640019014722,65876.51613546463,28072.317048814606,6,1,2,1,15,2.6436105506687446,1.0
2716.5738998659353,42636.24830010863,21765.80061365131,6,0,1,0,14,2.1786135172838197,0.0
2514.1719147697368,79115.433686648,51052.50009385585,3,0,3,0,3,2.133579545680517,0.0
572.0948147853214,136664.63130596565,37410.85032435636,4,0,1,1,18,2.1414325324974333,0.0
3301.0615183852556,126251.61733395379,73109.73276476449,3,0,3,0,21,0.6028891294400258,1.0
4119.410644971116,134065.46967427636,40856.18114078183,3,0,2,0,24,1.604338222567004,1.0
1933.0790371624335,123372.71613424203,42408.20858599172,10,0,1,0,24,1.8779403777530286,1.0
3889.278662080371,76414.8952648961,35087.69264747206,4,0,1,0,17,2.1627310770201116,0.0
4824.159436809017,71566.27454855229,63773.250768328944,4,1,3,0,14,1.2280240592837395,1.0
1058.6439726820608,53300.14620121881,35712.61825441382,6,0,2,0,14,2.1947819048850916,0.0
2640.4816744139694,174342.04873359366,23739.333980731128,4,0,2,0,16,1.489637012281814,0.0
1471.332892518649,134801.49095201155,69376.37732060025,6,0,1,1,19,2.2883142947989734,0.0
3974.629374217505,61706.87212569016,48955.773045123504,2,0,3,2,11,0.9626081606916408,1.0
2909.0871611117295,60125.59456961072,48546.286922213134,4,0,1,1,5,1.2617091513303471,1.0
3191.182966874004,178416.05225944324,50033.309951622345,2,0,2,0,1,2.87399808889365,1.0
3999.675090098676,156264.2468397643,58350.66061183634,8,0,1,0,22,2.394792683189248,0.0
2010.0538396791517,142097.84358391314,27106.235177067647,9,0,1,0,20,2.7465605269449926,1.0
4579.6958386148635,99166.89828168097,5606.016554141219,7,0,2,0,18,1.0004798580363823,1.0
2688.4928928683926,74535.84592734798,65415.67338752974,6,0,1,0,14,2.8572044235640024,1.0
831.8763730349726,196506.62972918004,12925.689148886082,8,0,4,0,5,2.360467338175529,0.0
3494.700634935572,165530.72775387604,58580.1197652119,4,0,2,1,5,1.976416597489375,0.0
3976.643684669359,81302.467933167,9338.277968124314,10,0,4,1,22,0.5318772545001353,1.0
1617.970301484257,174086.0153673441,31898.70383619389,2,0,1,1,5,0.6297705403510938,1.0
4293.037322143828,159018.43126449586,7853.007377028445,4,0,0,2,10,2.4311199754851076,1.0
4535.409111090544,80503.69347925973,43210.45333133479,5,1,2,0,10,2.1724343604717586,1.0
1420.6772125201542,102513.98522107875,53291.45450418128,9,0,1,2,9,1.0341721422797288,0.0
4918.431289940349,61612.08571647453,16200.3518707205,5,0,2,0,14,1.603238437930413,1.0
746.5220638413541,48878.915544278585,31615.32661975696,9,0,2,0,1,2.1399211932314817,0.0
1049.9775585923253,152869.54558274845,74628.44081031512,9,0,3,2,24,0.5381629293731558,1.0
961.9129542282293,75477.01575015733,37063.96201727417,8,0,0,0,6,2.1928728791647103,0.0
4475.249064538959,169410.0921768631,64795.85481119486,5,0,3,0,7,1.5038742946124102,1.0
3288.748134008561,199253.48095745244,74393.2253696361,2,0,2,0,12,0.7371721671775282,1.0
802.9162019502508,43025.368368040276,78024.62852325106,5,1,2,0,15,0.9088657687014718,1.0
2229.6009209233275,110415.97126422904,72170.79551623543,1,0,1,2,16,1.566597261657233,0.0
3095.72522409552,166350.63508283652,27440.210345240623,8,0,2,0,3,2.0659023460525785,0.0
463.14722069744727,164121.6524120097,77118.11223441186,2,0,3,2,16,1.3608559638182867,0.0
4417.961023616327,159199.51691626466,65554.43361444562,7,0,3,0,8,0.7752291077787938,1.0
4027.837500435599,89329.13900132486,67462.51994024056,2,0,1,0,14,2.565795843666821,1.0
2550.7735292043594,107155.05346645889,4168.319781231277,5,0,2,0,3,1.7506629102242313,0.0
4837.276745532894,131144.62074804993,76476.39247550862,10,1,1,0,12,1.207254200538059,1.0
2117.9168474117437,195569.8992074537,62912.94723635304,7,0,3,0,14,2.208278065294441,0.0
4921.346079230664,85683.03605954378,62133.4972311083,6,0,2,1,19,1.3406899428563954,1.0
3356.203994077954,186934.4609118658,9277.404281501142,5,0,3,0,4,1.4042872586861985,0.0
3191.6228026070103,75790.67609068399,20907.777662646506,6,0,2,1,12,1.1940270637804988,0.0
871.4767317141358,198142.6591305298,77094.14821561823,2,0,1,1,3,1.4023686277163332,0.0
4415.542403607988,143944.8267606906,41552.134760021676,10,0,2,0,22,1.155948995611787,1.0
2166.073955207045,108796.95166095367,33635.06740426872,1,0,1,1,23,2.956014253027518,1.0
853.0553586232728,134276.37277081283,67675.44292031236,1,0,1,2,16,1.1438263376289441,0.0
112.40722388000725,76330.29873683516,9725.211886773714,8,0,1,1,3,2.1176492204350876,0.0
2820.790634009994,76609.55577694933,35104.53525287157,3,0,3,0,3,0.9803924134448154,0.0
2660.6281295072476,49304.27245339395,31928.959630500438,3,0,0,0,7,1.8919985701920312,0.0
3610.800430727335,49388.55060991779,29938.55680134024,9,0,4,1,10,1.7723269382703841,0.0
4456.777362438121,89104.19604971493,26692.30276128663,6,1,1,0,16,1.8842672425132836,1.0
443.06259398299613,159685.4312423832,19175.77167283601,4,0,5,0,13,1.3910269655156773,1.0
3670.9076271847935,133355.09849168762,16314.13183027021,4,0,5,0,19,2.67697225903228,1.0
977.689123283032,47439.37525627354,52311.2710028149,7,0,1,0,6,1.2447018902717084,1.0
4297.976413127962,174880.20924590487,73793.40277306824,6,1,5,0,21,2.678449593524515,1.0
4104.3643936151975,132232.49658831127,42181.57668424087,2,1,4,0,24,1.5158457276468102,1.0
2726.9290871784447,193345.44805341255,25944.040530691607,9,0,0,0,9,2.130690198735368,0.0
3565.701853185392,143931.5294599053,15255.335224611428,2,1,4,0,24,0.5251705285485349,1.0
1606.0330602595545,59779.726829710766,66921.03910904976,8,0,0,0,14,1.6024400268929355,1.0
2382.2810997174324,110543.17159232979,77804.88834843747,4,1,1,1,17,2.124142325489278,1.0
4117.102643666834,140244.5915830247,29884.965913024593,10,0,2,2,7,1.2440243952548078,1.0
2323.362726007409,34804.999178496204,25403.182767513925,1,1,0,0,8,1.3036025130970257,1.0
1821.101413360937,32534.74490631734,49314.95737907048,1,1,1,0,5,1.492483281088357,1.0
2496.3516138889845,51998.51010175655,62700.33153341378,9,0,5,0,20,1.172736482601251,1.0
4149.8337995642305,72782.95395773003,38066.015873324155,4,1,5,2,23,2.007680705961639,1.0
1709.27983448582,103023.35099851484,51515.63253929309,1,0,3,1,12,0.6229142842505013,1.0
910.1198860219318,112864.88053916402,58174.27823779348,3,0,2,0,22,2.5778521570151636,1.0
3574.4694006373647,53464.69351944246,76965.6061649258,3,0,4,1,2,2.8999680286012164,1.0
4138.592152905005,144476.56844969123,15707.874450046422,7,0,1,0,16,0.9141182612975769,1.0
548.15551869149,131343.4704884109,79798.45202455345,6,1,4,0,3,1.062788079774008,0.0
1237.3768581419263,80058.89680299723,33196.06245357462,8,0,1,0,15,2.872145492159403,1.0
752.7613493169198,32322.18018399964,58686.41098994464,7,0,4,0,17,0.9103630075041603,1.0
1772.3099873317249,43200.14561005942,47075.907103920785,1,0,2,1,16,0.7658454499117966,1.0
2279.2373455817924,96588.1118368427,40473.48350968069,3,0,5,0,3,2.4831531708023884,1.0
3756.690367968367,56175.63969816627,56751.80339233216,9,0,4,1,15,2.194152081336551,1.0
3273.1805451642867,94059.33304515504,33473.046467216824,4,0,4,1,1,2.1996685453531506,0.0
3123.596409018234,136791.04276676037,12710.468562934093,3,0,2,0,12,1.0666140944851483,0.0
1794.2559857177894,123030.3627394782,40644.79050033546,5,0,3,1,10,1.4397963324308602,0.0
4215.165387769562,69299.90013335702,43187.522042538534,8,0,3,0,23,0.8983249755048444,1.0
2382.871478620915,88449.82351398791,18546.465811795322,1,0,1,0,6,0.9040106342719516,0.0
4896.569443175015,134385.3037362706,75042.69043730659,2,0,2,1,8,1.739205946477441,1.0
3189.003584563897,176345.35476738628,20515.62479176443,7,0,1,2,20,2.1817771083770596,0.0
675.0104707442886,158046.28458560913,34510.52474447552,1,0,4,0,6,1.3018043136594484,0.0
3397.078932273398,124078.00456168054,14929.585887043695,5,1,0,0,19,1.6884037562698324,0.0
1659.26487638691,91589.80971380265,44256.34175639469,10,0,5,0,4,1.3708934169729698,1.0
3447.3196235961823,92058.71718210692,26688.095823706903,8,0,2,2,22,2.786953833122502,1.0
394.7236834039084,179500.94274494733,40673.984038158465,6,0,1,2,16,2.2585233813318926,0.0
915.6631140209989,36671.40792689289,20295.502567281546,3,0,4,1,5,2.0628824105201384,0.0
4285.899431583643,197957.04955144436,7140.684852051113,7,0,0,0,16,2.325799640454526,1.0
1174.5388072663986,142943.8198447656,63000.45213333366,3,0,2,2,18,1.1698896560336012,0.0
4193.353569952554,145793.4088423064,52363.6438648937,5,0,3,0,13,2.8244839502873753,1.0
1432.4166378493317,36459.632341806166,29236.93038974799,7,0,1,0,13,0.9987228608890324,1.0
3232.2654547906027,132939.97673151628,6657.055300538812,2,0,2,1,18,0.8452138236634261,0.0
3486.0453388736637,112412.27021537599,69649.27982767831,10,1,3,1,8,2.7650014628897566,1.0
2587.641028068012,47982.41417199139,16074.21538004731,4,1,5,1,21,1.1497806883534407,0.0
1561.28784964882,77246.74183079104,74667.15080766995,2,0,1,1,7,2.6209091074577158,1.0
1102.589663036926,181353.4575563207,39851.8441518888,7,0,1,2,22,1.24414500149022,0.0
214.2873050840098,123498.030697212,29209.77666295325,3,0,2,0,15,1.236183065154744,0.0
1554.5346861415828,100280.81777956449,60115.47972060422,9,0,2,1,2,2.894445875441871,1.0
3283.1558131298507,42355.96649293786,70516.6342677893,6,0,2,0,4,2.9132494515363407,1.0
4694.608851319989,151400.65965839196,31544.944400719727,1,0,1,0,16,2.904478801082318,1.0
4362.462187202107,149484.63997732554,34365.468917104416,10,1,2,0,12,0.8430038521701793,1.0
3842.020643849748,134387.4131853358,36353.1828897342,8,1,4,2,16,1.92923183472054,1.0
3952.8143491038286,116744.64985751036,74018.87573385752,7,0,1,2,23,0.5911213655566536,1.0
3341.6752722061765,103743.34837525335,56327.42734660362,1,1,1,0,17,2.216162014905247,0.0
1338.4199449517148,130856.08580795869,22068.751012515477,3,0,2,1,20,2.177806678957263,0.0
4540.615401993858,69677.22679382915,17244.976707652415,3,0,0,0,10,2.9808140674911376,1.0
3370.1249439338785,190014.0409102001,20738.310083710836,3,0,2,0,15,2.694549243058479,1.0
2824.1811233531776,130095.06996063903,23294.419467284843,7,0,1,0,19,1.0454639283368,0.0
599.3978726067313,82902.71554024401,20724.128832718117,6,1,1,0,14,1.609494345654788,0.0
2262.924941841806,106445.57465047673,53704.9964338145,2,0,2,0,1,1.1432286179754385,0.0
2328.773442449535,166966.4141090717,11926.880320627988,5,0,1,1,21,0.6193644927089497,1.0
4329.589867137216,57474.730324150565,32826.60370751297,6,0,3,0,4,1.4561702129888205,1.0
2755.908689929553,79782.05581824426,51129.12511871822,2,1,4,1,2,0.7692570340524753,1.0
1932.9827174035277,145516.3638652144,25396.217993605675,1,1,2,0,23,2.412233407591095,0.0
4885.161626127764,83633.16510197805,8026.127622027668,4,0,2,1,8,1.4735639950563926,1.0
598.0669369652626,164725.2859164492,9300.442059139557,4,0,0,1,2,0.578099212393,1.0
2141.614720144126,52177.092820151345,12699.441775460848,4,1,3,1,11,1.1767497182354496,0.0
258.0221420984562,159656.64897728345,67359.91291484796,1,0,2,0,10,1.331857255638844,0.0
3712.5253977963052,41619.79152459626,53655.48993158267,3,1,0,0,11,1.6329766564960368,1.0
4594.478933385795,32140.744153474112,7968.225654518648,7,1,1,2,9,2.2029889316186986,1.0
1436.1847812749227,182697.99820146756,33112.30369465933,4,0,1,0,24,2.4697154606534033,1.0
4298.791300155648,128827.66687849077,24451.058309224052,2,0,1,0,4,2.9645150439798047,1.0
1496.480240786394,89810.57250475795,47509.08859541761,8,0,2,2,4,2.635565170482189,1.0
4558.312300137381,69541.08828385457,43256.05812476813,1,0,4,0,21,1.6440349498599265,1.0
3782.1114228040806,134870.58315433873,40046.54979946805,9,0,3,1,1,0.7637238905439354,1.0
4034.288545365121,116530.37120124549,27217.452518691214,5,1,2,0,23,2.1599889593618102,1.0
139.13245022224976,198571.62184009748,13610.582447387287,2,1,2,0,4,1.5559566172871915,0.0
4815.911267516429,197146.71773113677,60162.98148119312,4,0,1,0,1,1.5139855383058731,1.0
3647.0214107481,137954.17624407363,70748.97120088439,3,0,2,0,4,1.3443727544458253,0.0
1558.5179221613598,105287.98603800139,75699.62001092693,7,0,1,0,4,0.9221289464593823,1.0
4155.5035910512925,113493.96475289256,7513.660737245696,6,1,1,1,1,0.7219851541079443,1.0
1443.5299321539032,146021.44126026653,59972.970792343986,9,0,2,2,14,2.5472257421604843,1.0
4370.131505852333,47267.672520014836,58940.76637433611,4,1,1,1,16,0.9624114421137226,1.0
607.2729325390882,85819.85254782208,75927.44028921037,3,0,0,0,9,2.249591986350225,1.0
3533.245588430939,42796.28097061266,22474.423776327938,7,0,0,1,24,2.3169045997692983,0.0
2726.457459392306,42471.329117876325,60147.78594872705,6,0,1,1,7,1.2683709249323,1.0
527.845627467432,63292.67112201973,7206.224235019312,5,0,2,0,14,1.8905707983619278,0.0
1247.374449881253,112493.05328084857,51605.92049864467,10,0,1,0,5,2.2783829954678154,0.0
111.3999795727082,163411.6345976742,30015.28245201784,7,1,0,1,14,0.8361139631948171,0.0
2370.4014290493037,112534.30149819833,62206.02684515559,5,0,1,1,13,0.9233828461991316,0.0
1541.2630407620018,87031.02379534786,69474.4300555253,9,1,0,2,23,2.293896741760914,1.0
3011.869547273906,44000.00835724888,31091.22025074875,4,0,4,1,2,1.199661272347756,1.0
1521.327148157655,123550.23894113203,43470.12913784615,1,0,1,0,23,0.7679852002553793,1.0
1534.5996019595743,76115.65970214005,12040.112801997193,10,0,0,1,20,1.8006073506031304,0.0
3728.8063337214367,134538.81024591508,35101.8363222077,5,0,2,0,12,2.5159056526054258,1.0
288.30703809284955,196121.91565251112,30781.630280956033,1,1,1,0,21,1.265408827657631,0.0
4519.330226200337,48923.43465118353,17100.506403407864,1,0,2,1,7,1.1513304118044174,1.0
4268.706178236348,66061.31778272978,71874.85410704174,1,0,1,2,2,1.0194195502213814,1.0
3355.633181970712,110426.0714768937,14402.763529092339,1,0,5,2,21,1.6917175735310757,0.0
2986.4467720315524,194664.348608808,51951.930529824414,8,1,5,1,18,1.9319028400333922,1.0
4466.897365791278,161207.66196589926,71540.98354795136,2,0,2,0,10,0.8364142751303073,1.0
967.3843886671365,182698.96283768112,73221.58064946838,9,0,3,0,6,2.503583824312012,1.0
440.89735284460164,86731.52424088478,64079.45688772377,7,0,2,0,24,1.8251844435491686,1.0
1235.5753410522136,198646.54054236106,16562.8673083116,3,0,5,2,7,1.906904276600671,0.0
3983.162479565942,47481.57873090675,65942.21850946796,9,0,2,1,12,0.7938968522407026,1.0
221.61782029609245,39005.394027837145,24295.490556003093,4,1,1,1,21,2.0581133827126266,0.0
2934.8938336632737,175452.44659918477,74024.64811230318,7,0,1,1,16,2.1957982101535762,0.0
4977.415705146984,187635.02793518765,57599.67446963642,3,0,1,1,19,1.509537590890206,1.0
4285.69566449582,45399.5107828373,63465.60219768426,5,0,2,1,20,1.998033230368538,1.0
2631.1561607657677,49282.66254679306,9547.498919649166,4,1,1,0,18,1.083545325977334,0.0
365.0225009688796,35639.60681848155,47872.91373515292,6,0,2,0,22,2.098204661998727,1.0
4165.298896209264,47766.285649263096,66227.94377119833,9,0,1,2,14,1.8325495886773164,1.0
3014.943615477192,65601.36885604775,69342.45716348244,5,0,4,0,15,1.95700071635127,1.0
618.9183354448559,194913.02521470017,5204.641264490397,1,0,2,1,8,1.129253211915116,1.0
514.5935598756132,143536.23778074567,75315.26090674418,5,0,2,1,24,2.472763610979338,0.0
4552.652756211132,162354.01433815216,6337.082464290939,5,0,2,1,15,2.564903804982547,1.0
3362.5413015434883,161943.69862755877,50317.93833496344,9,0,4,0,21,0.7618797386627922,1.0
4154.96965661794,120962.53746246648,56390.83962637903,8,0,0,0,12,2.6690659111960815,1.0
4400.945556397223,165573.12621121292,11265.587419929056,5,0,0,0,22,2.439732795916048,1.0
2880.273142639195,131287.28050629483,6696.9136519078365,5,1,3,1,18,1.8831055066383444,0.0
2611.359441187454,83472.83659257079,63438.23589270614,2,0,3,2,10,0.6377496879880319,1.0
2180.6156810889015,125388.71849062812,32619.638109402415,9,1,2,0,20,1.8081687610363484,1.0
1618.8856095660406,120696.4596428673,11247.663679264522,4,0,1,0,14,1.67146398098641,0.0
2201.2500062506233,169987.0191390845,61725.42186184844,7,0,1,2,19,1.0586560154396556,0.0
3880.704295864274,196893.62695488203,68385.55640105878,10,0,1,0,16,2.5838366712250695,1.0
3029.520983524901,99877.23612155819,48228.736688428166,6,0,4,2,22,1.301350100691351,0.0
4467.990285276488,159776.41533503114,15415.234249467712,5,0,1,0,22,1.950636509821266,1.0
2244.731071176979,46959.7106864827,4172.130304844792,5,0,2,2,20,1.6263923499040198,0.0
3055.0934146578325,162061.33280620904,56961.79106024968,7,1,3,0,6,2.69617307100149,1.0
3174.972387805344,93140.87503884945,45360.75496154939,2,0,0,0,13,1.75242020581107,0.0
2978.9009534163115,36696.32769124673,53111.37991244612,9,0,0,0,11,1.194994236211843,1.0
3528.037176773306,91751.85035557012,65615.21960536887,2,0,1,2,1,2.3053618214892886,1.0
1225.295668455291,133809.2676566796,36435.538828458855,9,0,2,0,9,2.4184890793658886,0.0
2586.2006988516637,50272.52850584932,12587.691100188771,4,0,1,1,19,2.8366308999607415,1.0
565.912773901321,187085.86371314328,75378.71297509363,10,0,0,0,5,2.365547265743748,0.0
1953.3310718418222,43204.31025638256,44985.18379800801,10,0,1,2,7,0.623975953499341,1.0
2463.951989675259,188101.14237163824,50377.6471698176,6,1,0,0,2,2.5726961894890814,1.0
3278.510084750089,150213.3780490667,74872.68007548484,1,0,1,0,20,1.7058113852735977,0.0
4755.1287103017075,86051.06982041462,74731.94153589025,5,0,1,0,15,0.8655294023612878,1.0
3023.2227794143614,96427.55911054584,47051.284718069364,6,0,1,1,6,2.9461877108964822,1.0
3730.789885073971,155937.5920045665,25916.07970354981,9,0,3,0,1,2.1250989940728386,0.0
2556.0169945012535,132250.08714980527,79777.74981898093,9,0,1,0,22,2.7307578868149482,1.0
3188.81495531284,144179.2966473407,55422.91592642227,9,1,2,1,5,0.944165524100163,1.0
401.11446986217845,96157.9848072916,34449.62412068836,3,0,2,0,2,2.441089348656285,0.0
1309.2383251671426,112928.29190729183,46107.43381972641,4,0,4,0,22,1.9912724166783722,0.0
1841.1728113654365,198277.4722864419,35019.221870638285,8,0,0,0,21,1.4658146305650053,0.0
2388.842107282242,66366.88798495202,71399.49672684185,8,1,1,0,14,1.0341835188718282,1.0
275.9612902367995,101035.55170876234,40152.45186466245,2,0,4,0,17,1.3518701826413366,0.0
743.1192828889225,79609.94188757444,66411.68495055602,8,0,3,1,12,1.8352207242260128,1.0
1420.2308235669636,160068.95677477447,67693.5749323713,7,0,1,0,6,2.3325926295389983,0.0
4859.086819960201,159882.1463631725,66473.59000561413,9,0,1,1,7,1.589861302958881,1.0
1690.1676851601012,79715.7283695573,58608.52316062693,5,0,4,0,16,1.4813436229445744,1.0
2436.1032376548087,43836.35382760709,68825.5841941838,2,0,1,1,13,0.5214022436754974,1.0
1020.683678055045,31943.555034274686,32816.677630968625,5,0,4,2,2,2.8732563145003462,1.0
3073.3613518250527,102666.59065122253,11829.066872930947,2,0,5,0,22,2.426802389238905,1.0
1439.3819168040727,99757.39103708105,67868.97373668362,5,0,1,0,22,2.989723836345356,1.0
1074.6132632702127,198026.2793687767,41358.968007925585,9,0,3,0,17,2.80083173785735,1.0
2607.0345108075962,109866.35286860554,12807.954504644527,7,1,2,2,24,2.6574625515082397,1.0
77.25370584408307,73591.1228278215,11879.064208014612,7,0,3,0,5,0.6452067650335744,1.0
87.93696161366537,181509.00497534947,15261.664338761739,1,0,2,2,2,2.0390280804847216,0.0
1134.390605054196,113481.55144110834,60824.94099436715,9,0,0,0,21,1.0633878079440429,0.0
231.77074437906467,131859.8579857982,57735.96385690365,6,0,3,0,20,2.7038592811678512,1.0
584.7274829469224,46263.68077279616,18694.03837423601,7,0,1,0,23,2.549421011441663,1.0
1727.3602142268203,95095.78924606158,68213.10319445423,2,0,4,0,24,0.9259854388953341,1.0
4022.7991139200735,190518.02466054374,24659.699255674856,1,0,2,1,1,2.466175198205092,1.0
2881.640784678039,130215.91530982232,64059.889915250955,4,0,0,1,1,2.9672911843804295,1.0
2587.7052434842612,88565.31537421848,40638.054895590525,9,0,1,1,8,1.3937817981621146,0.0
1502.769674880202,136363.42070737082,59329.24855546959,9,1,4,1,11,1.4131096502154517,1.0
4662.180911192441,184769.88522827975,32366.85005666457,3,1,1,1,12,0.5628276599966273,1.0
2015.2244541240987,76578.40208034031,29729.82597629775,1,0,4,1,4,2.3175523845325694,0.0
481.1091956390689,115869.84214001465,67784.68911986859,2,0,1,0,24,2.567247888793195,1.0
3104.479254783116,192977.4111649984,5718.273597583364,9,1,2,0,7,0.6165376896173773,1.0
613.500047709177,59307.344360736955,78054.74493882807,9,1,4,0,13,2.8632124033010107,1.0
1758.8545568683758,152342.86735144095,52909.82598643375,1,1,0,0,7,0.6836728103972061,1.0
2561.689096653154,134461.771394507,36301.22089135704,9,0,1,1,4,1.922150330972725,0.0
4377.40149719162,145544.77229390794,51360.19889858274,1,0,4,1,12,2.8183636877769525,1.0
2493.0555726835873,89707.33721348684,12451.052877341677,10,0,2,1,21,2.82091260445142,1.0
3526.180891856738,83359.49349224003,42582.039057603164,4,1,3,1,23,0.833149892675918,0.0
4964.443353045398,146315.64400002296,78852.35529716442,5,1,3,0,18,2.9283067419578632,1.0
700.871143495009,66642.35846777272,21115.746714196426,8,0,2,0,13,1.1760693271307583,0.0
1409.9210513216217,101341.30662603087,58615.41362579891,5,0,3,1,19,1.3541071704472323,0.0
2003.1515742083498,61989.68982899606,36492.79593904095,5,0,2,0,3,2.1877915270206145,0.0
2138.0494837672154,31411.822990966055,53239.277433572424,4,0,2,1,14,0.7802337986453953,1.0
2084.5543225644515,194909.7512064718,18776.31660926671,9,0,1,0,16,1.8357415836769528,0.0
4542.674462654947,103389.50637159124,39225.80366155539,8,0,4,1,2,2.5399404632601597,1.0
3584.461590110939,194789.4344513703,78467.13896716418,9,0,3,2,20,1.740483734459275,0.0
3059.1308097489837,53854.99836053043,18037.11062823274,7,0,1,0,24,0.6526497328233254,1.0
1581.3949534207713,129852.35250777262,52006.2671443543,7,0,2,0,1,2.512627233775783,1.0
4127.762401895408,64165.58557451073,47321.02665504324,5,0,1,0,14,1.1007363122207485,1.0
4777.5495318506955,164312.6015837567,46508.972144361054,10,0,2,0,22,2.51408566051552,1.0
4114.931498623621,163229.5080893658,50364.49330317452,1,0,5,1,4,2.84540510403211,1.0
57.747270697790874,49143.215336683,41672.32397399356,6,0,0,0,5,2.387034227097452,1.0
3200.186782407865,185050.95698898615,4303.667769839666,10,0,5,0,7,0.582879758642232,1.0
303.1201381383986,63087.04002454819,72307.45448266008,6,0,0,1,11,2.1488622165124514,1.0
1325.1557406519232,134206.14807019127,66677.36971627038,10,0,2,0,12,1.1803753999778626,0.0
344.64726672146986,197557.71541490968,16410.911430926342,4,0,2,1,8,0.997423449019849,0.0
3038.7874920994695,180007.41091028185,34822.03465817292,2,0,1,0,21,2.402082698108134,0.0
3448.6200717884035,192615.86785539874,62332.27151340473,1,0,2,0,7,1.2238552630718487,0.0
616.7138084262303,88241.7911070803,78464.79828482089,3,0,3,0,3,0.8589737074999302,1.0
1950.0024710726484,47947.85917730877,76237.55257601755,9,0,1,0,2,0.9272518860336255,1.0
2308.370719329933,62018.96845920652,72250.65837506541,1,0,0,2,18,2.1931600067546677,1.0
1876.8124577165372,115084.13216302435,15194.790092033752,5,0,2,0,10,1.643637478043038,0.0
649.0737524017056,164849.04530646477,73414.58316269337,10,0,3,0,19,1.0215734929110596,0.0
2123.791561428003,55526.11951125879,70640.25829723311,6,0,5,0,22,0.6992334879180415,1.0
3768.3313366516695,142154.3604843287,32025.143159811996,9,0,1,0,15,2.8431586002913893,1.0
401.48793943961454,85008.19268671703,33378.23977929218,1,0,4,1,17,2.993824491066205,1.0
446.89106970542207,88004.35230666609,38412.986990547375,5,0,2,0,19,1.4854301944736288,1.0
1806.1178945881218,142526.01412684747,53525.523584414106,1,0,1,0,3,1.121733136255049,0.0
4711.542272513679,109389.90132064743,23084.342430692213,2,0,5,0,13,0.6044409154022587,1.0
3359.4346012784245,168045.65981441896,4767.029066875741,2,0,1,0,2,1.2681918453917147,1.0
3409.4162855291956,56506.1466426806,13874.673393987654,5,1,3,0,15,1.9568581692630442,0.0
1841.5039546474316,164291.20586039653,36888.92488341157,10,0,3,1,17,1.8110132710534692,0.0
2988.6209164822653,40919.99216976155,24714.19784581754,4,1,2,2,1,1.5282323395959305,0.0
100.14936093732973,62989.15964175285,61867.775199782154,6,0,2,0,14,1.4052165024877672,1.0
3198.675429727234,141545.45146553812,11215.135432293897,5,0,2,0,1,2.945575092819517,1.0
4570.770390502372,175337.3616068821,73644.8223677199,2,0,1,1,24,1.7506790307268991,1.0
3082.238668306855,72955.53671568935,71940.19285568115,9,0,3,0,22,0.5221586564322476,1.0
4374.808037658408,85622.5729909152,72974.27490386319,10,0,4,0,11,2.2481123165219055,1.0
3633.666624557164,121310.52720874579,59949.96989245615,8,0,2,0,3,1.95808192316254,0.0
646.7641611982667,65967.3771031814,11238.997804237146,9,0,5,1,13,0.8954764421221826,0.0
4517.143871064916,167896.56446987597,36736.59299545664,6,1,2,0,23,2.2708547331102125,1.0
378.8970295610857,161518.22965097934,13118.213629020709,5,0,2,0,22,0.5497332131203907,1.0
2693.138989111431,54699.59103418287,79052.83784260336,5,0,2,1,9,2.3135545830016016,1.0
753.5787627776155,108851.05440882746,28643.958601697843,2,1,1,1,15,0.8735987781572098,0.0
107.94772311797513,161720.72033128564,48070.45172553478,4,0,4,1,9,2.9613934915852935,1.0
2139.069587631813,87346.02028758051,63013.26517680508,2,0,3,1,7,1.778518564071605,1.0
1510.4515028880735,137628.15986201438,73887.4384853747,2,0,4,0,7,0.5267443361212699,1.0
2455.702444298135,38536.230647787364,61177.17488978472,8,0,2,0,2,2.595159634026131,1.0
2907.1394393360265,133477.08928998405,54936.79096500029,4,0,4,0,2,2.56204883483804,1.0
266.50840792928943,55951.006600103196,38880.597216937655,4,0,2,2,23,2.4083930284922492,0.0
658.8663108625409,171199.16526945672,49615.81029879035,7,0,2,1,22,1.8448560776111629,0.0
2815.2798624296056,90426.40880868133,10250.613281667896,4,0,4,1,22,1.0461257743496186,0.0
1748.6783982046582,77864.15666379327,71062.03573101721,9,0,2,2,21,2.099970602510413,1.0
3659.4087633697677,172951.12604095245,44870.85278067118,9,0,2,1,1,2.619950371518524,1.0
3278.8436605301013,38524.483922207735,6090.398883490588,3,0,1,1,23,1.7325589801014527,0.0
4235.741596800039,97423.49588683862,73832.4636758121,6,0,4,1,18,0.6678712284428319,1.0
3477.8394920126652,92900.60189775533,40676.25198543889,7,0,1,0,16,2.9381577855434644,1.0
2178.1588330812333,78416.06362242365,69881.36390019713,3,0,1,2,24,2.191816271053404,1.0
3381.1847808524403,184998.2364402511,68980.37247381249,4,0,1,1,10,2.9547162057170153,1.0
1413.1368125643216,157657.82689784278,65812.87223419784,1,1,2,0,23,0.9674836296731912,1.0
1566.2518189521527,40866.93791262959,7728.0324857424175,9,0,1,0,16,1.0084765833965137,1.0
3955.4765416079267,151496.8664039422,22024.13169766408,7,0,3,1,13,0.7511915620116365,1.0
2259.776606187832,119640.85263189497,70417.18617983817,10,1,1,0,2,1.0261528043778652,1.0
4001.982685565845,183147.54204826846,72222.31131601123,7,1,3,0,2,0.7708528149120673,1.0
4120.990749657978,83200.75494922094,38271.30240239807,9,0,1,0,10,1.1825898778837045,1.0
4294.933571423355,127607.5399336291,36883.19300937357,6,1,1,1,24,1.9510243402510334,1.0
4587.344417413976,115128.39670596762,16485.82880923353,8,0,3,0,12,2.549360236793279,1.0
2183.3768415408163,113225.35405869297,77567.63072921865,5,0,1,1,5,0.7408473531870087,1.0
1628.3907506896371,107537.91791792614,19411.662602646324,8,0,1,1,8,0.8938480816224499,0.0
2931.883795640864,64957.01084048782,17702.13239500895,10,0,5,2,17,1.224546843002395,0.0
1887.3034960162565,158470.68682370678,53876.13070148642,1,0,1,1,9,1.3583324349737143,0.0
3025.317125661153,106727.12556567907,21699.01133103447,3,0,1,1,24,2.722978714821399,1.0
3542.650020086932,192947.76675044297,75285.41404810801,4,1,1,0,22,1.0669327160815008,0.0
3457.6048415360774,74337.43262277197,3839.838639470201,9,0,0,0,15,0.8198083089064774,0.0
1904.0367907496006,146066.45273659698,3443.001198894201,8,0,1,1,13,2.6843746319279633,1.0
875.9579984088265,189921.90353864845,41875.51371054116,8,0,3,0,14,2.7067382101689033,1.0
2181.1202253879273,142787.91491273575,40580.809413337345,2,1,1,0,8,2.4630735802136323,0.0
755.8410132054482,178116.39429495708,15579.029686370108,7,0,1,0,17,1.4533579931238738,0.0
4455.980324159851,170671.76315869103,41078.006348711904,3,0,4,0,11,2.7820573693900252,1.0
1762.093430652394,91220.01163313066,34697.90509808896,6,0,2,2,8,1.5983373665750384,0.0
814.5757487554528,132021.0697897144,71555.3734513624,4,0,1,1,14,2.4788674465665546,0.0
175.96641153346684,56564.42776793045,3712.551856706187,6,1,2,1,1,1.5872685248608351,0.0
3246.820812118097,121039.40005825192,78172.77498753733,4,0,0,0,12,1.7047238357699452,0.0
3202.666471400979,69171.73520843733,51078.24285077987,3,0,2,0,20,2.650717961223985,1.0
1735.9906245773936,156435.25854191574,14691.945314686223,2,0,2,0,10,0.5023553697077938,1.0
404.97384979587247,119769.93172166118,6600.521063459801,4,1,5,0,12,1.1849679366300543,1.0
2077.6630297313986,99908.65164738228,44434.13570906085,10,1,1,1,19,2.109683834479724,1.0
1590.5266005637982,75695.50634838617,21086.54277983015,2,0,3,0,15,2.8048298685797888,1.0
3401.747166688296,199778.74191301878,26189.746349096964,7,0,1,0,3,0.531370561557146,1.0
3048.607284790817,42190.788550438556,21875.176692257548,1,0,2,0,9,1.6607464267417584,0.0
1854.738954577823,37405.3156973114,53063.26814508333,1,0,1,0,8,1.7912398185933718,1.0
1128.568143562201,66933.75808395697,45621.73008294228,5,0,2,1,10,2.9984928746688855,1.0
4940.77803247018,195082.31796672934,9004.030611179485,7,0,2,1,8,2.2427702996089613,1.0
2297.3080249207687,196470.48861439736,43542.5430544885,1,0,5,0,16,0.8158528943980008,1.0
3456.9574671121736,141337.71491126312,63921.61194837409,4,1,4,0,11,1.8883714876142728,0.0
745.7371895128858,179618.1334250888,9251.983493164973,5,0,2,2,23,0.8850207164401933,0.0
2453.669013314019,66373.49424293521,71509.90116974234,2,1,1,1,24,2.3153113111693617,1.0
186.30676335385417,195247.156010026,47529.612007475145,7,0,2,0,24,1.4084663314093213,0.0
2552.002833656727,54273.42452372599,76198.08413381438,4,0,3,0,22,2.152349883225537,1.0
4821.886165232627,47191.28199088191,14406.873764622926,8,0,0,0,8,2.736399020866872,1.0
1951.823229279711,49075.96167203639,79504.50495020527,1,1,2,1,18,2.4791371217128857,1.0
243.03026224581237,127431.74695633599,52609.010679665116,10,0,0,0,7,2.49188349641729,0.0
203.23116505075046,162765.6481220689,46697.053360041835,1,0,1,1,3,1.2013927475399155,0.0
1970.534461737004,92333.42023868763,42676.53105663058,1,0,0,1,8,1.9776149097032232,0.0
842.1234354928105,196242.3179236415,4821.386728570082,4,0,5,1,5,0.9692421608524513,0.0
165.59287682452026,103851.423480116,75352.21774931751,1,0,1,0,5,1.0525238886000794,1.0
3793.2573890533754,55576.25363144677,52587.57440977327,5,0,1,0,19,2.2695865011809646,1.0
2319.688893965359,109214.34719164325,10055.239306445425,6,0,5,1,17,1.5171721495515642,0.0
1481.7616212646399,145436.31812181478,4613.317112678417,7,0,2,0,14,2.7213767717130293,1.0
4505.411755931579,171478.38268574438,6910.340221229852,8,0,3,1,18,1.7179429867874396,1.0
624.8878529926018,107990.6092926208,49923.473784282534,8,1,1,0,2,0.6724462783952357,1.0
4781.79820332883,130913.16042835847,50279.18694688306,2,0,2,2,23,1.5368074330382568,1.0
1604.1352510178965,75448.60106700507,41474.38146717096,4,1,0,0,18,0.8349182594464237,0.0
4447.598177927972,139805.80948893738,26620.968190277268,7,0,2,0,7,2.986204468256241,1.0
3034.5672385733346,197615.23047155843,43944.19033432739,9,0,2,1,17,0.5594485932338538,1.0
4142.201430720363,38339.10733992496,42755.240207471856,9,0,2,2,18,1.9042725136385061,1.0
4920.865157891798,180710.21401987853,4494.998110495553,3,0,2,0,16,1.4110339862814885,1.0
1477.6069172027912,125588.02547047887,24750.13073521735,7,1,3,0,23,2.0171912123124693,0.0
4807.620652767585,72856.77212559099,7095.27129297051,4,1,2,1,7,1.8477092265278183,1.0
1977.9353797669808,192331.25070157385,72311.91586146948,9,0,2,1,18,2.7952210288165102,1.0
1958.2839284477654,112170.23152001282,58842.18353445543,7,0,1,0,12,0.9561565174534343,0.0
1734.9161660598031,86387.34278447556,79700.86810485425,6,0,4,0,16,0.7991749621578574,1.0
2729.9676563705466,60854.596806042995,26267.187274507167,9,0,1,0,14,2.6759012103423556,1.0
813.0179637335111,71556.87574363255,70643.41027728209,7,0,2,0,7,2.8293871849524845,1.0
2790.871852522155,171584.33707054524,49435.17863080109,8,0,1,0,8,1.3877889683710736,0.0
2731.43882142952,134449.70158391818,37890.65633157758,5,0,4,0,14,2.8907457736248374,1.0
3821.4139723941066,185251.75531301374,20138.129569224904,4,0,4,1,22,1.357119302868772,0.0
4176.567311591049,69434.6368668236,59856.196727033,1,0,1,1,20,1.9609988309186224,1.0
2230.184684046499,50593.55755431325,72618.8376656311,8,0,3,1,14,2.1667968990628896,1.0
1546.549584289894,31034.8802658503,21118.746651803547,6,0,1,0,3,2.9848531059574923,1.0
1333.7077417196176,116336.54639471894,16505.055792968167,4,0,0,1,8,0.9257955609478481,0.0
1013.3879916891161,199712.178164938,56609.087455374756,3,0,3,1,19,1.2367401576765433,0.0
335.35553188517315,148144.09569916863,78226.93352986497,5,0,1,2,12,1.8655022411646314,0.0
1745.117495231831,82427.08063407484,60746.54278501401,4,0,1,0,11,1.0366663191011256,1.0
1387.726076047377,179065.9591144492,24912.716906668968,7,0,2,0,21,1.9500719337144885,0.0
4833.766060038716,162892.78521795315,35336.56765937949,6,0,3,1,11,2.4453975184533223,1.0
2810.6586899377176,32620.578233011674,32592.457930294622,3,0,1,0,3,2.6981105818291815,1.0
1769.0213432010123,168866.28169197383,68611.3163896225,10,1,1,2,9,1.3405710202212402,1.0
2923.3146249187953,81089.54873054431,62395.549973161236,1,0,0,1,11,0.9313860652602153,1.0
739.0236716611928,55444.48897921218,48351.10847663705,7,1,0,1,23,2.2142794591666872,1.0
2248.0165585509044,68476.24275530268,24171.851500561548,5,0,1,1,19,2.216323395629793,0.0
3149.859891034266,109658.56674377363,75225.11663459832,1,0,4,0,10,1.59474304882256,0.0
2470.0442673726343,102227.54760156188,53305.27230722429,1,0,0,0,23,1.984030337833637,0.0
2038.805063238905,79110.84089361854,77726.70177601725,6,0,2,1,16,2.496331221915196,1.0
4969.549525053506,59277.11477519556,47669.01154423637,4,0,4,0,4,2.3330929407714507,1.0
4407.558072637189,159579.23423916876,66231.84239399829,8,0,2,1,1,2.182289108590731,1.0
3135.8594928892285,198318.6632349359,65609.11421337856,2,0,0,1,4,2.15467145356256,0.0
2868.4179378523,162224.56867134737,28974.31581618659,4,0,2,0,8,2.310523493028568,0.0
3122.269375131691,80309.284504162,77229.59566770657,8,0,4,0,16,2.018712596610496,1.0
1046.4949337210446,71617.52344006268,4689.493005012428,8,1,1,2,6,0.7112188984512731,1.0
2005.931829158377,67003.19893120951,62190.739975090895,5,0,1,0,1,1.957233690560318,1.0
245.32468780995163,53238.16266313617,77347.89560383138,3,0,1,0,16,2.7240732702881694,1.0
2403.952885559792,123726.19344769121,29095.93165284666,4,0,2,0,1,0.5940174183450193,1.0
2737.971690590433,132918.0632320685,52904.515259904845,3,0,1,1,20,1.4976252218455852,0.0
1177.3611937108874,149935.45231273334,46291.190238004216,2,1,3,2,16,1.4823007354277373,0.0
4821.942793469293,145636.27305872354,61636.062845092325,4,0,2,0,22,1.1351403347268927,1.0
4551.800324139348,79696.66291817502,69695.69996666904,9,1,2,2,4,1.9362973504145562,1.0
3624.609015506734,86152.87091746391,49434.431836065196,6,0,3,0,2,0.9265638637306433,0.0
2690.263812388545,145857.47102519742,65824.65315137219,4,0,0,1,14,2.7908701116108103,1.0
4356.34734025604,89406.09893321682,27045.98934347265,1,0,3,0,6,0.8891011655934753,1.0
696.7291019261414,66145.94223528322,20601.2035202709,7,0,2,0,23,2.912517830365931,1.0
3963.0234816606808,93637.14612844572,36161.412094028696,2,1,2,2,20,0.5290598283279669,1.0
667.8630291358991,76254.3067882562,55185.71816772031,6,0,0,0,12,1.719892141461297,1.0
3981.342779619557,45013.16260715823,17418.01506828172,10,0,2,0,5,0.5905497087927889,1.0
1415.049462844217,171123.6133870311,55387.11879569564,1,0,2,1,14,2.6928978043926293,1.0
4391.598376040035,175028.93615669617,33345.21094004918,7,0,2,0,5,2.496865703488789,1.0
4723.008364435719,67357.55102836952,64259.29608973266,4,1,1,0,18,1.0626088480531009,1.0
786.5400485553224,41011.2739192843,5836.357916954355,3,1,0,2,16,0.8450078716693417,0.0
2340.244245073698,155600.6643497005,54434.663112863374,10,0,2,1,21,1.030051728118158,0.0
4905.887521905292,65959.86639678033,53036.319922047514,7,0,2,0,16,0.6958201402966073,1.0
2442.866808067076,96884.03320426623,75452.0316616492,3,1,2,2,10,1.092352327757757,1.0
4324.560236446999,40902.99288035515,57929.30162443342,8,0,2,0,11,0.670271443357374,1.0
2964.2210345500334,68465.82940893398,64315.24602459265,4,0,1,1,21,2.6312953316086136,1.0
1907.8830442020292,164793.38731603808,72653.50822069397,3,0,1,0,5,2.632639878365813,1.0
1464.6285998530575,166747.3959755843,54978.99770848307,7,0,2,0,4,1.8724650466366954,0.0
1055.954300876132,65204.42023091077,25341.829891918045,7,0,2,0,20,2.7997197609941864,1.0
3820.9010473196013,87105.35366813722,69972.5825679312,9,0,2,1,7,1.375693715448964,1.0
1963.375508773988,52820.53124593641,60563.51519965008,10,0,4,1,6,0.9470801578244668,1.0
2580.813537893718,42609.347148436806,35681.6955080688,7,0,3,0,15,1.2607796722644693,1.0
2487.0111260058507,198669.1914562296,57710.74629404708,6,0,0,0,15,0.8091832322348526,0.0
2907.5311947039995,141450.97171162267,69812.04354294794,3,0,2,1,24,2.5558960133661874,1.0
4334.606870841533,122156.40656371419,78125.2141171279,4,0,2,2,17,2.4010482651461063,1.0
4904.659750737976,160134.74506890093,76331.06580484725,8,0,1,1,10,0.9744706136036034,1.0
2067.5418324403936,172813.1171469131,28050.242660838896,6,0,5,0,18,1.863788998692283,1.0
4146.2186644262,167141.5105676037,35470.4159563,9,0,2,1,11,1.2015924951032348,1.0
3834.412583540852,32811.70637927902,11434.31858325759,8,0,3,1,18,0.8278549602250114,0.0
2888.9683097050874,61757.342692384744,22060.91010038954,8,0,5,0,2,1.1132962517481206,1.0
4782.4333608790685,141333.90136003128,70946.43305349517,10,0,1,1,3,1.9995901543373,1.0
1042.3488518655938,93879.0891266737,30785.44432351064,10,0,0,0,6,2.1266802812602155,0.0
590.857841032626,197022.0506803882,50782.554711805846,7,0,1,0,3,0.9671510100739471,0.0
4277.1117364293395,143118.81474850318,54279.35260964156,10,0,0,1,7,2.4345301118308047,1.0
2223.791592337054,192613.3144839651,63200.85418603502,1,0,1,1,3,1.9372708510249954,0.0
4242.495828324949,64245.90187978495,17075.602328913585,5,1,5,2,15,1.5731516925745606,1.0
4470.796515717304,176872.69477955392,26470.61136531153,7,0,5,0,13,2.1156832582457885,1.0
359.1650884144036,84629.89198858831,37521.898292279904,10,0,2,1,6,1.3332182758271047,0.0
4423.150576781,198226.01740042717,31092.761715347064,9,0,3,0,2,1.1595558841169478,1.0
2269.1793240786396,56807.074252435035,78683.70293019612,4,0,1,1,2,2.815777269923597,1.0
2576.6408205709495,117777.76920251551,67290.44184745586,8,0,2,0,19,2.748002669488903,1.0
3151.632929911391,164783.57075231074,39935.880105777425,1,0,1,0,8,1.688096548009544,0.0
4635.593903313929,103549.2217026861,70703.68420865803,4,0,1,0,9,2.0097202012967395,1.0
144.62466742733193,109574.29023189994,29769.276963913853,4,0,1,1,2,2.1423619708740005,0.0
2410.3751681731947,197680.48523597597,63508.78093955037,2,0,2,1,7,2.139040185428157,0.0
3454.2241100312754,102302.38555119606,20223.02105419693,3,1,0,1,17,1.8203960019984717,0.0
3627.3994406062307,132692.2571018408,62468.79748243018,3,0,1,0,15,1.2817992037962345,0.0
3478.0355361086845,39271.74231477562,38146.912046071084,9,0,2,0,4,2.7238908792304075,1.0
715.4538905702032,173175.7136357442,11277.447716402661,7,1,2,0,22,1.9048363347222101,0.0
1532.0081624398222,140188.5683265224,24041.209000779836,2,0,1,1,23,2.768158817632378,1.0
1825.6418508142167,98683.4174866783,33975.14604981447,9,0,1,0,13,2.571012578440832,1.0
4031.96417801355,32748.821792268358,60695.554198161655,8,0,4,0,3,2.124086634511045,1.0
1429.8613684520374,130583.69950089566,8619.669034283215,6,0,0,0,12,2.276334802723089,0.0
1092.9895711426557,32151.830842307572,53785.11862213325,6,0,3,1,3,2.7780918830206014,1.0
4789.367694238576,30204.614364533045,58133.050351828955,2,0,1,1,21,2.078248217321861,1.0
93.87326131167106,134736.75556539028,53351.94548428286,3,0,2,1,19,1.670796215827733,0.0
4989.213235625793,62132.901446874224,61571.56213890178,6,0,2,0,9,1.6056377962979715,1.0
3400.2654293441083,62620.8834520762,16718.98343375855,3,0,3,1,16,2.9496826551302027,1.0
4150.923032273129,141056.16619156644,48206.958339853874,7,0,1,1,18,2.3790293846091903,1.0
1508.3660119136562,39128.521949693626,75468.16093469875,5,0,0,0,16,2.1782030161814596,1.0
120.86062445194689,83278.94545067457,50030.3887749494,4,0,3,0,12,0.7401427537944314,1.0
3702.4541168795736,55403.42336414324,50072.898715377385,8,1,2,0,7,1.9700777249305599,1.0
4179.015755153345,128629.98286541076,59705.85244272171,2,0,3,1,23,0.972218991145039,1.0
3715.3568531699198,142500.0763036573,28656.725873691146,3,0,3,0,19,1.4744528733151248,0.0
757.1089221391511,152593.0951118374,56936.644401758625,10,0,2,0,24,1.8932683561467174,0.0
3779.468215171997,73389.30687615613,73550.00516511756,4,0,5,0,12,0.5199304200214714,1.0
3856.167771432823,45172.45777821928,3838.9514229514107,10,1,2,0,11,2.6557151791702176,1.0
3309.7755525667717,43376.22168012263,69998.70416538263,6,1,2,0,12,1.596737170579058,1.0
3842.273867338152,102445.76323662304,19833.61150693215,5,1,2,1,19,2.0567142285071207,0.0
4237.311126404774,190793.54954066157,38106.09207492889,5,0,2,0,21,1.0048907411788197,1.0
3087.3403654754193,67013.93582199418,68630.78067335312,7,0,2,0,17,2.252858241996665,1.0
488.59333414991136,73646.07222806339,66441.23381416043,8,0,3,1,15,1.2751660532989657,1.0
2463.7576578526937,47151.09635799602,71678.4158157063,6,0,2,2,10,1.7902947734905212,1.0
434.36420662444505,132946.94656196813,75412.0930327045,3,1,2,2,4,1.3081208816392875,0.0
2067.3380036105327,145578.38857101975,37431.08567142541,4,1,2,0,18,2.1113361763020064,1.0
2065.177121171857,139298.3053873292,53540.01343167753,1,0,0,0,13,2.6259857751054705,1.0
376.7487284941958,176392.1413176128,33066.83992051022,5,0,1,1,5,2.102701205679273,0.0
1776.6616431489226,112692.3919544322,30005.187246896767,10,0,1,0,20,0.9454434422240181,0.0
599.4405890170084,52857.696930400954,36232.84661602055,8,0,2,1,20,1.1241248408297562,0.0
4050.7642895456497,79198.87221975015,60216.86237826605,3,0,4,0,4,1.806855500027044,1.0
4741.05572852413,142613.0954816298,41610.937529899566,10,1,2,1,16,1.1782438262221226,1.0
407.9665525267961,134230.73553606519,65682.59493252233,4,1,5,2,21,0.9886572817930659,0.0
4777.820276093922,120270.53205630362,60381.822744104,4,0,0,0,20,0.6166434322524854,1.0
2636.7541667168884,146103.95117707681,4576.8415065787485,6,0,3,1,9,0.7603876844712314,1.0
1532.8501058716759,138356.4445634609,51528.33809717444,9,0,1,0,24,1.9120452703396082,0.0
430.46727261700937,179825.23120904178,36615.97649476151,10,0,0,0,21,0.9865674137064468,0.0
2528.090126948568,129622.78417131043,38160.4321646379,3,0,3,1,24,1.746029896289628,0.0
3982.851945229206,162362.2309790946,66014.7251479819,4,0,1,2,7,2.104613070775941,0.0
3550.078062470156,72280.21651429954,45165.81492852011,6,1,1,2,18,1.12534706494564,0.0
298.6187567466701,145291.03938014156,71192.88040633893,6,0,1,1,10,2.873837701842294,1.0
410.86408507112236,183373.00012505488,57886.03061416016,7,0,3,0,15,1.1416952655422523,1.0
2044.2227490315536,95574.49574297166,45568.68067483207,1,0,2,0,24,0.9052520143191265,0.0
1511.6879455373191,162447.71184756994,61099.42416363499,9,1,1,1,9,1.6421893643668055,1.0
1200.3023991274367,153214.181203224,5952.876921256362,2,0,1,0,18,1.6053980907123286,0.0
1440.9722695981322,40119.453468209824,5085.441421771996,4,1,1,1,11,2.645911893797297,1.0
4027.2395793195788,128856.4126360923,9417.898172905609,3,0,1,1,12,0.6183825043612727,1.0
4649.6788654776765,52132.1893641364,36692.53003632998,3,0,4,1,2,1.1811153653439448,1.0
2055.258337911454,194444.2592792005,21129.66121327462,5,1,4,0,9,2.6976710497921355,1.0
4535.24946055586,167939.27545911155,78788.11967001541,7,0,5,1,17,2.396847075184538,1.0
1641.4037211770158,48653.04621201042,44756.340703875256,7,0,3,1,3,0.5097222715281422,1.0
2408.3630824017687,50697.83960010533,54006.0124482492,7,0,4,0,14,1.819746034858472,1.0
1168.8435391891985,131060.55533514523,24469.150490995642,3,0,3,0,3,1.1118611005071846,0.0
3220.3564087704276,88631.15960944117,27778.361961245875,9,1,5,1,6,2.97068077657839,1.0
4895.956520115304,35933.996042428575,28830.567388869003,6,0,3,2,11,2.9589134357886997,1.0
3037.290825414724,122079.05633161902,56802.649296573145,10,0,2,0,23,2.8183951197695225,1.0
1821.179716362067,95933.66694659398,39475.377992076756,8,1,1,0,3,0.5249422749610118,1.0
3256.6963576531152,47183.00370319626,42861.64124481573,1,0,2,0,15,2.7623731851697313,1.0
658.4573584036684,166326.46668351706,48584.22962626959,4,0,2,2,8,1.3166970495981476,0.0
4448.862447313723,185563.050097397,62198.49753034271,7,0,2,1,2,2.1047775617501614,1.0
2540.26555636019,158620.9687824021,9958.470635460817,9,0,3,1,11,1.6229659796590208,0.0
2274.281223096228,169811.79270276715,62819.29124084926,3,0,2,0,14,1.3865101343969106,0.0
2950.03070284492,66803.39643523996,46369.10030338885,6,0,0,0,3,1.217358772357474,0.0
3142.680120807542,74807.40165616217,54520.3492538548,8,0,1,1,10,1.5694599995386664,1.0
405.2902408212395,65449.68185086192,28221.485892738674,3,1,4,2,18,1.242578752436884,0.0
3428.9552450558417,160060.7833321459,34522.78643486659,6,0,2,0,18,2.815046691894405,1.0
1247.5618175618715,191145.9034188645,20799.76811335186,9,0,1,2,12,1.5925958505266575,0.0
3584.0655309076196,151862.32514476345,78406.09980114021,9,0,4,0,22,2.8615911543882353,1.0
4121.547232201774,179849.35002952453,41269.22888329438,6,0,1,0,19,1.428710342026473,1.0
4029.5946123849753,138578.84613013934,79697.92251633803,5,0,2,2,19,1.1498326329891655,1.0
2784.8797886690513,95902.18309499584,40713.52031071751,1,0,1,1,9,2.5228705118466004,1.0
2624.840966938218,102379.47453815187,19920.847357573184,3,0,4,1,1,1.8012202503345422,0.0
757.236008630088,42804.643468458824,42073.83454873797,3,0,3,2,12,0.9070786113229905,1.0
3887.9634444955213,35347.723191824436,6048.85902852899,4,1,2,1,2,2.8200049182313736,1.0
1393.476433211236,148230.85271214315,72667.27470949024,5,0,4,0,2,2.9052501076775483,1.0
2508.6423429488354,104532.9116419007,66028.36934197196,8,0,4,1,5,2.2205197952625904,0.0
1457.1567599912078,123876.56156928702,58888.18009345992,9,0,3,1,22,2.9296131257884093,1.0
712.4503968484811,124802.41209581077,49956.65708906942,7,0,4,1,24,2.185352201259433,0.0
3166.310599614096,77153.88826666123,47647.23599261796,10,0,3,1,1,2.0580240716731617,0.0
318.94357237337397,110901.72684101341,79748.07248411865,6,0,2,1,12,2.564812894594843,1.0
3755.7939089246897,110029.23768350939,24405.80241953522,3,0,2,2,5,0.6692699308959931,1.0
1622.0546365425275,96032.6276087357,63035.696133149504,9,0,1,1,14,1.60723798665868,0.0
50.66673037220234,169514.81517818198,47768.16730645162,10,0,0,1,8,1.5761097907717587,0.0
2580.0892392242877,106697.8806268913,78142.80186943416,1,0,3,1,11,2.052044684330881,1.0
281.9169472116355,132619.56916601793,66740.84511396544,9,0,1,0,18,1.36793800624978,0.0
1417.0393112134523,182238.42046474043,79886.43370019864,3,0,2,2,10,1.6337194263931292,0.0
3549.533612905795,177259.7158860168,48301.02457360837,9,0,1,1,9,2.623642514073691,1.0
360.31362702823606,181371.77464245807,18749.88473096,10,0,2,1,15,2.869788425203718,1.0
4204.725537162211,75900.84939905237,41783.90174849451,1,0,1,1,10,1.7103067461259314,1.0
68.90861715998639,35947.02301237068,57755.557321894245,8,0,3,1,4,2.2630320892194415,1.0
1271.778152549416,74381.35598220598,62625.74973598228,6,0,5,1,11,1.8682615099762494,1.0
3717.4750779527535,77380.24875552047,3039.269154227655,9,0,4,1,23,2.6689956945923035,1.0
1615.5372411600686,184591.25554324457,41887.08581467664,4,0,2,0,17,1.154356432779108,0.0
554.367320926767,140371.264582455,21113.062657739785,5,0,5,0,18,2.6586328896872207,1.0
1833.157898062118,43889.67313237889,70368.21116061871,6,0,2,0,17,1.787717826855241,1.0
1388.4467676034014,53014.36132188719,14773.719191867598,9,1,2,0,24,1.6403706835696026,1.0
4221.423915694747,56464.94134213582,54317.13121726217,6,1,1,0,1,2.880017603181862,1.0
1601.0721920464584,137171.69718871693,23486.788655019212,9,0,4,0,12,1.2626831921552881,0.0
3955.215735291236,155020.38433619053,30453.745027498964,2,0,1,2,23,0.7060441794935894,1.0
4464.767116813137,176139.46479611733,75423.06307827705,4,0,2,2,15,2.179744355188792,1.0
2197.396226903821,189908.21363706133,21514.50565642212,3,0,3,1,21,1.1575068730062683,0.0
4554.218562079241,64289.7747556951,10315.212660365662,4,0,2,0,17,2.1045078392330305,1.0
1917.7243671178046,82661.32240308834,8334.937411205388,1,0,0,0,20,0.6399776379492018,1.0
4822.188161626035,70854.88972662122,41855.36347765858,2,0,2,1,3,1.9057362832860643,1.0
491.983146401586,90989.46646924342,52411.78413589017,4,0,3,0,7,1.0928456119986103,0.0
3450.7453691910514,185493.06826203738,28201.610554958315,10,0,1,0,1,0.6881797592104475,1.0
2494.379500261797,127769.13637969145,56150.00011806722,4,1,3,0,20,0.6388830216738929,1.0
1968.861587005453,155492.62254516484,7699.596330139311,5,0,4,0,11,2.8939373636984143,1.0
3181.9237998055746,113320.27014155294,69014.76765906152,9,0,5,0,5,1.1635052563318624,1.0
3534.0926035899392,34905.84526714117,65875.67514992131,1,0,2,0,3,1.9545462180687845,1.0
71.59818476902998,40913.232619628434,78883.21289719059,8,0,0,2,21,1.7114982396486131,1.0
876.4177892986337,121446.91531554058,75110.8835294421,3,1,2,1,20,1.407251001058914,0.0
3579.5779506398776,152194.13591940436,30427.181621757463,9,0,2,0,21,1.8564757660738502,0.0
3348.607797212122,66606.18967988435,33744.20456919944,8,0,4,0,9,1.899200621065828,0.0
4831.935150386952,152724.6275786917,60439.293255825985,8,0,4,1,24,2.593129009732333,1.0
3817.137061741376,167813.18149219712,13324.373440533705,9,0,4,0,8,1.4656215862641444,0.0
4756.324903270123,100022.5713215589,27179.13268885228,4,0,2,1,2,1.3820787580935932,1.0
3527.5754825972945,156891.26958349784,12127.652147124916,5,0,2,0,19,2.1980399871083693,0.0
1525.3584327652436,98685.09155583818,38026.256578608016,7,0,0,0,16,1.4294332808401586,0.0
571.5563651417395,145319.6070073534,45504.32955116946,2,0,1,0,16,1.7775803646289177,1.0
3920.028123557431,159879.49838432233,19259.356187131933,7,0,4,0,4,0.9328545523692845,0.0
3238.538646305784,198627.52511237885,5050.639892386085,3,0,2,2,10,1.2096131861050556,0.0
288.52076134681636,88717.43255081133,58390.399044790276,6,0,2,1,17,1.0029529827530848,1.0
1832.2498062098427,99876.93269768395,4540.397660814975,6,0,1,2,15,2.6016463660458733,1.0
4786.159086647216,58155.410099729124,77952.00088748343,6,0,1,1,18,2.4950072497669646,1.0
2526.985671265496,64692.41992830717,20063.75876916445,10,1,2,1,2,1.480315921673052,1.0
2192.009223297538,147877.15044172422,54120.30709295441,2,0,4,0,8,1.6007301261781666,0.0
2315.613045538505,185897.75032626092,36475.88292047916,9,0,0,1,10,1.5265486362949732,0.0
1083.9694838255605,97082.84178241089,7594.887245957254,8,0,1,2,1,0.981958565571019,0.0
1875.1004957807363,60573.55596204201,39358.137710854,7,0,2,0,18,2.458342861859605,0.0
1880.5756171365242,78466.91489510899,42790.56884085357,9,0,1,0,16,2.5723354237484513,1.0
309.1573499279884,107358.78981738357,68810.60702315088,4,0,1,0,10,2.024761725935067,0.0
3849.4597611636955,79410.55599211263,59390.87836288814,2,0,1,1,5,2.355354702406352,1.0
2111.696937924201,69708.44413071727,9106.29055601075,4,0,2,1,9,2.1316677799588835,0.0
4119.790439741295,155117.36308870354,19105.526624284408,10,0,2,2,10,0.7564604521568625,1.0
4259.222605543482,31333.63661090594,27015.351684550973,3,0,4,0,5,1.8776772212011104,1.0
1099.3705707583574,121669.18964720213,11963.391857791099,2,0,2,2,7,1.3673739106868412,0.0
3303.8997367421366,164940.35719505817,38181.228460415776,2,0,2,0,6,1.0504844138068679,0.0
2387.7949306067594,75258.80867396959,78791.80769641524,8,0,1,0,14,2.162152149106582,1.0
4406.775852711351,132559.55680404295,42625.18492530764,5,0,3,0,22,2.722023347060867,1.0
1117.916361923448,143713.017955165,60124.92696088404,6,0,2,0,18,2.9996320000602785,1.0
3405.175341534719,141354.19838886528,55586.210422849654,8,0,1,0,13,1.943226052339085,0.0
3058.373005150977,105794.43781378202,68443.18050209462,7,0,2,0,10,2.18097186131137,0.0
1511.7423139805724,88918.25793888247,19610.708765851927,7,0,1,1,14,2.128598346275795,1.0
726.1744730733044,172107.09241472828,61044.622150363175,7,0,2,2,8,2.237586117330598,0.0
3275.616814362519,158935.81268997694,70864.35350354272,7,0,2,1,22,1.1155962189215558,0.0
3706.057417755037,84613.37948036513,16206.256369478691,8,0,2,0,14,0.8985193310218677,0.0
1612.3553516285824,47513.26305517503,29703.77092367629,1,0,4,0,4,1.5185704412713126,0.0
3241.9213899104534,42207.28272572976,77697.83585353024,3,0,4,0,23,1.6647315596052006,1.0
2005.8979926769412,46026.91624281913,63120.664140444016,1,0,3,1,9,2.4082574921740822,1.0
3580.374072248958,129087.79140264727,24759.494105389993,8,0,4,1,23,2.0568129269786084,0.0
1036.1156107255629,38782.56989092825,46423.5162626255,2,0,0,1,6,1.880687668621361,1.0
4456.564263049063,87277.56874388653,34133.11145940986,7,0,1,0,2,1.7462200634880796,1.0
1472.6775025046197,158043.94932541897,40727.318577189,6,0,0,0,3,1.0576709528857964,0.0
1870.5406393929568,80039.18830761427,30347.796737084554,1,0,1,1,23,1.4319898510694378,0.0
337.55516279773144,159762.37312062207,24508.488426836226,6,0,1,1,11,0.7734559702812602,1.0
601.9854509903181,156729.3964951994,54956.754187139246,9,0,4,0,17,0.6645756617937335,1.0
2603.5164184260243,71790.61254764677,62947.71976163105,3,0,2,0,1,0.5330139477997304,1.0
1374.5837498034589,153899.77061576673,70294.69845154556,7,0,2,2,3,0.7191083872754815,1.0
4185.627117423862,157122.0285062571,14960.40748350048,4,0,1,1,14,1.987284917079724,1.0
122.73227384202153,97567.16736339456,66359.87532068352,1,0,2,1,11,2.9288097975248055,1.0
1926.5155409260842,65771.4822360581,22619.663484733894,7,0,3,0,21,0.5717011010858509,1.0
1719.8604565070088,118616.03717161775,35904.9020230739,1,0,1,1,16,2.4580187609354915,0.0
145.67177304212512,186637.58996003337,72411.16381039198,4,0,4,0,14,2.1632625955898885,0.0
665.6235750525256,138734.84451345052,37996.77727566035,9,0,1,0,19,2.646866990197202,1.0
2097.5312408472446,59396.824596634404,18173.892121412347,5,0,4,0,9,2.8633613519690777,1.0
2489.6796930148607,146068.67720469838,15309.88645325807,7,0,0,0,23,2.532468494532575,1.0
2051.2342489116018,102624.51463791188,39419.7500322143,7,0,2,0,2,2.4944162112867936,0.0
2678.1415081398645,130559.8955504134,61725.77664619467,3,0,5,0,10,0.7156467924946883,1.0
2995.9017907831235,154790.88595392834,79784.7960860212,8,0,2,1,3,1.3973253647358337,1.0
99.12291458278636,117541.04975745562,63630.46438917944,1,0,2,0,15,2.0413657477398615,0.0
2347.2710392948443,168377.27567746246,70529.92083859972,4,0,2,0,12,0.5426615525080037,1.0
4819.321242393562,152766.4484838267,60583.09179198638,10,0,1,1,19,1.6865098818805504,1.0
2619.209786641266,134562.4678031468,71948.50275822016,4,1,0,1,9,0.5207676526735026,1.0
3403.834223921818,55634.778691499756,8874.602835171321,2,0,1,2,14,2.3540293332722877,0.0
1593.726096688572,172111.3488549666,74604.7331215867,6,1,1,1,15,1.164196995316012,0.0
3881.2573218561747,189103.94950436873,33523.27383687552,1,1,4,0,23,2.387382180947835,0.0
3875.9613352867696,53284.07104758012,73964.29519259423,3,0,4,2,11,1.7001603695779286,1.0
2630.4154358879878,113000.99200368319,8831.42848437962,9,1,1,0,11,0.7699826774280492,1.0
4881.268425232107,74011.08613498576,58073.70769832746,10,0,3,1,3,2.798229633658714,1.0
671.4735630751342,158268.962262346,59648.03364760575,6,0,1,0,11,2.2449124637639604,0.0
133.8909412034259,152677.038120799,79762.1384759285,2,0,1,1,1,2.310992413001225,0.0
3862.283148197625,53950.470496967784,62201.855843115656,9,0,3,1,4,1.077150146763875,1.0
4045.419909956169,179094.63611447831,32458.175347801713,2,0,1,1,21,0.8139660074301304,1.0
645.0257841468524,60765.42087626039,45908.138474627995,7,0,0,0,20,2.8861999542969583,1.0
1364.6350231451001,165534.03436017828,31224.422238827447,1,0,3,2,10,1.3657309706390601,0.0
136.88419866481308,107686.66113676083,18093.435688474077,5,0,5,0,18,1.086113608242014,1.0
1501.8776233637952,85806.28990488572,22134.67921767506,7,0,2,0,1,2.6960353925124627,1.0
3877.052275897424,56900.6746546163,20094.81113912271,3,0,1,2,21,1.65835156112905,0.0
2613.904612177266,58494.423544927,45258.7804225674,4,0,1,1,3,2.1353866246248194,1.0
1773.073186183026,142521.39429915306,72774.36885895579,5,0,2,1,3,1.165651591966194,0.0
1890.109509786335,123573.1659510105,73279.95020880662,3,0,3,1,19,2.9228097450626302,1.0
56.700447291567365,50754.52168070956,7216.810869488564,6,0,4,0,18,1.6850532966338247,0.0
1534.0126114479176,49158.63627451529,9152.253873295802,3,0,4,0,13,1.5608842006423784,0.0
3249.970771107756,42292.797711374544,21874.16740227045,8,0,4,0,3,0.6615856202805327,1.0
4872.262496890968,156440.4490535025,22639.57784014957,7,1,2,0,23,2.2700549735715354,1.0
4242.951093570303,151019.95448897916,10306.466493422336,1,0,2,0,18,1.8525633538704904,1.0
166.7950749953692,39933.268445277776,32911.67727035492,2,0,2,0,19,2.9155532156419364,1.0
4497.8749931404545,125245.9128514854,48254.855237229116,4,1,2,1,8,0.8190733392643088,1.0
3926.8321458281985,44394.94639125728,47518.4894461587,5,0,1,0,14,1.4776227103304025,1.0
3912.861811676353,183636.7810035201,44844.085456911635,10,0,2,0,24,1.1351013852499414,0.0
2317.079007067679,184209.9612606225,29077.738216337286,4,0,1,0,1,2.1690809905408845,0.0
2020.126200124789,148699.6082682321,57397.08776937671,4,0,4,0,1,0.6792335575172375,1.0
1549.4328577243034,187452.1166447065,66639.2634555425,9,1,1,0,8,2.981530872418228,1.0
375.1895518241106,167947.0151703274,29663.11851876045,4,0,3,1,12,2.2857622751430258,0.0
1179.7650492938105,170851.55790759838,9586.222666058573,4,1,1,0,8,1.4531592795285149,0.0
1270.6879931412218,126850.33459688864,25817.429334072953,4,0,3,0,11,1.4208184948986207,0.0
2446.181495065498,82030.0636967499,13577.386402267513,2,0,1,2,14,1.701244795877483,0.0
3749.849812653635,67025.84956979167,38986.621996492926,8,0,3,0,18,2.2446695046480607,0.0
2395.358650569836,85624.00374661796,15007.006651338026,4,0,1,2,12,1.9787068624513608,0.0
336.330024763445,136844.22311514054,38639.04633966425,5,0,2,2,8,1.7100559763925176,1.0
4791.059514891609,59351.61109150782,20017.222708997877,8,0,1,1,1,0.9885204852917163,1.0
4716.485379515856,73968.84022834466,59882.29512060503,4,0,2,1,21,0.9344778049642783,1.0
3936.6882385846216,109570.34667522895,5122.754544360114,5,1,3,1,10,2.789439736147078,1.0
4957.073112742892,69618.51674918464,45715.46539505827,5,0,3,2,5,1.8791182433792382,1.0
2745.1875473613013,130069.42385173048,16050.597168844366,6,0,0,1,14,1.9497654949919139,0.0
4815.70333375337,186939.92483757608,3076.3735641612843,7,0,2,0,8,1.5820242366554134,1.0
424.24495105291635,157175.19216953148,69928.40678099015,3,0,4,0,24,2.270312834253829,0.0
1860.119703893788,143292.52440531523,54707.639661683206,10,0,2,0,12,2.503979319331167,1.0
1165.637276633491,129062.6509172424,10618.597297890301,3,0,0,0,4,1.528099856791371,0.0
1019.3737664646367,112951.14457370104,54133.57231165688,9,1,1,0,18,0.6315560897740862,1.0
746.9745970187466,61715.85613789215,50096.844620795084,1,1,2,1,15,1.1310310713094167,1.0
3130.9475257516833,182100.77742256713,39448.464902326654,10,0,1,1,6,2.554051101410645,1.0
3917.54318594916,72251.12034218217,35282.87357877228,8,1,2,1,11,1.9005087120723705,1.0
2912.5770771307853,45522.509188287324,71304.37174451159,10,0,2,0,13,2.7032096585833925,1.0
777.4654124616379,157502.58046887818,21876.397532103747,3,0,1,0,20,1.4543805769505587,0.0
4065.062661170681,59854.64083629829,33669.87439003051,5,0,2,1,2,1.287414458580855,1.0
3197.975800460456,93222.31992199992,28341.8867929017,3,0,3,0,9,0.503553215070212,1.0
1971.4202453286277,34808.43780946655,62382.479235820785,10,1,1,1,9,0.9505205513302496,1.0
3386.9449629035116,53301.55023187617,73567.82857990553,1,0,1,0,23,1.3378997024068413,1.0
1336.5296472520226,59444.61722918505,68433.19080299773,10,0,3,1,2,0.6986332587497963,1.0
1758.701432046342,39249.72171753025,64423.202633082175,5,0,0,1,3,2.0114964174147465,1.0
4591.554923503351,141631.68262588367,78982.82580889639,8,0,3,1,24,2.9742887910046676,1.0
1487.997303073531,172291.32528652993,56680.13038159966,5,0,4,0,10,0.6455268299375903,1.0
2376.441927381786,93463.61908220996,60831.1419234421,4,0,5,2,18,1.4796897482914766,0.0
4456.1986301102725,178678.0010420941,78675.79555728646,9,1,2,0,21,1.5002068789603304,1.0
3553.220683824261,66268.91767522151,3538.2904757364045,1,0,2,0,18,0.6745766215440525,1.0
357.9059695152786,85316.37200541071,51821.72498560011,5,0,4,1,1,0.96363329354074,0.0
779.1500691809032,55625.28881529863,59900.8079604033,1,0,1,0,15,1.632112421639485,1.0
88.81587432098826,135495.06322122976,73672.68313930402,6,0,0,0,13,2.888918491497871,1.0
3173.062861634359,101377.83044795216,71056.0114221944,10,0,1,1,15,1.925443220453007,1.0
2265.9834557815707,134258.16896312276,67830.97245500216,9,1,4,0,23,0.7496088813513688,1.0
714.6605119662639,159484.7339170112,75825.9279395112,2,0,2,1,4,2.355432381620367,0.0
4791.773899231013,122769.51272560123,44378.19746935548,4,0,2,1,19,2.64322016123103,1.0
2671.8156335308186,136697.16033330394,3532.84736003166,8,0,2,0,3,2.5204441017689443,1.0
1247.3718058588015,188992.5534470366,3851.1886996697335,3,1,2,1,13,2.5458339056606074,1.0
2527.9876772158023,80840.93263350334,44937.20728257507,7,0,0,0,7,2.529384335500834,1.0
3414.1206470387838,91057.86956777202,36515.96239252348,7,0,2,1,12,1.0570076724650617,0.0
427.3841289691442,152009.57149058726,37745.86910913954,2,1,2,0,23,1.9854024004031974,1.0
1409.7838844870653,133921.93789941573,33831.16476517285,10,0,2,1,2,0.9065526323535193,0.0
4044.4791798757683,60350.59377175152,73664.88730002515,4,1,3,1,16,1.320907508293791,1.0
2325.341108493173,93945.04270178333,30656.117040073823,1,1,2,2,22,1.5431846295306473,0.0
2755.55685305986,109532.46223120154,68929.4745157574,8,0,4,0,8,1.579815266028986,1.0
2192.4392109368728,101296.27245462619,72520.58912195635,10,0,2,0,23,1.5947029459165885,1.0
267.3047160828753,60306.717414746934,41461.636289919516,10,0,2,0,12,2.4587794988174037,0.0
870.4614101097718,187153.11560332458,37414.2288771118,9,1,3,0,2,2.05046175703037,1.0
2255.43111177236,159594.1894879759,61598.5865245894,1,0,3,0,16,2.1044483951615707,0.0
1085.4680537692427,111830.49145833489,57513.80608827094,7,0,2,2,23,2.421651596621886,0.0
297.3961918654097,145610.37481216222,28297.20397790786,1,0,1,0,15,1.0172777269804167,0.0
4226.065837056528,182538.0542630387,10896.205696197787,1,0,1,0,9,1.6610634755540605,1.0
4906.903019362373,53149.60420146711,23393.634814050987,9,0,0,1,15,2.6379581004001,1.0
3976.05722628386,72563.4186201862,13089.194947547021,10,0,1,0,3,2.26425828289713,0.0
4276.235362438102,122259.21203362965,25694.385234805235,10,0,2,0,11,2.700237461252276,1.0
1247.7867950693746,165831.76312990097,23160.260549721526,6,0,3,2,19,1.6330554122981789,0.0
4805.103528790339,36163.332225059654,52103.779639276945,1,0,2,0,15,2.41469876060047,1.0
1024.7822370444705,197283.0855333813,76496.19419101803,7,0,0,1,21,1.164964026910746,0.0
4759.57756129107,107334.12249000752,55802.26738944724,3,0,1,0,1,2.669474508736359,1.0
4974.355505131458,91069.2939056929,74352.00442097186,10,0,2,1,7,1.241709006416917,1.0
3573.0278884429413,79763.15443276122,63378.18391285014,4,0,3,0,23,1.351498415500917,1.0
4906.661472369518,59640.64030064818,59046.57689948034,4,0,4,0,4,2.294160580004587,1.0
2869.2219088571633,164567.56451810474,34882.76939642729,8,0,5,0,22,2.369396892510524,1.0
1334.7318267216472,192420.4080068364,28009.176720479387,1,0,4,0,1,0.6315060421916339,1.0
2213.1296340448234,100319.6083237177,68163.35768041477,8,1,2,2,20,0.8754274521436594,1.0
2988.1266301249907,191911.51810808756,72715.27893553341,9,0,3,0,11,1.1242791331495572,0.0
411.7537320337242,170045.5946239558,37794.952011121764,7,0,1,1,19,2.999665167467971,1.0
3130.5991598553683,111778.6916709741,3697.85856037162,1,0,0,2,12,2.556112436028273,1.0
4906.830291973358,144584.45045144256,64024.891535798226,7,0,0,0,21,2.2876182269970986,1.0
991.0328664294518,103947.3104589787,24950.300716366455,6,0,1,2,8,2.9085934930833472,1.0
3973.3458256274976,124982.9793961339,3761.3656063028966,5,0,0,1,13,2.2179859478910737,0.0
4544.0990292091155,39867.87729314565,64984.1190411614,5,0,4,1,5,2.2291110341880906,1.0
4721.322884460093,148364.79080109062,42840.89253890116,1,0,2,1,1,2.7454471014013193,1.0
4802.671241806964,38980.18956230324,55761.22746806212,6,0,3,0,18,1.2548914336565506,1.0
2631.225211671286,168904.4409763404,73431.11622812477,4,0,4,0,2,0.5043961065200643,1.0
4887.674144557944,170240.97800829477,44670.38492063411,1,0,5,0,9,2.2873670836386926,1.0
3798.685525315472,70303.13888455648,41745.94358858036,8,0,4,2,13,0.8902834699019597,0.0
850.2736093729613,85022.67277608605,25380.983343816293,8,0,3,0,13,1.218100469090559,0.0
2410.6555270164513,111822.76435490986,26499.925251876353,4,0,2,2,23,2.556261463259589,1.0
3605.7393180914196,131432.69417852187,64333.73908428273,7,0,2,0,15,2.4447876288337493,0.0
1274.3345633044626,78850.12249613943,37575.25191011715,3,0,3,1,20,1.6869351810731863,0.0
3221.0451585669925,130722.68878742725,15591.518062825271,8,0,4,1,9,0.7608429983779803,1.0
3349.672371280765,80623.8024489808,10278.71482803816,7,0,5,2,15,1.2457745272285625,0.0
855.3637318524012,39433.42258208031,39414.84899835701,5,0,3,0,7,1.688821289425209,1.0
2847.1722966411435,30429.68347142452,38801.53681856525,5,0,2,0,11,2.4204470406635936,1.0
3869.553209344108,47195.67984613286,53316.2874218155,9,1,5,1,23,2.9617823646382466,1.0
2519.5335394529125,164682.6190278831,39272.195786375836,6,1,5,2,5,2.063957052746336,0.0
109.91042804173176,193443.3231051673,14047.629218334534,6,0,2,0,9,0.6334061684531909,1.0
94.74042194249628,102584.25387780728,42100.82212948554,2,0,2,1,14,1.0528290450162945,0.0
1817.2952526515603,117156.27208649027,72822.78409922394,5,0,3,0,19,1.1488383069429755,0.0
4634.66063873732,54964.18874248244,15276.988694756355,4,0,2,1,15,2.086091284162583,1.0
1181.9500590378634,123675.32995562669,56111.10735528667,10,0,3,1,16,0.5460627646807408,1.0
3190.1002599148514,54591.333341186066,48727.16340234554,3,0,1,1,20,1.7663963036496466,1.0
1149.2755599319369,133906.4363038011,60641.100956808805,9,0,2,0,15,2.989298760735193,1.0
1642.2664488147657,188653.97348874516,14596.22105392464,7,0,2,0,22,2.421691223825491,0.0
4247.808343527346,63268.75168151673,75503.61094176158,4,0,2,1,23,2.4234259956360007,1.0
3657.864139236237,159975.83206970734,50814.41493807121,9,1,1,1,15,2.3634606093367423,1.0
522.2264227003926,33995.41187911509,68224.47760221754,9,0,1,2,24,2.2084948755699845,1.0
2172.0750038828464,93834.53102467557,21988.720803378143,7,1,4,0,4,1.2459183884734424,0.0
194.3903300440591,48827.24633118654,59934.79248364304,5,0,1,0,19,2.4572659808007393,1.0
2430.4062256848947,89920.8250712689,63139.36423371176,9,0,1,0,19,2.1147147734026657,1.0
3329.048357920287,59501.2763386102,33602.515973804824,7,1,3,1,5,1.0722576880057118,0.0
636.5879868108502,93461.84832089086,32564.4158720235,9,1,2,1,2,2.9474996176440214,1.0
1479.98044760037,100978.87703828016,53650.312406982695,3,0,3,1,1,2.961311073803175,1.0
2019.2912962356768,81100.49087275613,10192.391495536629,9,0,2,0,9,1.4347805479829308,0.0
4601.678572047446,141625.73141043197,59643.05956674819,1,0,3,0,8,2.382958207297166,1.0
4966.612326343672,186204.84871401463,6302.280507634641,5,0,2,2,12,2.20341768504894,1.0
272.31093002829846,98101.2135978963,17675.453186303603,2,0,4,1,3,1.959775825987413,0.0
3816.989221302191,62698.33660075364,54139.069307585276,1,0,1,0,21,0.9521302355498574,1.0
1890.034128691599,76022.86889331718,10570.922366081215,3,0,1,0,8,1.6696179841229528,0.0
1992.668021835926,175180.1399943827,77831.84104371283,7,0,5,2,18,2.3248290553012207,0.0
3783.6116180677623,127178.75295592514,69866.50812856635,3,0,3,0,23,2.970846207884535,1.0
4596.210839119773,107351.87549218273,51225.27959531871,10,1,3,1,9,2.0340387287608106,1.0
4757.096542787614,55438.24265651754,66067.42408653995,10,0,1,0,4,2.380465399138527,1.0
2906.756800889688,106453.64241504292,71343.66374139673,9,0,2,2,16,2.784728973284274,1.0
1817.7497385374888,77343.64057075573,22979.625017030023,3,1,1,1,18,2.0344545182730593,0.0
3948.3679750009574,190337.73173506936,68404.6922720976,6,0,1,0,10,2.41130196965595,1.0
1292.4568471483863,180291.9186006743,17999.12134009534,2,0,2,1,17,1.6451554682568101,0.0
2842.166442725913,44263.43211079366,34827.35433945878,8,0,5,0,22,1.2297285773170146,1.0
1824.9633845481221,117831.09317441129,45985.991606142146,10,0,1,0,8,1.7325987519514334,0.0
3300.3238148539867,68259.91873749426,57969.604156700494,5,0,1,0,2,0.7223979879048223,1.0
1239.9746188228592,99832.1052191294,5320.881464634659,2,0,1,1,10,2.824993013866467,1.0
998.3850813873876,179064.1597027476,25369.224783920552,7,0,3,0,12,1.276072018825236,0.0
4595.2834790434135,119677.46838105262,49855.970562200055,3,0,2,0,7,1.6525815052170965,1.0
553.9282306002076,86816.59987302916,30517.38829448214,5,0,1,0,7,2.133446909069968,0.0
2554.4916432879118,65341.0201978495,62676.92928347099,9,0,3,1,13,1.7612363850422605,1.0
1143.2212756668941,166055.22609910317,53177.21640860515,1,0,1,2,19,1.2069505185367202,0.0
242.7033184620539,136168.06261193904,21048.911936727654,2,0,1,0,10,2.960729353377701,1.0
228.29315054256062,109571.1282724593,14236.531428609647,5,0,0,0,20,2.6207345143550835,1.0
917.3477719238454,66972.34015670627,51436.61850620288,4,0,1,1,24,0.7569688988200571,1.0
4340.513254804701,86821.88360671233,37685.98423326635,1,0,1,0,6,1.418472288695894,1.0
1448.269782686282,193173.38254554814,16009.692164801532,7,0,1,1,13,0.9857325387199871,0.0
4754.772894347714,118415.28939299184,28130.813809515057,9,0,2,0,18,1.6966811293478923,1.0
2929.030350296508,98118.877811353,26334.599620531168,1,0,0,1,16,1.0219898114195298,0.0
2211.240239355392,118641.74719921507,11326.161870131884,8,1,1,0,22,1.280683649727283,1.0
2921.4397316138,162428.04600293346,45111.99448342256,9,0,1,0,7,1.8022464418747113,0.0
2607.6570068700253,87818.51920548768,61800.944811266665,2,0,1,1,8,0.8602121118502102,1.0
3805.9424560987595,60380.04055854351,47310.95044168,1,0,1,1,8,2.6523620099838405,1.0
1448.3555265656187,129439.14011763812,66624.43510017614,6,0,1,0,16,1.4066258463506716,0.0
1797.5994384214969,143084.69759178144,12822.77813558821,7,0,5,1,8,2.7857494570648904,1.0
4475.766797539591,151162.06050295342,36542.11305231124,2,0,2,0,15,0.5752256325139233,1.0
4734.959740094507,179937.89043024203,49924.962981673634,5,0,3,1,8,2.4292513680860903,1.0
4468.163226058049,93099.60051714921,55052.12019252686,5,0,3,0,6,2.6623782192279233,1.0
2126.267570088702,42810.332358911604,56575.54559460388,7,0,2,0,1,2.9614254905374064,1.0
3912.8092398840645,192919.25921726017,59130.33788653684,1,0,3,2,16,0.8296748705397956,0.0
2407.861879840439,103952.02766437078,53160.09553909329,10,1,2,0,13,1.5843723271405714,1.0
2512.822268123206,135953.77664443234,10255.562848446809,8,0,2,1,4,2.4007719569769748,0.0
1063.1665398335556,143271.9049318097,56538.53717537683,5,0,4,1,18,1.7838966954208582,0.0
2976.0950011296563,122907.3304792046,58808.26457162784,3,1,1,1,7,2.551976436051784,1.0
971.3726938790722,64893.78005516592,79497.95494368928,9,0,1,1,1,2.959758739649394,1.0
1691.245260382609,158374.31851974403,56388.9076259867,3,0,0,0,5,2.391615951920169,0.0
4282.399498018679,166637.8356316939,55885.94047286927,7,0,3,2,8,2.3554715407013735,1.0
1075.0252555937334,124005.84962296477,42640.623344011845,10,0,2,0,4,1.9197394563298913,0.0
402.2335116084924,113055.39729942307,69830.06396105378,7,0,4,2,7,1.6579037406487962,0.0
391.5875834334407,49369.4911317575,79756.27667100918,10,0,2,1,16,2.5875567007310902,1.0
4706.883376490384,44271.78245496325,62986.45500520227,8,0,2,1,5,1.082193116461556,1.0
2559.2561679110813,87726.02374579987,50162.52909505125,10,0,2,0,17,2.6536292006144575,1.0
2076.5897554942408,82843.84643795685,9079.521673730751,8,0,2,0,11,2.5933851110789274,1.0
4063.8489759891963,192121.59666375612,58958.91314318132,4,0,3,0,18,2.342969961598175,1.0
4187.338343157055,163215.86621538305,57559.24078081018,1,0,1,1,5,2.2397111129122766,1.0
1694.3456139222428,142187.1301940402,62718.74738132624,4,0,2,1,23,0.5202044170561222,1.0
3483.4093844952863,118000.17513299287,12590.764906760678,6,0,1,1,23,2.976049195584373,1.0
3867.0579384668386,58452.48022353073,53337.40250971305,10,0,2,2,3,1.4797808619134694,1.0
3290.520899986475,196337.63427132825,25770.74068127895,6,0,2,2,20,1.449559564750658,1.0
800.3956202604919,93756.9187008357,61540.885742018196,6,0,4,0,3,2.970931784649528,1.0
4385.621263409432,48177.352416031616,21508.794460422898,7,0,4,0,12,1.1047228731081917,1.0
2718.5180360432432,113945.81227167684,55666.35811517162,1,0,2,0,24,2.882829330402056,1.0
1448.2385105315184,178579.66197422415,25714.456917766438,10,0,0,1,15,1.4629789504456108,0.0
2154.879517916585,180839.47030214602,3692.5605469421976,1,0,3,0,9,0.7454630698535407,1.0
235.97689747459154,31864.205729596033,51768.55922192835,7,0,0,0,14,1.8076815661668495,1.0
682.9406660509669,180670.27660773796,11721.719403237023,4,0,2,1,8,2.2655754624482336,0.0
3839.456415053511,76152.31697497595,53765.44340469249,6,0,0,1,18,2.022633354397946,1.0
50.0575920390624,36625.30187463192,74271.92752348419,6,1,1,2,10,2.8804267166520265,1.0
2112.0008509873464,174124.34596168864,77631.93693425396,9,0,2,1,17,1.4592999766482302,0.0
2636.425396373663,176857.34851799542,21166.07772422617,2,0,1,2,15,1.60501135337709,0.0
320.4403790048129,131359.2835731995,65312.49852910043,4,0,4,0,21,1.1148279219773949,0.0
4866.736906713048,127653.73874038093,30223.602319177906,4,0,2,2,2,1.9446006709370973,1.0
1169.320389685876,168230.4463456413,72335.19460159465,7,0,2,0,3,2.8491167329266376,1.0
1555.7836621995903,163672.62396074756,63636.69678446178,1,0,1,1,9,1.3640365225877709,0.0
1554.5154356623852,181317.93048525968,8691.972181723799,5,0,0,2,19,0.7873967772081215,1.0
1190.562477480882,123967.06609143958,34349.54852855035,4,0,3,1,17,1.4153031214620813,0.0
57.29541932724151,194500.00576457748,28973.472602744903,2,0,3,1,2,2.707998217252685,1.0
3660.256730735582,199344.96125866752,63458.93859569233,5,0,2,2,6,2.7504314469543862,1.0
4835.8852240064625,49812.583699767536,34591.99972029325,9,0,2,0,11,0.8049027918217434,1.0
1160.252742260973,174422.43912420076,55713.30661928745,8,0,2,1,11,2.4113250469560055,0.0
3332.083599426941,114969.78381726013,49387.514680463915,9,0,3,2,23,0.8541042553494983,0.0
3722.3868184456396,95886.27751097146,78124.1813705178,7,0,3,1,9,2.7110577347683416,1.0
4249.705626498097,134222.29268006154,75209.44167372434,10,0,2,2,16,1.6880104435921148,1.0
2142.014525217365,39514.144734541194,35932.86263488134,7,0,4,1,24,2.746915473855979,1.0
1549.5079829201247,116098.39019040357,58715.5222963685,2,0,2,1,22,0.6862419874998158,1.0
1660.210913414004,178051.39690453335,66868.42723655407,3,0,0,0,20,0.6909903008637417,1.0
3577.4755988376387,66288.45774362469,72214.20304738518,10,0,2,0,20,2.8383367735943743,1.0
4093.0583592028984,102486.28211080228,8246.338310789244,8,0,2,1,14,2.4308543977974653,1.0
948.9891403951832,189711.75091152883,26260.067544059253,2,0,0,0,20,0.8638424011051727,0.0
1886.1579903809377,102855.85242696854,27657.71315457618,7,0,2,0,11,2.7262328793563975,1.0
4514.603973908293,90922.49749650771,36452.33824393065,6,1,2,2,10,2.6344630565458815,1.0
4043.132922488959,104891.2301809743,16033.385805087264,10,0,3,1,2,1.8444609681343698,1.0
4925.049093674255,118306.97030798458,41207.85275615062,4,0,4,0,7,0.9126557255233426,1.0
3783.5288854263,137438.52850234968,54067.50320198112,4,0,3,0,1,1.5560909238823188,0.0
1996.3162450882153,166117.7761558443,41297.021856687265,3,0,1,1,5,1.8756622233168847,0.0
2973.657278273457,106857.37497993342,54266.06833021641,6,0,2,2,15,1.0238959702038417,0.0
3322.0205585242356,168971.75896532385,8116.005649978323,3,0,2,1,11,2.6461503470543852,1.0
438.3562907697636,120732.51242985371,70451.02454147059,9,0,1,1,20,2.5838795169079694,1.0
2745.2599475641323,87541.6867625562,75308.32779178227,4,0,1,0,18,0.5582634149997802,1.0
3561.138100939417,141851.64078030043,50578.87165713595,4,0,1,2,9,0.5491207491134282,1.0
878.2404548052489,152012.78330639354,70867.10689504107,2,1,1,1,1,1.5921016340918654,0.0
3914.127001256508,124868.32585701288,13121.343281912357,2,0,3,0,20,2.810514558171373,1.0
2939.6752635448524,39624.54543290298,64403.56684587588,7,0,1,0,6,2.4202983602316905,1.0
4763.4978392030935,58880.088777340236,12174.410897389736,5,0,1,0,20,2.8961661823739173,1.0
259.9903761241139,78500.6125513388,34416.787825310326,3,0,1,2,10,1.2099059367339111,0.0
1363.3643808995614,78046.35301175382,27934.027160987178,6,1,3,1,4,2.920410075228325,1.0
3027.691702534129,144481.53604196798,48090.57054197498,6,0,1,0,18,1.8287675607492944,0.0
1517.971565419357,33119.27248451754,26216.619213444083,1,1,0,0,12,2.027537427745059,1.0
3586.399612152649,158465.9020984184,52073.14948436921,3,0,1,0,9,1.0722512753295774,0.0
3807.0761484835584,75108.22071717864,31288.821264700753,5,1,1,0,17,1.6534490541587836,0.0
557.4540221290486,82703.7138567374,69280.85933934577,7,0,1,0,17,2.3905675298041045,1.0
2593.5795978235,119744.67075046712,51809.05569691009,4,0,3,0,14,1.3777469192551368,0.0
2569.0082501757265,66707.35215962278,19577.968893751353,8,0,0,2,24,0.6741669327734787,1.0
1877.9398125669284,180360.12330783968,28881.965496162702,3,0,0,2,9,2.5943830609696286,1.0
4667.978069719877,44512.6924855161,68251.4083472525,6,0,1,0,19,0.5834863957545695,1.0
4146.156283372445,105545.00159118103,32758.940749034304,6,1,4,0,13,0.7407293932678384,1.0
3501.186440452702,174401.7858073313,44256.528048554675,9,0,1,1,3,2.092751729458604,0.0
3585.916846888238,134693.46205161008,52968.52906832962,4,0,5,0,18,2.1712549268005255,1.0
2335.4949118749396,79696.01769324768,29781.34301811559,7,0,3,0,9,1.8746073950147022,0.0
4608.922879428051,101529.23532199832,25636.35456837126,10,0,2,0,16,0.6943979449855621,1.0
3488.2473649037624,150138.04465822747,39594.627500818206,1,0,3,0,18,2.4421344004747336,0.0
3658.4562551962913,195454.32637186287,19545.834851144762,1,0,2,0,7,1.9955180371099077,1.0
4315.369973747359,181833.58212450368,24884.215192767882,2,0,2,2,18,2.1761867475492442,1.0
1406.6543672438454,88213.57742500404,7780.043270466778,4,0,2,0,14,0.5072522436436486,1.0
4045.00097414018,199693.63947893577,26405.71124976742,6,0,2,0,10,0.7197437077466824,1.0
1016.4409846346356,30595.792800279905,27694.215188994836,4,0,0,0,10,2.3023221391090116,1.0
1759.4426636121948,34697.058487430564,77061.15380443161,6,1,2,0,6,2.194435807640712,1.0
1711.2717486357215,170052.88757910294,48409.11956087277,2,0,3,1,3,0.9958853212597808,0.0
4893.701068526246,63908.65676161884,63628.44675701703,9,0,1,1,17,1.7621797825120247,1.0
4289.859257552238,40330.77562736095,6494.048464084829,3,0,5,0,22,1.2810127796817015,1.0
3520.7908148717856,70315.17245020537,11203.325407844639,7,0,1,2,2,2.062257395882926,0.0
3648.930969996181,102437.02617674624,65719.3459864196,1,1,4,1,7,2.4937214763156956,0.0
2832.2603322927266,154196.26597367882,51013.31530515795,8,1,2,1,12,0.970087293983748,1.0
4738.09880218717,136137.03951370495,17705.61635159562,4,1,2,0,1,2.1232632582457307,1.0
2506.4808267676895,70395.60698527147,34169.24625135385,5,0,4,0,20,1.5859686229582617,0.0
1933.562663855978,115555.97617709935,44477.78249858496,7,0,3,1,5,0.9818861321407728,0.0
857.0249178113754,187456.3979177567,67957.95684358302,3,0,1,0,13,1.4913158923024468,0.0
3941.717978692237,168551.3220872388,7651.723360476052,9,0,3,0,19,0.7605703742949259,1.0
3685.4974637741775,84942.26342140487,48947.6162812869,9,0,0,2,6,2.144156261068458,0.0
1952.5574406944677,196984.97543046836,58211.765962174664,8,0,2,1,5,2.9954937474406576,1.0
174.70739909818533,150465.46807397227,78297.67305910538,1,0,4,0,5,2.333164285125867,0.0
4203.036772204153,40616.3904633529,65151.326028498195,2,0,1,2,18,2.6299696147285014,1.0
106.51901809766449,35977.32125906857,24269.503144526054,2,0,0,1,10,1.0644164038848896,0.0
3533.3139091638022,58629.3513317051,57637.59792862641,3,0,2,0,21,0.7654694664606017,1.0
4852.772693143982,153735.49756852497,61772.39713937724,2,0,1,0,19,0.5053663556953496,1.0
2216.423574333607,61235.61739321274,59189.63349371643,1,0,1,0,2,2.3239810201273055,1.0
1213.118354729966,116952.7507655017,66151.09323229399,5,1,2,0,11,2.5578479188511896,1.0
3539.1114997147392,45854.22043074139,72587.20816845009,6,0,2,0,22,0.9727207177881363,1.0
4094.7843029771466,186550.64683113317,10579.0999121792,7,0,2,0,1,1.6957103316109596,1.0
2754.830064585344,88473.30430920649,11066.817041446151,10,0,2,0,6,1.9625668187427747,0.0
4836.824612517924,184382.44961530724,64322.799135339745,7,0,5,0,14,2.895471759609211,1.0
305.76017220690744,190628.85912479254,22432.68069215326,2,0,5,0,24,2.7848599570225425,1.0
2548.738211607414,31041.870043325733,7507.689490156002,7,0,3,0,3,0.5393458197846952,1.0
3606.347039246623,108902.98182378444,33894.646935506644,2,1,1,0,7,0.6230614934817418,1.0
4320.070332188436,34191.529470171794,66130.52221060802,2,0,1,0,15,2.8972530360996727,1.0
937.3152789435608,184477.770271494,12745.506833676489,6,0,4,1,19,0.6452488025108606,1.0
4010.017234730223,118129.2826048779,54731.83182894399,6,0,2,0,22,1.955004838825419,1.0
2785.900024806799,42740.48215874446,3278.4213564107126,8,0,5,0,7,0.6981874880471612,1.0
2012.940725850318,48747.043807016365,11449.783435358644,5,0,2,2,3,2.1671785520112494,0.0
701.9893914665131,95196.53416376564,30015.476624173487,5,0,4,0,11,0.9605235871370111,0.0
4333.214006599116,189839.8127883912,9437.37563887988,10,0,0,0,5,0.5853740892807253,1.0
828.502380489591,147794.55576657376,68134.42839265769,1,0,2,0,14,1.1970777172388232,0.0
1583.4499030850411,177495.2072521525,69533.4287422011,4,0,3,1,3,1.828355066610169,0.0
1485.7253832140625,92297.62987779654,61178.94413866336,1,1,4,2,4,1.837501053975381,0.0
4363.499469244729,37346.328923499714,21670.931617462546,10,0,2,0,5,2.408854893043034,1.0
3379.879821334045,195633.9983247504,43290.02479347845,5,0,1,0,23,0.6511996950965772,1.0
3993.572916097293,32919.408412602825,17182.516465299595,8,0,4,1,4,0.5204573410533258,1.0
1289.81609902287,191100.78102378512,24658.440655629533,1,1,2,0,4,2.2855180926488705,0.0
3143.1267930546446,92675.1620543546,42732.407497381915,3,0,1,2,2,2.8856009714476136,1.0
2880.142616561556,31715.368853719858,59596.06325148143,1,0,2,0,5,0.981772706870473,1.0
4172.510365101942,147156.7293931664,10288.387290310216,6,1,2,0,3,0.8747650158593172,1.0
4535.13094938224,196691.8516853302,25845.645717362633,10,0,2,0,14,1.3573874696081183,1.0
110.1760188130647,194156.37288239071,74349.84384003801,1,0,4,0,4,2.255582462519545,0.0
3386.398599341024,57359.29190441113,36042.49546920539,10,0,2,0,16,2.404497865227238,0.0
306.58720564265866,60812.127031246346,75292.96489101721,3,0,2,1,24,2.8417249587937508,1.0
2766.850392132912,126141.61548534222,79337.84169951445,5,0,1,0,4,2.504811764303371,1.0
1473.7820087662071,138341.82049281517,43552.80661057903,5,0,2,0,6,0.569396494790892,1.0
1568.544167634599,155701.04532319715,25179.388753433494,2,0,1,0,19,1.0159434582616997,0.0
1797.1445920891651,60778.56128026507,63889.814260088584,3,0,1,1,17,1.388824813144459,1.0
3125.39762279557,193031.20474995385,15266.92663542615,9,0,1,0,4,2.867278940824697,1.0
1703.5473300604076,138585.67356917044,22407.60819474943,1,0,0,0,22,2.014024973830276,0.0
3676.860300421888,173997.97620799433,63435.75303144473,1,1,1,0,21,2.9907934509224994,1.0
2052.410558590655,121811.1715983092,36390.7362043663,2,0,2,0,12,1.2940535290444997,0.0
388.3483415342952,100427.06409028004,18518.42114805034,8,0,1,2,7,2.803457825135279,1.0
3929.611220296331,196121.0941211493,53136.68236132898,6,0,1,0,16,2.24658581779516,0.0
1464.5037067338947,128960.63303937213,59422.66332638958,4,0,5,0,14,2.7176617466628725,1.0
2192.19605401635,177368.5090758604,12630.48543769382,7,1,2,2,13,2.806562112382136,1.0
3442.947221948413,192059.7073822693,24327.480018069928,6,0,2,0,11,1.6325619391128419,0.0
1695.6579778861244,144810.28659147208,20038.310163661958,9,0,1,1,11,2.6798831117730346,1.0
330.09899792624236,123319.57534817474,32248.806414708815,6,1,2,1,1,2.9580976962539562,1.0
1900.9091827134273,30596.844654810604,61785.256959356964,2,0,2,0,8,2.16779253399394,1.0
4725.020484336802,36803.33892563102,57955.52387512297,3,0,2,0,13,1.147613881328952,1.0
3226.585266627863,64144.70672868978,54014.34109954521,9,0,1,2,4,1.1733069559925449,1.0
3373.8217859026745,61621.43341551919,3483.9870318815224,7,0,3,0,24,2.3809932906447253,0.0
3179.796660506317,73308.99518397372,13945.035130289987,6,0,4,0,19,1.3216238085440386,0.0
1035.0110878492121,81838.88840860233,20193.91128085914,5,0,4,0,20,1.5276168647913606,0.0
2120.7526273062867,91211.1339036238,23940.60014499142,3,0,1,0,6,1.8163050686621014,0.0
3767.152001898425,101491.40731170902,14274.843706965301,4,1,2,0,3,2.779212172780868,1.0
551.7958428881377,46807.27753752249,34594.29746348951,1,0,0,0,9,2.2783022165808977,1.0
1425.3712416440758,37201.52843197295,8788.905046079995,5,0,2,0,19,1.227466350198038,0.0
1417.7795869059753,144570.556342414,60751.70865985912,7,0,2,1,7,0.8341902801188873,0.0
2188.4936915928047,121346.9202233232,63654.50062180008,2,0,2,0,23,1.2245019630596297,0.0
4902.825267663816,105504.51437742033,47218.53509926915,8,0,2,0,11,1.3338017181734338,1.0
384.1376060849186,137854.7899986199,9907.275532231524,10,1,3,0,15,2.331551702553586,1.0
2617.5699221839454,170705.4992246019,71536.40405510037,6,0,3,0,15,1.563113483055849,0.0
937.8551759604418,102707.79454975478,77353.95881052481,10,0,0,0,21,2.994841226986518,1.0
4854.848899778233,138990.3090588365,18581.994144777782,3,0,3,0,22,0.5862348096017371,1.0
610.8523484009478,192107.278051977,57257.26609693542,2,0,3,0,17,1.3856286021172466,0.0
2047.8249616898765,172736.16429646531,67829.2745594714,8,1,0,1,15,0.7148304528245069,1.0
3702.5306749313004,102420.1377854096,44567.951235788074,4,1,1,0,12,1.3918080373497608,0.0
3537.544418735854,139601.8624285063,27895.878663559663,7,0,3,0,19,1.5842851006948253,0.0
2142.5067526249645,60102.05672570976,39849.02106118715,7,0,2,2,3,2.7278649655900185,1.0
1765.2946313659552,125288.77143216527,42444.6938104028,10,0,2,0,2,1.5634055556544824,0.0
2018.1812738367094,196825.8094935353,33849.05240247815,9,0,2,0,1,0.5637579453816381,1.0
1358.1675026352643,118113.56958442878,74597.87200979538,10,1,5,2,4,2.8879699354473214,1.0
1066.398046598659,187698.51086232503,60278.99954257266,8,0,4,0,24,0.8631401913401333,0.0
2441.0465029165052,99246.93648555432,21580.226453632225,8,0,1,2,7,2.434275617254712,0.0
1379.2420925346562,199803.6206213873,48087.903423629876,7,0,1,0,12,1.0006703559456895,0.0
1472.935241241388,128467.40598868483,56029.064621699894,10,0,2,1,22,2.8083337212233483,1.0
3300.9425141990573,37185.729020108876,13792.044471064031,5,0,1,0,17,1.0663616274005085,0.0
4844.259791914466,129748.31543753597,30598.78216327146,9,0,2,2,3,2.6379142398247946,1.0
3038.0041427689066,76677.35826553142,72727.21768350153,7,0,3,1,21,1.5363936917349303,1.0
431.04836197158306,35521.8247461021,46672.32871426052,3,0,3,0,17,1.6178577155858451,1.0
424.1388885776315,169545.06179809276,19708.826446644398,6,0,4,1,17,2.0730184072244757,0.0
4759.544943185551,76874.03828672851,12454.42945517461,3,0,0,0,10,1.7185528422690106,1.0
1521.5894120213015,165413.25418790473,42903.470797565584,6,0,3,1,15,1.3418582410872577,0.0
505.7315811082534,78996.98910249738,45171.80067324409,8,1,2,1,9,1.10651098853539,1.0
3015.2707063943885,63035.48015854163,28749.91275430515,9,1,1,1,17,1.165587202278981,1.0
3137.0614525368173,195569.04759775265,51542.034188272126,2,0,2,0,4,2.2589148922368407,0.0
3260.0988595875065,91479.70571835333,8288.720838892932,6,1,3,2,24,0.7718725918957271,1.0
1373.6400378948294,132233.95594533728,14175.756381492827,3,0,2,1,9,1.9039146970609664,0.0
124.79788686165142,133696.85377846018,45063.084217866955,7,0,5,0,6,1.44877451767141,1.0
4826.826078799636,125280.4919694953,7759.808426022954,4,0,2,0,15,1.38280435393291,1.0
1291.9205761709572,185498.27639860648,70829.97490431475,5,0,2,1,12,2.2887284759570745,0.0
3396.33012586011,144654.98213236764,13945.270525151793,10,0,1,1,24,1.75806924547893,0.0
3547.8178558996124,98634.61069783813,54891.830304509305,6,1,0,1,22,0.6929828996119118,1.0
3069.5367145434543,176604.6653691266,33122.66501201074,8,0,2,0,8,2.7739187164673513,1.0
1598.8916013575586,60780.692849713945,33783.65656075313,2,0,2,0,23,2.745049219158648,1.0
1391.9264561321256,122520.24879377097,61896.49370305807,4,0,2,1,9,1.5633909729434903,0.0
3008.4579993783805,191593.5632304386,41458.58433131438,4,0,2,0,9,0.5343896605869359,1.0
4337.173386377873,136317.59707967017,58875.47070057771,6,1,3,0,18,0.6506287021070365,1.0
4736.331958170808,168884.63658072895,41899.72461396323,4,0,1,1,21,1.7289926917325649,1.0
574.2337317986003,141105.3233426828,48653.71128820528,5,0,2,0,2,0.7035712464296355,1.0
816.4016323587133,172693.04680144135,61575.02634596414,5,0,2,0,22,1.6080666987065628,0.0
4726.444480976244,190562.93957369143,49762.7732049382,8,0,1,0,20,0.9743693579128518,1.0
3695.8493802572234,76396.69368056525,50402.36342293672,4,0,4,0,24,2.506179630302152,1.0
4420.819432907377,58842.383813642205,63769.90853992477,6,0,3,1,10,1.4189347616101178,1.0
1053.0315389699485,112278.42755653178,76079.68481809174,7,0,0,1,4,1.4462210611584554,0.0
2958.550061991539,149316.6125601167,32007.14385302093,8,1,4,1,6,0.5623366771198197,1.0
3520.6409923664946,68622.51304097674,47438.02110639825,9,0,4,0,12,2.134410103413949,0.0
3416.5538329625147,30697.246573128403,9643.033145483012,10,0,3,2,13,2.4336611803967063,0.0
2070.3508697901557,88298.96969223992,30627.898803802753,8,0,2,1,17,1.1586899202839338,0.0
126.20471387197696,194706.08702952403,34727.79039348272,4,0,5,2,20,2.041990231598402,0.0
2935.4839811811025,148144.46830299392,67313.27339545192,4,0,1,2,20,2.1172383522111886,0.0
1302.8526189390634,98225.32547000807,42531.214963677114,10,0,2,0,6,2.074163466611544,0.0
2278.7585184073073,62737.936548962854,59292.11074398125,5,0,1,2,15,2.2457672498257804,1.0
4790.026024664896,90535.24453830699,4463.569801976695,3,1,2,0,8,2.4624702590657273,1.0
2025.224822330052,58872.70366121215,38765.9355613803,2,0,4,0,4,2.3951249498215557,0.0
4207.017952988912,48071.989623201735,72401.46021759599,2,0,3,0,4,1.9350814132679066,1.0
983.2759984587931,184146.20333733415,20272.171016545453,9,1,3,0,3,2.847187317879758,1.0
3378.6794652238927,199600.5575238305,5427.208268647695,8,0,1,1,16,2.4511498794663824,0.0
4886.18442447277,57899.45473128435,36372.47249593768,6,0,4,2,8,2.727145977641011,1.0
554.3708493210371,39268.83500930756,57241.25018986484,9,0,1,1,6,1.7695647930621066,1.0
91.18371402460046,86054.28821485609,37993.690026793156,5,1,0,1,20,2.2511912481980456,0.0
2196.234823531441,108482.0607294406,38418.33014036747,10,0,2,2,13,2.6577001826795352,1.0
508.4961411042676,64819.61200289526,54574.988175350605,1,0,1,1,16,1.8494354515910212,1.0
3754.5025308973454,81242.23500575495,22587.938237794773,8,0,1,0,21,2.685076251136329,1.0
4577.015886050367,64148.02506758181,60895.51395643226,3,0,4,1,18,2.313085455345602,1.0
2198.4038149083563,161624.29663351673,14789.741879741474,9,1,2,1,9,2.384456031084403,1.0
1330.6226286694327,151138.25035203435,33472.79660702105,1,0,4,1,24,2.8183591154046215,1.0
2200.2964290827185,137941.7576793669,53512.62435226068,3,0,2,1,2,1.3257447603352968,0.0
3631.066698357505,95827.0357034648,66784.41355672522,1,0,0,0,24,1.9866654094627199,0.0
94.81809982283634,184536.9600234201,63947.892479709255,1,0,0,0,6,1.181650300432883,0.0
2967.797247949251,194820.5320609534,58569.79114669273,6,0,4,0,14,1.8229596370376164,0.0
3085.793840192526,59518.683146320036,30650.421532302113,4,0,0,0,17,1.6091221658817463,0.0
3206.556822134881,67912.14904001927,12417.432354616736,10,0,2,1,15,1.6435572998078969,0.0
1248.0092959053422,119357.27476006284,19696.234762360276,4,1,1,1,20,1.021442852089046,0.0
3584.5609807217274,45512.5967779817,69592.20372238934,5,0,2,0,5,2.0637517921093274,1.0
502.3878573422932,104196.22779992918,69014.51550021478,3,0,1,0,2,2.48894554229575,0.0
1036.388165510664,128904.51501221073,76270.18564550421,2,0,0,1,12,1.1716447362149722,0.0
4393.476730939686,118752.50709334663,8851.126195956704,10,0,3,0,5,0.8098152548232089,1.0
3706.6795960965032,86254.45912326443,44334.29956636412,8,0,1,0,1,1.1383981902592197,0.0
118.04049235615899,122215.78703312516,52948.594457625986,7,0,2,0,2,2.388076356635424,0.0
1279.4624888305111,192996.16222400413,57720.618034147956,10,1,3,0,1,0.6585126743255316,1.0
1111.3120908161645,65022.95872953393,52577.46909580313,4,1,3,2,11,2.0445038451509774,1.0
1390.4913237830142,141321.33092698062,62290.87702247572,2,0,1,2,2,2.5495212054630993,1.0
1275.4208628854376,37377.43800652881,30679.3113742793,9,0,3,1,11,2.5041372950795973,1.0
359.5051639270864,41290.78876184394,16816.323454432124,8,1,4,0,2,2.9688432720846825,1.0
2321.7555571542607,123810.79811800945,18752.91965558377,4,0,2,1,7,2.4749672827596143,0.0
3677.0307001915176,47839.66065575141,3922.359089202654,5,0,3,0,7,0.8370877293957755,0.0
3053.3220373513104,33798.95403256574,29974.78415217912,10,0,4,0,7,1.3678043926481522,1.0
3380.714759560495,59157.20960016377,10064.291917758252,6,1,3,0,2,1.0424541698426424,0.0
451.6884337543838,126024.35906992765,27754.629344844696,4,0,1,0,16,1.4409507858540973,0.0
4759.879015375097,149567.9622682185,51372.17594180108,2,1,5,0,3,2.092288139483992,1.0
4200.5345775229725,64421.3559040346,71874.81028018513,5,1,0,1,2,1.224581493646651,1.0
4035.19707655353,143604.10432538966,67649.61972626977,1,0,5,0,5,0.8219212020604756,1.0
4123.769834956749,61020.97628686899,22455.91432073342,7,1,1,0,3,2.285507544373109,1.0
4666.917015257169,134287.76252731372,13324.401949249615,9,1,2,1,6,0.7929889859849291,1.0
2744.0571322628034,100033.1455822858,17866.56508234831,3,0,4,1,22,2.869758449774861,1.0
1041.3959884447481,141145.91658671485,77765.97219657773,6,0,1,0,5,2.046443002802032,0.0
3103.078858870079,199158.96792147204,45309.534935782794,9,0,1,1,18,2.411017841313052,0.0
3727.263393656298,189428.88408953554,17052.67117104426,4,0,2,1,8,2.560702344700707,1.0
3702.691097102426,30727.898832137616,67737.45391088477,6,0,3,0,13,2.107528641439731,1.0
2631.1726696260566,180524.58994159198,33429.725812066725,3,0,0,2,22,2.254993940195824,0.0
388.87066070121136,41303.43517971031,72240.105702054,9,1,2,0,2,2.4758704406515575,1.0
1887.0090452291327,192017.91964717364,23072.138766255463,7,1,2,1,13,1.635229385163957,0.0
4607.794711893619,77910.36544694641,33278.07542792619,7,0,1,0,17,0.5068863974242273,1.0
2943.022103299259,94945.92116991605,41880.97773483651,4,0,2,0,6,2.9174701153244973,1.0
2714.7431191157816,45578.49487987373,71731.38072485544,6,0,1,0,2,1.1068046717027367,1.0
1380.824896191858,49086.36891591463,69894.3222335893,8,0,1,1,20,0.874223625185486,1.0
1873.8221535870657,153545.89608898433,47225.3404133986,6,0,3,0,12,2.798032465132503,1.0
4481.963141308188,190536.48007720956,20076.714253128583,6,0,4,2,16,1.8530936485220046,1.0
3348.9920852578366,133827.2441422326,34058.48682381638,4,0,2,1,4,1.1891502278117998,0.0
3947.5657824240475,151694.50263955788,78123.74603314392,8,0,0,2,16,2.8294128361329145,1.0
2299.0098441848927,159534.8565815161,49798.53823855996,10,1,2,0,13,2.638407519018142,1.0
3169.7237363079817,74678.42667400009,63144.527144563144,8,0,4,0,14,1.6395295006232402,1.0
1279.4988632788773,37689.03725643654,37639.58154282932,9,0,2,0,9,2.8904565061023497,1.0
3542.031109903257,30318.36646625866,43964.56021094409,6,0,2,1,12,0.7330543684909847,1.0
2166.6266018315196,89610.37810218317,36029.46664190589,2,0,5,0,14,2.8440198086356743,1.0
2240.6002983329904,71048.91879386673,57124.91685077153,4,0,2,2,11,1.6509121904887063,1.0
3264.145506655564,40594.01325836156,68563.26806928957,4,0,3,0,10,1.6535859105283452,1.0
4684.589076271187,60519.80972392335,42066.9928282914,8,0,2,2,7,1.6333028634302895,1.0
366.83141571267356,51164.81270555113,40026.794314989376,5,0,1,0,6,1.5762502875010775,1.0
4132.479024867687,185529.32470495297,29202.057966576565,4,0,1,1,17,1.8434458775573717,1.0
1497.296396540356,53845.42628805872,16636.445460644456,8,0,2,2,13,2.9879003357761738,1.0
2247.40129980657,121400.23887790546,75322.07466138338,3,0,2,2,15,0.5361992643039105,1.0
158.47097743629433,130828.01236906798,27338.138338321885,2,0,2,2,24,1.75017464406219,0.0
1540.1780852798495,122393.20781046773,64653.24269521998,4,0,0,1,4,1.2090738957284872,0.0
2538.024651019146,46839.593816717956,58081.720639135514,1,0,4,2,24,0.9286829130607162,1.0
328.0715828698231,84195.72149759371,63900.65522141594,1,0,4,1,3,2.812735548065378,1.0
2480.9238604466673,38715.95651873606,75131.14626965189,5,1,2,1,11,1.4612144577893327,1.0
4639.197612849215,97263.88539637372,50999.54853700908,1,1,3,1,22,1.8659934436850834,1.0
571.6964296336358,62061.81831617064,72142.17644041743,4,0,1,1,20,2.8259435351420636,1.0
3833.9816039737466,125477.53065834456,15912.693864246612,8,0,2,1,20,1.6985184485653146,0.0
2077.8717142111636,147777.4269543471,51256.86834867265,8,0,2,1,2,1.2204926637404196,0.0
3293.109886895473,120460.3762348001,62465.22219442517,2,1,2,0,11,0.7419653030226437,1.0
1338.1711600268852,103820.23842393728,23916.367067301402,3,0,2,1,4,1.9959153176789792,0.0
839.4866995797236,95846.68154563771,60038.0426994813,3,0,2,0,17,2.778983488428005,1.0
844.2899406425709,173087.60057649063,62942.71584195024,1,0,1,1,17,0.7019050071688586,1.0
398.93513093356603,67292.57106109592,67001.47261326625,3,0,0,1,21,1.6148056509972781,1.0
968.951189261153,154817.11771990772,27091.984269886827,8,0,4,2,17,2.1615730974215395,0.0
3337.885955695393,158771.99520582025,55483.70744295981,6,1,0,1,13,0.7517781217278934,1.0
4414.368528625365,101264.00123602487,26427.50282255168,5,0,1,1,13,0.6967867394133971,1.0
4079.922143676251,80541.10186835869,59906.10983738106,10,0,2,0,19,1.0112402119968933,1.0
3441.4148338786963,109992.05262781579,38648.972216219845,9,1,1,2,3,0.8282811104503974,1.0
596.6377238849582,45846.36740175875,49010.91683859594,7,0,2,0,10,1.444552231978613,1.0
1481.4778591649517,37808.1054789453,35019.6785701538,6,0,2,2,16,1.5254680229348236,1.0
1583.5440328462214,48972.54390682161,15472.68537359647,5,0,1,1,20,1.63186512945736,0.0
1287.2868846682252,61814.655348578446,16708.273779613002,5,0,0,0,1,1.7278017215502477,0.0
2599.2780155631294,115710.05945746732,8972.805859184356,10,0,1,2,23,0.6456290381291301,1.0
2700.991383654379,174353.22814739076,50591.59633856796,9,0,2,0,20,2.157413529115779,0.0
1816.5855770969956,70059.1964399468,68345.15664238555,10,0,3,0,23,2.3342924325148773,1.0
1801.2563357453582,188977.54182695228,4604.435622180233,6,0,1,0,5,0.8430801786219301,0.0
4151.350209635103,192334.3445189506,8100.441660803219,4,0,2,2,1,1.0674192993612377,1.0
3956.999599182444,193013.7828236849,38224.9584073241,4,0,3,1,16,1.2014102302324685,0.0
1573.589366819691,172385.66489497505,59804.49668495058,4,0,1,2,11,1.540468728139781,0.0
4573.252797172633,91850.2569356125,15143.488642820252,6,0,2,0,4,1.5039076643196145,1.0
4766.434334162405,42356.26487044592,23917.151605287927,1,0,2,0,5,1.0141753938759006,1.0
1667.375583048702,126699.18440030413,20864.47749869915,9,0,3,1,16,0.6836745894581282,1.0
1804.4034965256217,124975.84546932974,33726.94383767887,2,0,4,0,12,1.2261634862026602,0.0
2552.889059438696,174495.88040863123,20324.89813035298,2,0,1,1,12,2.4480380600459606,0.0
4708.548022041684,199318.4786608379,30150.09824794598,5,0,1,1,4,0.6458743621184289,1.0
4387.7811940544425,116386.74211522509,59097.7800969697,4,0,2,0,23,1.4153915945278424,1.0
557.7114147887695,88684.68527676332,50047.71213097256,3,0,0,0,17,0.9819623777642751,0.0
1994.0171791935102,61603.290964565385,9250.991315160354,5,0,1,0,9,2.281278716242543,1.0
2789.1873892613708,30815.970218953025,52106.41630092026,7,1,4,0,6,1.3286146576315025,1.0
2540.505739130123,116549.32772310945,39734.94221005944,10,0,2,2,8,1.4931950603420325,0.0
1009.6221862876188,124438.17333944127,74961.54925244968,2,0,2,2,8,2.7927531845955467,1.0
4301.143017282366,170239.54156895756,25276.4324170121,6,0,1,1,21,2.027993634766034,1.0
3400.856875834345,115778.0845417761,58914.81431683532,4,1,1,0,8,2.5595524964462713,1.0
4197.6464555164275,185799.61927322962,59276.283374431885,2,0,1,0,8,2.2122781896296164,1.0
4300.883182779888,136774.19101714404,20055.560137707427,1,0,3,1,15,2.9000107818195167,1.0
3754.3614756454117,172857.16049758415,72548.21912276208,8,0,5,1,14,1.928922221617004,0.0
2224.0924761861006,55211.294917317005,40821.10643307943,5,0,2,2,6,1.124804446403589,1.0
3072.2064373263515,175407.1421513935,55274.01925047628,10,0,0,2,10,2.2359041246186173,1.0
843.8087602927286,144774.45525545423,14230.878034029849,2,0,3,0,8,2.5506398424108476,1.0
3384.544816500793,58939.61551451619,22850.90160838163,8,0,4,2,21,2.918946802980009,1.0
937.3036159094397,62259.804884821846,48130.24808116616,3,0,4,0,10,2.0443756170390293,1.0
3485.050473025276,187505.10523751762,27565.09966474791,7,0,2,1,8,2.554914301403782,1.0
1186.510895732145,35476.61127656339,41476.35472996495,2,0,2,1,3,2.276541625177024,1.0
631.8789357435888,108630.94036027003,31798.400351743272,7,0,2,1,4,2.437592373127802,0.0
868.1582262076392,83290.79928879727,52322.642341591694,4,0,0,1,11,1.9944263201960128,0.0
59.861069334397826,143063.16479973277,40510.192934122286,10,1,2,2,13,1.2276653249260587,1.0
3607.761108374975,172736.99588672863,3354.965069933949,1,0,3,1,3,0.7190040586359807,1.0
3675.3851928389768,91264.28066461682,53025.42452179457,5,0,3,1,21,2.2997812007309104,0.0
2598.920082070634,102573.35484488233,35503.35989286399,4,0,2,0,21,2.5737869704700547,1.0
848.7458652241493,196926.02336524043,29310.77221774716,8,0,3,2,5,2.427894667310385,0.0
463.5939706779142,163265.80664546447,10249.299925808213,1,0,2,2,12,0.5990529230438064,1.0
144.6883838645707,182524.70225840455,19968.466173619843,2,1,1,1,12,0.6374633534619143,1.0
870.4534759778425,104589.57751077706,20230.466451725715,5,0,4,2,18,0.757827939007832,1.0
4459.734898166576,69792.9546772996,75023.45145416414,10,0,2,0,23,2.56110348399612,1.0
1245.6073664233247,100016.78911569678,36303.499055484106,10,0,3,1,12,2.0265702914571704,0.0
1803.6430697252174,151735.6260313573,6239.070235568093,2,0,1,0,24,1.9742612731335427,0.0
571.4601481825993,48603.16882211648,13688.884532735708,1,0,4,1,18,1.0333302344165083,0.0
1150.688458503443,75979.7479548065,9085.516031434228,6,0,2,1,10,0.6913901882523583,1.0
2620.1616253620155,37928.10307847036,48342.94304595527,10,0,2,1,7,2.490294605805548,1.0
3058.37578132348,103499.11551748237,17369.854850645657,4,0,5,1,3,2.571010786291601,1.0
1264.4939551227446,170665.77511653426,41388.93830169675,5,0,4,0,5,1.1283801051268891,0.0
335.77418816433016,34192.82701066184,31494.778840988118,3,1,2,2,23,2.5648877049958227,1.0
1985.6127021806233,144804.99955721822,64898.48104010335,10,0,1,0,12,1.2823791659175794,1.0
1209.306686085354,188524.29866733574,27677.702069432897,6,0,5,1,14,2.529934821547645,1.0
1136.7919199875196,70277.73645690098,38286.44214455424,4,0,5,2,13,0.6716884724649126,1.0
4801.320873431603,147917.9229237002,58538.987242032585,6,0,1,2,9,1.3618238160597678,1.0
3100.687405332334,195767.32318703405,36368.04293365923,5,0,2,1,10,2.426034759169865,0.0
2806.5482937018746,193587.27022591874,64077.59627301556,2,0,2,1,1,1.2219347024994875,0.0
2108.0867624404436,69937.96281495436,53949.6954302232,4,0,0,0,6,0.600740468138234,1.0
2173.274450479214,47056.27904605168,34610.74177389713,2,0,1,0,6,0.8758546083715217,1.0
2727.4797689985003,55208.03144230571,41806.608277849926,5,0,2,0,2,2.9042160668218666,1.0
3497.327544828731,149346.06364196417,77474.6660998489,3,0,5,1,16,2.000603074735607,0.0
3525.623176100056,153379.00882705685,53944.08523114621,6,0,0,1,5,0.9423961183361591,0.0
899.8848431419754,144620.21547679382,72684.632399869,5,1,4,1,14,2.1192349786148643,0.0
2525.5581227793036,87133.32591618047,16764.404767271957,2,0,4,1,16,2.0582809734800054,0.0
2089.1925704188047,58862.07975888076,40209.1840308767,10,1,4,1,9,1.5195006569744993,1.0
4359.108483033452,128729.38563188304,72966.9485780689,8,0,1,0,11,2.166947811221788,1.0
3175.523660030963,112225.6757788373,27841.128730989156,6,0,2,2,16,0.779521779102373,1.0
2685.89512875911,153901.80501079158,77510.1432572744,9,0,2,2,20,1.303535517039944,0.0
621.203478785641,105031.21337655565,10474.966766471622,3,0,4,0,12,0.5939575216068109,1.0
3047.9075521508867,87568.74809669962,72505.68011117783,4,0,2,1,15,2.786158197893257,1.0
630.1593331171555,79891.35815103244,37281.33339907112,8,1,0,1,21,2.732465094790072,1.0
1719.1725490504728,65949.95440845692,8678.300715869373,7,0,1,0,5,1.0098855199924923,0.0
757.0677258309428,75176.88395173244,70723.16262912872,8,0,2,0,21,2.2691383570467702,1.0
3475.7645527706263,46121.17460349723,22399.396355501736,9,0,5,0,17,2.5326533560912217,1.0
1070.9479634889553,88965.69185791122,4713.25966313234,8,0,2,1,8,1.518011450372105,0.0
1989.7038972807286,36216.868101702894,13457.147128827806,8,0,2,0,23,2.5423573322826223,1.0
4483.590149212954,61690.35401827555,53751.83512628164,6,0,0,0,1,1.7309876651314084,1.0
1061.366097824903,156950.97558530295,78291.48466364101,2,0,4,0,2,2.4930127159584305,0.0
2563.6350665959567,85329.72807502585,11582.584747930794,7,0,2,0,1,2.3933764768812593,1.0
2125.394722771809,143600.29288614844,38569.99970560667,4,0,4,1,20,1.9047697583290628,0.0
139.71400317636218,151870.30985153717,16909.014422960005,3,1,2,1,9,1.7683950473553296,0.0
3974.152662185423,128801.5082644593,60367.81312582259,4,0,2,0,1,1.2319476139177405,0.0
391.77723625726867,192978.61603211774,12090.53528165969,4,0,2,1,3,1.5285661790454412,0.0
2397.5623538359205,33644.77732592925,21467.814633028498,3,0,1,0,16,1.4793554953389467,0.0
2825.357559947802,155570.95059998415,18123.259508978495,9,0,1,0,11,0.7581506309610171,1.0
3160.710960242206,192993.72946986937,45544.0230882573,3,0,0,0,7,1.8101942348838411,0.0
3458.726565073984,176586.19398999968,70235.1750840487,2,0,2,1,20,1.9507865125876362,0.0
1303.6982984374397,58541.75760685226,42353.94548904423,1,0,2,0,13,2.9225240929116354,1.0
99.39494445932439,85559.45206279444,7484.745863403286,1,0,1,1,6,1.2072080916740673,0.0
3631.0461286568143,59316.81277899911,46380.947655956006,5,0,2,0,23,1.4986465992480154,1.0
2701.500166770514,132222.42184849968,64409.11694748672,5,0,2,0,12,1.879689565686836,0.0
4188.782630875881,151071.95693651368,13176.027192432848,9,1,2,1,6,2.632587762831779,1.0
4115.872396358436,83902.54079171989,8598.763504533563,4,0,1,1,24,1.1449108494034175,1.0
4224.464530550022,121716.11757733022,17461.198871932815,5,0,2,0,2,1.08577142074808,1.0
2451.2185668987236,147456.49691210315,60448.64685726532,6,0,1,0,1,1.829707105583032,1.0
1701.460559392485,101627.76882387821,48559.39230396412,10,0,1,1,7,0.8214124581961875,0.0
3968.2131028272815,175182.64017742808,44625.78835505466,7,0,2,0,19,2.2410681185483554,0.0
2283.905859494812,161163.48899892892,22209.951886646162,9,1,1,0,14,2.649464676749772,1.0
958.0388721970008,40993.142454597015,28582.217834008177,6,0,4,0,4,0.5737620974444575,1.0
4282.121396829298,135591.30084544094,77373.14599663735,1,1,4,1,16,0.9874293777117236,1.0
4418.671390023119,70005.34366315743,21528.1424581627,8,0,2,0,14,1.9477964389386344,1.0
2358.233292893842,124778.10499343679,72426.69759064181,2,0,1,2,23,2.5694775866475688,1.0
424.71365018344795,192671.03524760428,47700.92584324572,9,0,2,2,18,1.7251876914350848,0.0
1969.7391450888097,179440.54077388253,12493.82791058608,7,0,2,2,7,2.4608818295276356,0.0
4027.5114143398864,98767.7885295724,38983.05311794023,7,0,1,2,4,1.5556274074374408,1.0
4513.781441303832,79557.35591854007,76038.25123678744,10,0,1,2,1,1.468836714523633,1.0
1057.1900753630994,69848.97654940403,35229.551056576616,10,1,1,2,19,0.9541321448712419,1.0
381.51937952509405,120527.52785860842,69480.76548878089,5,0,1,0,24,0.87898487904964,0.0
4392.884743007551,49422.237053869576,22745.00948818149,8,0,2,0,23,2.363183345792301,1.0
1977.5544479454327,123376.75138180226,46961.00568862872,10,0,4,0,18,0.9233990111483501,0.0
2731.716773124438,30226.718713434642,67976.60848155199,1,0,1,1,21,1.5193499049281094,1.0
4841.925769651257,85054.43722679361,73893.00997006656,3,0,1,1,7,1.862503901520865,1.0
379.4954031754031,67388.83335119882,40408.39927065015,9,0,0,2,21,1.1609893522881225,0.0
3259.174136887873,195107.19429333296,52255.98386519804,1,0,2,2,16,2.581001791783204,1.0
416.821841745592,153631.19432689642,3229.470070239483,8,0,1,0,17,1.511918190244805,0.0
1908.5711959091768,89441.07467858041,22498.194678531,6,0,1,1,21,1.4418311944639095,0.0
4028.8819987075613,45783.664710205485,24460.831988514823,10,0,1,0,19,0.9454428756679246,1.0
2195.6875521403904,117856.10109740608,10198.961897391171,5,0,2,1,1,1.049494716107306,0.0
4986.052651819605,66286.13982542719,24536.516028487204,6,0,2,1,16,1.2281991769712712,1.0
2817.3434604856807,121193.02280272082,27726.396545476713,5,0,4,2,20,1.3733226584767597,0.0
1639.7526555479699,172011.60021041174,77594.98504675088,9,0,2,2,7,2.253244526758586,0.0
1139.551063228528,134684.73385723552,54482.3833031845,2,0,1,0,7,2.9907633647857734,1.0
1785.076644716501,137744.03132265038,35802.391115058505,10,0,3,0,15,1.766395680670481,0.0
1894.0397051097766,121975.14914067795,79080.19347355422,6,0,1,1,2,2.2633830415609646,0.0
390.13270473360683,187635.15754733956,14798.888658065061,4,0,2,1,13,1.1092708801835132,0.0
1879.392287162527,188423.45635150257,39655.941932647314,3,0,0,1,2,2.867741152962944,1.0
2347.980672709163,117162.94418250387,52823.7899427768,5,0,0,2,17,2.5259765945640766,1.0
3627.551873582083,81979.11281439575,7279.708855273931,2,0,2,0,2,2.212690520487516,0.0
3300.8109493719594,108129.79099950547,58208.91207240015,3,0,1,1,15,1.2834821730115977,0.0
3558.3899933843136,61714.84507325466,10689.786174993222,7,1,1,2,14,0.7040077016854289,1.0
91.40022529044265,138178.5336040752,13801.737762175124,1,1,1,1,16,2.92056137720774,1.0
1127.4536279236534,115015.69708297965,15296.092459580474,2,0,3,1,11,2.3130086737635556,0.0
3325.3372275792894,47561.08122825758,74524.51665247486,3,0,1,0,12,0.84143150399244,1.0
2445.747372489748,63600.12279033461,55609.13697563892,10,0,2,0,9,1.8796060105214856,1.0
76.30170455831244,111537.43255391956,53467.917584939016,7,0,3,0,7,2.0275222473374708,0.0
4032.2484800375205,180890.12842220592,45772.999227804394,4,1,1,0,11,1.608629386848391,1.0
3875.40738778717,126286.42250728657,25546.061899522916,8,0,3,0,19,1.6794071467276521,0.0
2764.674856818135,145860.95003544004,50808.50725415006,8,0,3,2,24,1.8649734880120243,0.0
378.993462592547,87634.85345646465,34581.528431425264,1,1,5,0,4,2.5037650836050687,1.0
3844.249495186294,127139.93681751983,14197.043557131346,5,0,2,0,5,2.529225658178299,1.0
2939.3822592702513,106054.56984847147,56098.99135523545,1,0,1,0,21,2.901495575048272,1.0
3920.701886931898,142052.0851459373,12977.82693060405,7,0,3,1,2,0.9297503605156474,0.0
3771.1476123594102,38597.84623343176,17681.480738630336,4,0,0,2,16,0.7756189549898089,1.0
4024.860256191294,113861.03676062306,65962.84701226566,8,0,0,2,9,2.026349593713776,1.0
2614.139928702893,80318.74627447438,53829.01640163686,8,0,1,1,15,2.259589334168002,0.0
744.6063650578992,85451.46041724457,51586.318874450466,9,0,3,0,22,1.3498592459714804,0.0
3372.229493229459,193355.96336487043,35201.61439438975,6,0,1,0,14,2.9621216670382755,1.0
3121.3452360072542,61058.118160935075,33513.59990443158,7,0,2,2,16,2.602986359163247,1.0
3724.1532766354817,82911.69293836148,56150.22090727589,7,0,1,1,6,1.7328298204117885,0.0
890.9109799511398,116681.7378742482,59980.42647289652,5,0,2,0,1,2.3105001304346535,0.0
1015.1272395064317,176714.58118543602,42286.41658205191,7,0,2,0,18,1.6326468488501138,0.0
4457.527110235676,100833.91414508298,77633.73181483652,9,0,1,0,15,0.9990558659791098,1.0
3762.3901023377502,156457.09775098908,76588.86603675314,4,0,1,1,20,0.8984211073434535,0.0
4545.7310190665985,175583.5966965164,34757.070730982414,2,0,1,2,12,1.2249484980131238,1.0
3805.6408397614077,82702.78048971432,66187.91357980283,8,0,1,0,24,2.7393245890708697,1.0
3005.918764651994,96767.53120158068,44831.62380307798,7,0,2,1,8,1.4393331103453026,0.0
3287.9570482879744,90614.55802702057,42405.20334190244,6,0,5,0,9,2.7667667037459696,1.0
4451.183223503049,171585.48746504658,7232.232726156191,7,0,2,2,1,2.4952676860511076,1.0
2915.0934348341057,37538.966532112194,47196.05270605988,3,0,3,0,16,2.0172896001147285,1.0
3180.3370554255175,82431.58510087561,72344.50065336368,6,0,5,1,14,2.7435566678677774,1.0
824.5597442178229,145499.45479117206,63070.306388022094,10,0,2,0,12,0.9736580257860867,0.0
2395.9100395747087,126125.39492610826,63546.42014184318,7,1,1,2,15,0.6905552350170464,1.0
3596.16570419259,104169.19107992803,15314.53597037812,7,0,4,0,8,2.375937564567349,0.0
1391.1663566660088,121791.19862763534,30600.6074292844,5,1,2,0,4,2.76354057787203,1.0
1051.1581935964477,63589.37959081411,20956.778582068157,3,0,5,0,5,1.4577358134440583,1.0
1603.442700710857,103221.82567336176,27325.476749083966,2,1,2,1,21,0.5116375641397102,1.0
1245.4281085645255,115289.50730997934,47624.52944901685,7,0,3,0,14,2.4158277606346763,0.0
1113.8175533301594,183202.1507322823,31088.35362950909,4,1,4,0,7,1.4123484935081265,0.0
2153.0116721970303,74341.97767667598,46173.731944748484,2,0,3,1,15,1.964053582465465,0.0
4543.8006437234935,177530.84536803854,36764.596117142435,8,0,2,1,19,1.0234923097240538,1.0
2559.9452513566557,139521.03814041693,25069.39800062903,2,0,2,0,21,2.2032991834870383,0.0
980.205885035849,33457.94128149217,10346.064433797213,6,1,3,0,14,1.8297414546910045,0.0
431.00976343532665,153187.32727289692,71671.56121554827,4,0,3,1,7,0.5702908666175778,1.0
3495.97291843273,36043.819183339365,3875.7491823579476,9,0,1,1,6,0.5152943741088429,1.0
1944.8538839601197,199554.79155834822,3127.2415869317797,5,0,2,1,2,1.594333178601309,0.0
4118.063185597528,178348.23690750363,66663.42596179305,4,0,2,0,24,0.9098388856902448,1.0
3314.5783047718123,80548.43708180776,79754.44240508584,8,1,0,2,9,2.764089617359679,1.0
3991.3951801797743,73759.90913343991,58986.91773395153,3,0,1,0,18,0.7608966982608374,1.0
1396.1328951213213,94844.98395795352,4176.085530842125,9,0,1,0,15,2.290464552722222,0.0
3477.1766661822376,90548.38410345532,20455.14745347553,8,0,4,0,15,1.3748772583742652,0.0
1357.106824233908,93297.42912551478,77830.34792017101,8,0,1,2,10,2.837428961478396,1.0
4698.388973278943,84107.01284031167,65262.52741738528,10,1,2,1,3,0.8323271001579966,1.0
3200.052693590203,135592.67916421633,46643.58797296275,5,0,3,1,4,2.444310904215394,0.0
1656.3334108679433,57924.82283250608,21238.27462690764,1,0,1,0,2,2.898063619637873,1.0
1384.0837183467495,173816.81971582223,4106.505856359671,10,0,1,1,22,2.8924374482725423,1.0
995.0865961046353,168108.4222853236,4606.333393080494,9,0,4,0,7,1.1405088785397208,0.0
3488.4727465239525,111002.14533539597,50122.52649182745,2,0,3,2,1,1.2411680190772105,0.0
1132.6422843397402,174964.09409735308,4681.05447913658,1,0,1,1,12,0.8737128321769565,0.0
2996.751166341071,72014.66190514986,79509.5209282537,6,0,3,1,23,1.4315935617600246,1.0
1359.943383280519,32986.12746967438,17120.555179017836,1,1,3,0,5,2.205237258077446,0.0
3326.7462767296497,135265.3472550699,57724.46686393435,10,0,3,1,16,0.526891178652866,1.0
4083.951656275669,107844.59918400162,14939.598548755834,10,0,1,1,3,2.125768704089303,1.0
3901.224953566033,126417.972870298,44587.19342452402,10,0,2,1,11,0.5445669345880506,1.0
3816.2140881073697,182887.69953312853,9207.069211898754,7,0,2,1,15,2.1685079306330852,0.0
979.2259081766477,194887.34750621038,62041.93868905972,7,0,1,0,5,2.6010721948049307,1.0
487.5054875733676,137857.0337584525,48038.924293811884,1,0,0,1,6,1.4004018871696864,0.0
3509.7967010125585,159889.4502749145,9634.835391908957,10,0,1,2,4,1.516560702197251,0.0
1873.318708282039,44247.433692817925,68341.13656840043,5,0,2,0,12,2.3191298375037785,1.0
2190.1138206965693,57321.649431555954,45120.433337806055,3,0,1,0,10,2.5231820706339136,1.0
204.18800932728576,154644.81684200602,73962.60787102548,2,0,0,1,9,2.9991167921617925,1.0
1334.9034239114935,103332.12758596033,73579.99977321467,5,0,3,0,1,1.85152314250122,1.0
216.69819917859692,105814.09596874897,73879.09979046685,5,0,2,0,10,2.6364590427081973,1.0
4401.969574376176,82463.30587802423,8989.460415436035,2,0,1,0,6,0.640289424602881,1.0
1254.8135819317258,133250.58519121644,12313.747655098305,6,1,3,1,14,0.7677131991110615,1.0
2808.81898938639,61478.05772075444,79053.34734814725,7,1,2,0,11,2.6760402019220555,1.0
242.94763727259553,136575.76748336226,40545.26324770036,1,0,2,1,14,1.4460816779277814,0.0
3350.8945869630074,59545.80571299075,21342.48206784437,3,0,0,2,11,1.065141593261729,0.0
1648.9853614827646,40850.42590065131,62264.16561439666,4,0,0,1,2,1.5130863799582328,1.0
4494.699975440446,86160.80707884037,23349.962033361113,2,0,2,1,23,1.8140453664013751,1.0
4446.185035223477,69293.8581416741,58995.60797743546,10,1,5,0,22,1.310273324376304,1.0
1660.1885608906514,181128.5785545765,67471.00489443161,5,0,1,0,15,0.9941352408836852,0.0
4509.756433667816,39342.08715766652,63388.280051736605,4,1,2,0,10,0.5925131904355808,1.0
4980.980483818955,60024.327737600885,24101.681231241026,2,1,1,2,11,2.4189709203989045,1.0
4135.807537413542,123282.33294911841,33924.63020410125,1,0,1,1,8,2.7599395465083614,1.0
4232.113171388383,111781.42244407051,34820.327248962276,8,0,0,0,21,0.543023706927898,1.0
1282.5932437399952,37794.84312369926,40828.01469404433,2,0,4,0,8,1.3736612688564593,1.0
2904.676874345894,31232.91276257456,15887.709568590475,4,0,1,0,5,2.731662981217179,1.0
382.9167741384709,197971.55013339547,37840.193881904364,10,0,1,1,24,0.5516812006698564,1.0
519.843787267265,142001.89906100248,42330.29026969194,5,0,3,0,14,2.3286988547188665,0.0
4994.518429564789,92119.04225326466,43941.59273674103,2,0,1,0,16,1.1082420690956805,1.0
1666.864284658259,109973.48210275102,66132.33310880329,10,1,1,0,23,2.4325836764815785,1.0
3753.5103646417897,75313.52047722878,42834.75638292113,9,1,1,0,21,2.198157915753243,1.0
4042.9920124827413,88628.54322784566,20770.36203355299,2,0,5,1,24,2.853024522191358,1.0
4297.215191485784,140337.55943559637,54060.91284480241,6,1,1,0,13,1.26655672423886,1.0
4988.260072140675,180078.005807453,64393.18909467014,7,0,5,0,22,0.878893240156109,1.0
1245.407602021496,61302.10392380143,27591.618315746156,6,0,1,1,7,1.7375937429858084,0.0
249.73659295551354,172861.4559155042,52688.5565343556,4,0,0,0,5,2.96207092602694,1.0
2085.3980140732006,50664.62701810574,14314.225687842974,1,1,4,1,15,0.6010507481370584,1.0
693.8993156532874,66548.6780100265,29328.325452510933,2,0,2,0,24,0.945939576522672,0.0
161.00815135217286,36319.79896843982,73010.24257532183,10,0,1,0,11,2.6431935771814556,1.0
1834.1127943503561,53938.01655580991,73170.72856351796,10,0,2,0,24,2.2157492613549166,1.0
3929.5043428224203,185941.5347288886,47299.9925632159,6,0,1,0,17,1.562270591410615,0.0
2852.5944215641007,108104.58692512436,57081.06248661321,8,0,2,2,8,1.734144802540948,1.0
1598.2510465912526,43203.196502320105,68759.18697085748,3,1,2,0,10,1.139508535248099,1.0
3288.9929271889623,193153.56246662344,76808.59526907225,7,0,0,0,24,2.9061225650535887,1.0
1198.4899925286131,179428.6923189705,40721.25590231225,9,0,4,0,23,1.3575755235266307,0.0
121.18815805682087,158296.02854758402,46241.331720204646,4,0,2,0,6,1.4496691761428568,0.0
3833.5492628603156,188690.37463108482,35004.400631882934,7,1,1,0,10,1.6726702336602346,0.0
3137.528270076845,67422.0015420799,8542.609153345013,7,0,1,0,19,1.0341212040074041,0.0
3823.3979912797517,172182.7798117147,35555.86737855902,10,0,4,2,7,0.9912176176465083,0.0
242.74318260394477,147298.50338023205,63878.30513249694,9,0,1,0,20,2.001601113885554,0.0
4193.742157761729,177859.07242650702,64976.18334534771,3,0,2,1,24,2.436748727907357,1.0
3116.6546901797014,165474.96617624705,71713.03782368408,1,1,4,0,5,2.3804244863930917,0.0
2838.8069860275687,88904.16074006025,6962.936298549619,8,0,2,0,13,1.9140297587056678,0.0
3141.8395381669316,161647.75129293345,43590.90339770881,4,0,2,1,3,2.0973023042849643,0.0
4328.944571998402,74617.57150743136,11271.685571154872,2,0,1,1,22,1.9092297429168337,1.0
2955.33570746659,85860.66771476931,18457.148103762236,5,0,2,0,16,2.687318694208213,1.0
2925.7043804464874,48343.97192790595,72316.6706833067,4,0,1,0,6,1.4685962852691525,1.0
4953.861827475541,188963.02471667968,41252.92689908658,1,1,4,0,22,0.8082361647952014,1.0
3795.8143269894117,79470.57177804786,61407.95890903925,7,0,1,0,8,1.588738885692061,1.0
2239.3543369831195,118505.81907914681,7957.576156508423,4,0,1,2,16,2.676979182519853,1.0
3551.615150162992,96526.58219925275,35095.6408022136,8,0,0,1,17,2.751954987913631,1.0
1976.690834874353,193187.78049919527,54916.501611154,9,0,1,2,10,1.973719326861829,0.0
1182.93353929332,86958.35905954201,13272.299058422424,8,0,1,0,17,0.6555961740161432,1.0
3004.416790594409,162352.78964185715,28087.976691137603,1,0,3,1,10,2.305888778084123,0.0
4644.50138566406,175420.7462873006,7970.18098683901,8,0,4,0,7,2.1326207882516193,1.0
4649.24062407654,104053.10457176421,53153.1754469523,5,0,2,1,11,1.6292218530164382,1.0
1742.431126622177,94289.20845699831,77758.62694747513,1,0,1,0,3,0.9075022293979911,1.0
2662.00345779739,157116.78955854676,66682.50281799788,9,0,1,1,8,2.016165926055025,0.0
1097.597697920813,185192.3166520598,78045.97999418255,9,0,5,0,3,1.7057525427603741,1.0
4978.373992019473,158338.3946222805,68111.56922257654,7,0,1,1,13,0.6510628888504706,1.0
4906.533643946282,68611.48215061714,68850.07707716736,7,0,2,1,6,1.49451609025768,1.0
3265.0692020518645,181012.3170644099,47442.644043593384,1,0,1,1,17,2.8467395956679145,1.0
4031.8495954034934,95888.88346426163,42905.42797881716,9,0,5,0,2,1.5286950368570122,1.0
3589.745798354315,127959.00000224882,34281.578514942725,1,0,1,1,7,1.5735346262436583,0.0
2986.1331842453674,171344.05527976088,65993.30691853276,7,1,0,0,6,1.8935888988456313,0.0
314.07258509504356,62027.110458083676,17019.206145407894,9,0,3,0,1,1.2428148317121195,1.0
2301.083495635672,163366.72306518402,7329.318518462876,9,0,1,0,10,0.6838400802484813,1.0
3390.1921957286822,131347.67564481517,75987.82434671998,5,0,2,2,23,2.0031626395990707,0.0
3403.781488724239,181868.0791106934,3290.9202606677336,6,0,1,2,20,1.7376792342388434,0.0
1896.9569611907987,59234.96831340231,78215.8577844406,2,0,2,0,1,2.2081049426665285,1.0
4711.375333957251,101515.98029695783,59121.70948027997,2,0,1,2,14,1.6910310184031159,1.0
878.417309572066,171583.32578736235,28294.416816732726,10,1,2,2,3,1.118337168117442,1.0
2526.779258767025,33269.38958764923,56732.12791764589,9,0,4,0,9,1.460935640564825,1.0
3469.875683926573,49074.232350159284,65976.3871032548,1,0,5,1,7,0.5337554103832725,1.0
3500.822239164456,198396.0861686449,21892.878310955566,10,0,3,2,8,0.8878823573668599,0.0
3260.762836005637,77667.01036035959,62358.967612527806,5,0,3,1,7,2.4650225019040173,1.0
1412.6766565867078,195842.34293307207,64936.461125634494,7,0,2,0,10,2.829180366301574,1.0
823.2225149987787,61030.363671474566,22200.306519651596,10,0,0,1,15,1.412803695427786,0.0
3197.9046177922187,91386.05531124707,6228.329287104732,6,0,2,0,19,2.81863633002379,1.0
3016.5454748902166,157987.805565607,18717.41591097352,6,0,1,0,24,2.0886770133789545,0.0
937.8122509317428,141822.32923049034,18449.773484483372,6,0,1,1,2,1.2011617214894854,0.0
3540.4387705742884,128790.80798793945,8023.514971512205,8,0,3,0,20,1.9993852806448706,0.0
2303.101359081599,120082.85988685128,58902.56861845008,7,0,2,1,10,2.5202885359734823,1.0
3355.414928435607,173384.87542300584,32258.06918329743,5,0,1,0,4,2.4646172064456944,0.0
4194.9670448622455,69941.25568167676,71097.7348939471,10,0,3,0,15,2.712754576743506,1.0
890.1557214557697,105220.05758889813,22417.17513621932,2,0,4,1,6,2.467960044484819,0.0
144.76709658434157,56426.88966659774,37898.87671269441,10,1,2,1,3,2.2388555387595734,1.0
3906.5578026591447,131310.07127421975,52204.34202736074,6,0,2,2,12,1.4592532076005675,0.0
3068.002254505449,72592.55212612443,70564.8011247269,10,0,1,1,1,0.9493429029178411,1.0
3513.2158696295023,86753.15093837559,43395.82482469186,5,0,5,1,24,0.7816406531234478,1.0
4198.867126193781,110112.62182599978,31761.396341553478,4,0,1,0,9,2.531677045630113,1.0
4023.9141273812775,34550.999569531734,69760.16104234468,10,1,4,1,23,2.416829552697208,1.0
4806.554727297682,45629.4491065424,26888.97470094601,5,0,4,0,9,2.7360926439028797,1.0
2702.878640317985,146607.96752039733,9115.624871708387,9,1,3,0,6,0.6766252183400152,1.0
2468.0533816665315,102924.89672197623,37268.242278288475,2,0,3,0,3,2.0882594488957062,0.0
2039.3416394591138,177014.33773998223,63452.184600345376,6,1,2,0,9,2.3011701363311454,0.0
810.7706620788125,148094.2406195139,5370.124045021277,9,0,4,0,14,1.5313878271534214,0.0
2884.4058027660108,31377.160080044814,48112.93286419859,10,0,3,0,17,1.8285570165631244,1.0
1421.2119954135949,134841.09623041292,48773.73173659718,5,0,1,0,17,1.7413910910943338,0.0
4610.472185454229,45933.227230151795,74497.71578390838,6,0,0,0,18,1.58735771167485,1.0
2936.794481171633,162758.64056438403,25057.79092016668,10,0,2,0,11,1.2265410819986504,0.0
2984.5588935151454,198556.30700734534,24470.419217223607,4,0,3,0,20,2.9725205006143645,1.0
1806.8770713411996,120303.79502105695,36917.24115315522,5,0,4,0,19,2.708427210417873,1.0
307.34729228965205,146072.51503300216,30482.44741330667,8,0,3,0,17,2.4664354055222084,0.0
207.13163859629367,70343.40735210777,59698.63142707816,1,0,1,0,23,2.6046667444093488,1.0
2145.5089635583277,104391.6164381449,52414.90993912932,1,0,2,0,14,2.5933545810073193,1.0
468.5986215813274,175536.20648018524,61436.91991878251,10,0,2,2,16,0.6869482707377332,1.0
3053.8924299236887,58461.901116862704,66143.21792229907,4,0,2,0,20,1.9368945048036421,1.0
4410.816377916304,75141.05295433957,74069.54722052938,10,0,1,1,16,1.6767615004847463,1.0
4420.428341767674,105723.72479862513,36182.12834741787,3,1,2,0,11,0.9968498962111687,1.0
3312.27478015455,151082.31161348236,78821.69898930931,5,0,2,0,1,1.1530299158688269,0.0
1095.5975657910085,93900.27231526455,19605.88263208126,10,0,2,0,16,0.8532527787956699,0.0
4321.834315226417,187714.48756311066,58006.1174699443,8,1,2,0,22,1.6832302922357376,1.0
4436.162504800381,46057.69871568226,44118.717432653575,1,0,2,0,6,1.1408208451257074,1.0
1023.4352455171456,93036.71358262407,65901.34579073603,5,0,1,1,15,1.0313339416608986,1.0
3700.2591245648523,150522.2009828317,39711.330086694805,5,0,4,1,1,1.871782983437225,0.0
1468.2717671892585,68417.75016245371,63363.27492290721,2,0,1,0,7,1.0316213957747948,1.0
4023.069546147002,141590.2328190444,74622.9910278712,5,0,3,0,8,1.97403784984225,1.0
4986.327604522833,57916.88289864881,59386.65849278672,8,0,1,0,21,0.8888482564164988,1.0
198.6287263804944,39516.64842648669,62759.26003881097,10,1,2,0,10,2.264057532563064,1.0
4491.961035665113,50572.67184727031,8172.508207470922,7,0,4,1,7,1.25800226531862,1.0
3132.0211413133575,188097.4131328029,18781.73999188561,2,0,0,2,8,2.408492226972694,0.0
4868.243964865865,123797.65009972373,78021.38801877672,6,0,5,0,13,2.491298650154163,1.0
2351.797111755817,165378.78183154034,56375.39929162937,10,0,0,1,14,2.964482940372451,1.0
4244.5702563283,86551.26515385871,46231.574332947355,1,0,0,1,23,0.5413420427344899,1.0
358.8506395614723,130751.97014052593,31257.180751526656,10,0,4,1,3,2.5247467948254965,1.0
1709.6312978875637,114141.86272984857,6417.953092932679,10,0,3,0,12,1.7047242442140105,0.0
381.7318618684894,190775.45309839,31423.464913238393,3,0,1,0,2,0.8068234784072941,0.0
4877.9485107213995,157087.68812919874,41416.291243297346,6,0,4,1,5,2.394253136072596,1.0
4094.0208409955917,154192.24735441845,19282.38222279028,9,0,2,1,12,0.6645227143136113,1.0
4270.109735167554,37880.05580382752,16331.532928085104,1,0,1,2,4,2.669201702747206,1.0
4692.927895597776,123443.84373062749,42148.074454528796,6,0,4,1,1,2.0809444590767523,1.0
471.2622562929375,109388.54716330853,48114.62614332088,2,0,2,0,8,0.9717071617721948,1.0
1958.7080829410002,187733.18532305307,21473.679751798412,9,0,1,2,21,2.202217054667988,0.0
401.6227007678105,73748.13799222048,48228.989533128406,2,0,3,0,20,0.9182469604774441,0.0
1093.4258526726417,75871.68705948602,72326.1772183207,3,0,3,0,2,1.9135382204516245,1.0
1185.3605963364782,99928.86230985507,39434.34086764424,2,0,2,1,17,0.5124474062115659,1.0
2372.0806946855146,71372.85127908393,69019.04305821296,4,0,4,0,24,2.8430930459157038,1.0
1379.3827288955308,51961.266027487414,74399.90122906552,4,0,4,2,9,0.6599496903782627,1.0
549.8416287479174,175760.52393063615,10114.3402281556,10,1,1,0,20,2.374544644549191,1.0
879.0808910158331,124907.00914866569,10377.491633573369,1,1,4,0,11,2.262534438978725,1.0
779.01403958285,176431.66222261635,39655.40208234531,8,1,1,0,17,2.1289135171541025,1.0
4866.7301496658765,171292.9101186283,48283.888212463105,5,0,2,1,23,0.5977741419977785,1.0
3808.4979092464446,77947.20031424408,35793.02676380725,8,0,5,0,21,2.1387781887005137,1.0
4840.419253084332,123115.36553512658,28136.709322147733,6,1,3,0,5,2.0320388636287747,1.0
2226.7154082141474,44147.00946581198,52356.546941714005,2,0,1,1,21,2.081583577728024,1.0
1427.9239842301502,185592.82028522893,3160.2764509438607,7,0,2,0,9,1.8457201207431304,0.0
4001.551326185474,98724.66156107602,77541.64262650817,10,0,2,0,7,1.3261265581873733,1.0
1664.9568943036766,96924.95126113364,20870.089790477705,9,0,1,1,18,1.0853943253836196,0.0
1531.947699841474,81468.41300505205,73616.60518089155,7,0,4,0,15,1.6407921826644079,1.0
1200.9046614287645,108312.83660081965,11394.135329156961,5,0,3,2,16,1.4622826082942786,0.0
691.910942209965,72799.09571272618,21332.71301743209,4,1,3,0,16,2.219297388165373,0.0
1319.4921520329915,93724.88637545677,21085.27498373753,8,0,2,0,20,1.1766740736414039,0.0
1808.832754945744,165990.9982594299,79703.77362344976,6,0,1,0,13,2.4792526597750446,0.0
3386.2713303213654,171823.43560947923,3354.2420208931003,5,0,4,0,5,2.9496671423771907,1.0
359.6959689862853,81711.02119684775,52252.14211636918,7,0,1,1,2,2.246376900915953,0.0
1092.0093513434476,109732.45319397394,69965.86674168566,3,0,0,1,19,1.7808025769708473,0.0
4054.667019443798,178549.3619676089,54765.07135990473,9,0,5,0,5,0.92833294821333,1.0
777.2635217396653,38954.46641104852,30930.5040027047,4,0,4,0,1,2.955330352127437,1.0
1746.0934752864816,181154.6435392835,76789.82092812599,4,0,2,0,1,1.1817646817978875,1.0
4330.061663197794,67261.33876089638,71801.09810335615,8,0,0,1,16,1.9209413337164258,1.0
816.8802901600411,145351.6715164439,36414.52885921287,6,0,1,1,17,1.6062566883197822,0.0
459.54733631004,129033.78838538204,47146.29393105959,1,1,2,0,7,0.9982979900884246,0.0
2448.4630756460538,123999.92719217285,77498.97746100354,2,0,2,0,10,2.4520438817986747,0.0
1546.9765808287552,176091.23820797962,78657.1478683382,9,0,3,1,4,0.7946333524014291,1.0
2838.871404195078,47267.264419592415,37636.39223028232,6,0,3,1,4,1.5745643997960175,1.0
4028.834207893202,88994.76430535813,68245.95216701782,7,0,2,0,13,1.0284230502839415,1.0
728.8850163560786,121502.96687861015,26252.4774754531,9,0,2,0,13,1.8739560492069463,0.0
2924.4604685437107,167919.10517082678,31629.59121566118,3,0,3,2,3,2.652005203659733,1.0
2552.2683639298266,66795.32417998416,15691.284990247423,5,1,3,1,11,2.726990415761732,1.0
763.1899907653378,166498.07303362698,19107.21364380823,5,0,5,0,18,1.826248093025658,1.0
3138.792503368463,97938.54202396907,53579.24427397064,10,1,4,0,20,1.1040629540342544,1.0
1404.5200684108197,62115.35559372822,42330.18458654523,7,0,1,2,11,1.4586672721438974,0.0
2464.7798767928616,159027.69487539204,20797.15326817142,2,0,4,1,18,2.221905528742623,0.0
457.2480051714563,45452.81325067313,34024.04045984725,4,0,1,1,14,1.2195581814656054,1.0
2324.941083207434,117510.4535928253,31735.126409503493,4,0,5,0,11,0.8836432573674775,1.0
1566.9941668119607,40858.88325652103,79026.73574922074,8,0,3,1,13,1.1956931625094387,1.0
4120.786995367504,90591.03537682389,68724.5694652762,10,0,2,1,11,0.803779074369141,1.0
332.04469863697295,132183.05583108676,32873.40767055447,3,0,1,0,7,1.1916387432479685,0.0
2122.106010845733,124539.64205282622,73371.57657499454,2,0,1,0,10,0.6087753672857222,1.0
2319.2355494506182,98791.4210437933,29382.92515536918,9,1,1,0,6,0.6559550131739434,1.0
3638.7800776806375,102938.15897525966,54428.41648058418,4,0,4,1,6,2.646098128014337,1.0
2892.7234966965443,68550.82406963031,77432.04974452266,9,0,2,1,18,0.9456262924182806,1.0
3352.7010691111964,107500.04003209749,33051.47252711852,6,0,2,0,11,2.6094735751578377,1.0
3896.393963976193,192053.32547254182,55351.1423130799,1,0,4,0,21,2.989691983295631,1.0
4317.904719608035,174576.99602324437,25786.133451822756,3,0,1,0,15,1.4761963689305941,1.0
1603.683708776229,54689.587742978445,23506.048301044048,7,0,3,0,24,1.6194626986951128,0.0
2713.21239155132,35062.733844556555,47210.0633152295,9,0,2,0,18,1.2149286547397258,1.0
4208.534988274039,188699.1331618272,78403.3740485578,8,0,1,0,8,0.7979861436617057,1.0
4947.783098277029,119547.45747972709,37891.30635145309,5,0,4,0,9,2.0922252218743687,1.0
4453.120589666628,121432.42993538232,75198.04671437672,8,0,2,2,3,2.620079703390127,1.0
1888.7629499906652,162722.0592701088,73405.99105884664,2,0,0,0,15,2.173471804045842,0.0
1016.0742602323196,83497.12555812551,22539.721150564597,3,0,2,0,20,0.7733553828132771,1.0
2472.4930601626143,111924.28670212037,33940.09434549321,8,0,4,2,14,2.016716399029925,0.0
3721.125186588409,194672.6952349454,52534.2908440521,9,0,0,0,24,2.0982036951553797,0.0
2488.216900228823,144265.2767785092,42889.53309967716,10,0,2,1,2,2.22437322801072,0.0
2441.745273402659,56136.65543928361,10388.806799464423,8,0,3,0,18,0.6736877328341052,1.0
4199.240584354913,52648.54715734006,79514.7483197912,4,0,4,0,1,2.245273851331827,1.0
1838.9487063825725,64725.00891661092,60954.35809326856,6,0,3,1,2,2.011615661165175,1.0
4305.983640317646,160340.98465152198,36702.440943302805,5,0,1,0,13,2.6702949144535584,1.0
2063.6837647110315,80214.09065290474,50598.97832430443,4,0,2,0,13,0.9128719051087693,0.0
1674.75387310778,33636.10393476357,9743.106929499718,9,0,3,0,14,0.6553399075891265,1.0
2297.25006043851,190509.64179596253,41138.22733409997,10,0,1,1,12,2.532197218087585,1.0
3824.112445440599,58851.28078713481,74674.09601794656,3,0,2,0,21,0.757356909729838,1.0
673.7100379267717,31624.891645171658,72038.27377023333,1,0,3,0,20,1.4503447773995193,1.0
1022.2751185664861,70312.3724051649,28978.325102202212,7,0,3,0,2,2.6722984799379144,1.0
4759.651887032305,69954.89381008272,43915.325514243086,10,1,1,1,2,1.1956825628564223,1.0
918.683555537719,101740.89264377292,56698.531354748804,8,0,1,1,14,1.60422748457834,0.0
2860.25022375872,186466.27135500626,29180.71355190871,3,0,2,0,22,2.035481174174079,0.0
2917.6066099765926,179461.43602244664,7995.699793233263,3,0,3,2,7,2.0978654051182613,0.0
2473.641087148712,107672.07434701275,41919.007567270965,6,1,3,1,4,1.9852321813787681,1.0
3241.488980455252,99852.98384860711,49325.9516583969,2,0,1,1,11,0.6516211165967738,1.0
1187.6422926982111,124351.54470072471,3449.8032093562892,6,0,0,0,7,2.4460312459038303,0.0
2785.6782254949035,71387.18203520018,10359.303762466858,5,0,2,0,1,2.4873904252574657,0.0
1892.257613472141,38871.44863428168,18961.379556749725,7,0,4,2,13,0.7607811924801882,1.0
3325.2529351644857,189668.10314910513,29800.02609830193,9,0,3,2,8,2.3491356781309953,0.0
749.0565396970899,61738.82742911937,44660.94415795469,9,0,2,1,16,1.7597419254275322,1.0
2875.8432133554074,63728.12397177178,25625.904744494226,1,0,5,1,19,0.5314887477660941,1.0
967.0882591474524,110318.2559051711,24266.15370930079,7,0,2,0,16,2.2354617048568537,0.0
1429.2831624194303,113574.26862285622,69939.89947360731,3,0,2,2,13,1.652026353651641,1.0
1132.613511601737,33133.81564912613,14168.899341709823,4,0,0,1,7,0.8166576043424146,0.0
955.0470103506447,55152.305591575016,41150.43025427174,2,0,4,0,23,0.9396114221033489,1.0
4137.269210225302,94286.31915532608,76367.50320408247,1,0,2,1,19,2.3944269859478036,1.0
1464.252459921407,146234.21789679164,51126.02018193553,10,0,1,0,5,2.8632133813585483,1.0
4639.262720229024,68831.1376614291,58224.82195187177,3,0,0,0,2,0.9099688068633458,1.0
4851.136300458695,101912.45586109965,36205.24833707675,10,1,1,1,9,1.5059223250881468,1.0
2877.739326188632,124748.66100179937,4534.776868218407,9,0,0,1,16,1.2992039277562977,0.0
757.8555571953457,181060.72408595963,52752.03836427481,1,0,1,1,21,1.9669433448667943,0.0
1904.0138047289272,85431.98539561097,51658.16966996555,3,0,5,1,4,0.9881371384691296,0.0
3998.7747035736593,52704.9051967922,11502.928007676648,5,0,1,0,10,1.9475620292781277,0.0
1868.5841070504987,113176.2784025934,38586.297949096625,3,0,2,0,3,2.5779744407974996,1.0
480.73523059880426,156942.67228629056,73480.32873925508,4,1,1,1,1,2.1027944166258434,0.0
2806.08530909453,48676.15869896468,18791.532061842085,4,0,3,0,7,0.9856890689151869,0.0
4233.3482149053725,102196.19358848326,38504.6041068265,1,0,2,1,3,2.3724832466266426,1.0
3989.8356163603366,33023.47401462218,38504.94526044007,6,1,1,1,11,1.6504940548476303,1.0
916.8595436452486,35705.060880032695,65428.63304736816,7,0,4,2,13,0.7823190695335975,1.0
3380.18484134171,112102.07174683316,66492.34201536723,7,0,3,0,17,1.3178308874307418,0.0
1141.4961040064532,80693.540685658,61463.74531408118,6,0,5,0,10,1.1036417847293594,1.0
1130.1272960332526,173668.24083092005,31139.970257497076,7,0,0,2,8,2.60860238588923,1.0
4376.6552778606665,132366.23204149722,8546.843226426048,3,0,2,0,8,1.0673560212331075,1.0
1285.8613160641394,107168.60349630837,29910.189246249087,5,0,5,1,19,1.7797638225901096,0.0
1353.0743652641554,99349.01307923038,55343.92249789315,7,0,3,0,19,2.1307733313682564,0.0
53.234284268432795,114531.73163222575,57111.486235658886,10,0,3,2,18,0.6407933309213222,1.0
4359.811718921313,36874.60130615243,77305.01612970736,5,1,2,0,24,0.8523373454786818,1.0
3973.344325385217,181774.87059151218,37930.374821165555,10,0,3,2,9,2.467759353974987,1.0
3155.2782286988563,199711.5364747729,51697.53988640236,2,0,3,0,20,1.3597280967248078,0.0
3763.815531497269,60852.811225978774,44517.69704563494,6,0,0,1,20,2.2550428078336315,1.0
802.6404087512344,50465.104011685355,14597.629128719278,7,1,2,1,12,2.398169583435304,0.0
2318.701793208498,54408.16878626119,38512.59035417448,2,0,3,1,13,2.106705150811247,1.0
1788.5359673764654,142374.5998998424,44952.306911052554,10,0,0,0,5,1.954288889569446,0.0
514.1938049722316,142444.94253663172,76207.71966525391,8,1,1,0,19,1.7375258830820113,1.0
2456.345901813874,174147.10758732987,31223.507189489617,5,0,1,0,5,1.482391884240533,0.0
4607.661269196045,157810.48603246306,78467.63093931429,8,0,4,0,4,0.8736693885333209,1.0
248.29263930093768,106447.24447278776,44757.1056998545,3,0,3,1,24,2.9321716648192644,1.0
1492.7315217942796,134185.4114661042,21670.131734335428,2,1,2,0,21,2.1047951454987537,0.0
1077.327634218232,147008.39396256133,17758.1578002172,7,0,3,1,23,0.9856428742079283,0.0
1228.8259356451968,117165.19994848828,13910.508629037846,5,0,2,1,20,2.5912133034242926,1.0
4546.751031802907,110860.66735677823,37875.83103415588,5,0,4,0,2,2.556096210160449,1.0
2366.941818459736,139666.56575925107,4688.335093747089,8,0,1,0,15,2.38245146231738,0.0
2358.182094052103,124770.67332586113,37268.486815244636,9,0,3,0,8,0.7892176081009648,1.0
3814.8494301536475,139470.19190710475,79107.16129600786,8,0,1,0,14,0.544764720728846,1.0
814.7364098243827,134185.31157377188,54598.22327061453,10,0,0,1,4,2.2705619190443977,0.0
2461.9635027952513,152263.4152873213,61503.53133243116,2,0,1,1,12,1.0112584494829746,0.0
2178.4268098992457,139276.59649308893,12163.415085306216,10,0,2,2,6,2.6018531769357143,1.0
3004.707918205948,118356.22269433543,39428.76633473699,7,0,3,0,8,2.181817319600758,0.0
4997.810631089671,145905.4579183457,25039.17877897997,5,0,2,1,9,1.4360162343876084,1.0
3858.7720257061333,106411.93408152276,71845.50965515526,7,0,1,1,9,1.718774107507482,0.0
2019.4352299362645,71084.10841534217,16959.520345071265,3,0,5,0,16,1.7568460276441606,1.0
4146.387608756532,30241.09742276563,38322.466189529136,4,1,1,2,9,1.4473083808365714,1.0
895.006398396777,125193.90501479334,48279.67431261411,7,0,5,2,23,0.948430184173374,0.0
200.7952472293526,130411.38852346897,42581.16405154701,2,0,4,0,19,2.985861329003757,1.0
1062.0194436981515,195248.32401187145,66928.75165372137,2,0,2,0,8,2.37304622802104,0.0
1735.0372027655853,91451.31679602683,20821.89419161231,1,0,0,1,7,0.8910386578070482,0.0
2577.3747494248214,97002.65128081299,32059.115502624223,1,0,2,0,13,0.5864214145938619,1.0
3094.889245678939,64305.92882817234,63990.490836194345,1,0,3,1,5,1.3608267183978593,1.0
4557.498300211388,41990.83019034473,43661.498703733974,6,0,2,0,20,1.8861206322411088,1.0
2573.7773472747654,161376.7637864959,33963.03869489271,5,0,1,0,18,2.844849797347646,1.0
2531.3144408973603,72445.78093768525,5267.073635352026,10,0,3,0,7,0.8309963109469677,0.0
298.70289862376154,133513.82637510647,61010.67764920192,8,0,2,0,6,1.6005643724381096,0.0
222.81218564830786,146921.41604273184,77858.02000344054,5,0,1,2,22,0.9465539579425709,0.0
2778.2418114860416,110110.2368395801,50762.09973061527,1,1,4,1,10,0.6743323586972517,1.0
2218.9841355793055,178979.8592146226,68953.67399303718,8,0,4,1,15,2.003339577857634,0.0
4203.942955152478,105445.12296655388,42799.43222600931,6,0,1,0,24,0.7595033322242718,1.0
845.3639443236336,78434.46591710007,20839.434337599072,8,1,0,0,17,2.300474320210892,1.0
173.6097274793955,182322.6389034758,4112.042026106201,2,0,2,1,13,1.8837816220895918,0.0
2272.741901254123,176465.9283224926,53311.66660442917,10,0,1,1,1,1.0813026591488732,0.0
1225.5188559236747,57886.79100299021,40969.381315114835,8,1,0,2,20,2.486231771927822,1.0
295.59114802724537,34413.373120166565,63221.557325745314,6,0,4,0,24,2.249030192936125,1.0
3636.7615198957633,45297.54457943552,56490.546142518455,1,0,5,0,21,2.0657167041137137,1.0
602.385349788375,78713.0577541489,79072.33235190548,1,1,1,2,9,1.03463557726262,1.0
3061.1815250384698,195284.1662960908,42294.06892272706,10,0,3,0,19,2.2663109742975402,0.0
1441.1962633261014,124947.74603734026,35892.45880482172,5,0,0,0,6,1.8515642893519124,0.0
908.805449257359,93454.4944449757,25078.95608682571,7,0,1,0,22,1.8357427150615433,0.0
1929.7700384506215,181081.73608416689,39718.31946792813,4,0,1,1,4,0.7988120465078512,1.0
4017.1565923036205,107033.17635134494,70211.103815465,10,0,0,1,18,0.8378368595518438,1.0
1990.8632056776348,83590.56682817359,6267.858885964078,5,0,2,0,6,0.5807515399062247,1.0
3766.3097635947256,190007.31988676175,78298.30364103653,10,0,3,2,10,1.1137171776287762,0.0
671.1571691557959,174418.00325275527,79484.65396170045,3,0,2,1,3,1.7335142783237365,0.0
3875.2185273421414,173423.62382130497,49032.24615126843,2,0,2,0,14,1.3974716574640549,0.0
1222.8199582879108,117088.40631853623,28528.903684545905,2,0,1,0,24,2.282239367714409,0.0
3403.0959929499204,164204.52779862736,20174.770560795834,5,0,3,2,2,1.518767596863897,0.0
2850.618696462932,60490.07107497382,24289.760467735665,4,0,1,0,19,0.7331053928279275,1.0
4649.266350197852,127447.90278456142,6858.117840882833,2,0,0,1,9,2.311537041261016,1.0
1967.2464639778045,197253.80688408276,39583.54380321863,5,1,1,0,2,0.9603811586421513,0.0
377.5176847304802,79462.93318805349,7413.96885655925,10,0,1,0,15,1.2875615403669571,0.0
144.81965347870187,165039.89597210477,58322.51453774624,9,0,2,0,13,1.7515467464274532,0.0
4142.949876815128,113381.32922537143,31638.568076029762,8,1,0,1,12,1.885409906357059,1.0
2647.441406424089,36766.96614775484,18351.084344531566,9,0,3,0,17,1.2374142922614983,0.0
3887.458056582999,159713.29762866348,44953.72395337496,9,0,4,2,16,1.6517803282402437,0.0
1210.4067200569978,58656.75454665917,77979.46665771205,8,0,1,0,3,0.6667591794333445,1.0
1758.164540290507,137350.5064125675,56525.090774418204,9,0,2,1,6,0.900197154721913,0.0
199.01416744602875,44562.91298798539,40864.507458020336,4,0,2,0,24,1.997599308301386,1.0
4809.387006641855,190967.45757431403,62822.40104259698,8,0,5,1,10,0.5114470821846282,1.0
3355.946138169026,79593.06082066135,59785.68833622213,2,0,0,2,5,0.9598927696761932,1.0
4669.365184408566,68498.99758515714,71663.63050145011,9,0,2,0,14,2.0708691046161,1.0
1364.207216773908,51953.18869127683,18759.508964733956,9,0,1,0,18,1.0806374644434062,0.0
3076.744875567021,190820.37286763813,69133.57337192236,3,0,2,0,8,2.5448188173644204,1.0
3408.5748430485573,151023.6362150219,26179.008702210813,6,0,1,1,16,1.4813125762969077,0.0
1621.8710162750629,156082.35108207507,75456.91744253247,7,0,1,1,2,2.2854220068471545,0.0
4248.140713327369,114898.77543464157,24642.016468898608,3,0,1,0,20,2.7126758000586215,1.0
4738.449241356227,110703.72349598218,74367.33782352606,5,0,0,0,9,1.6205311780566811,1.0
4430.032832595221,48703.61130855103,77211.88501373417,1,0,1,0,23,2.187553353144321,1.0
3708.381530899894,125172.9862492786,14202.834524190097,3,0,2,0,19,2.608499042135563,1.0
1423.4501646385224,71975.80416849437,78036.49101123429,8,0,2,0,1,1.1158325794146204,1.0
1443.9994084228772,196114.706576069,9600.668569054737,3,0,2,0,22,2.7130540888323056,1.0
4818.633586207888,165418.75980257505,19829.71956916419,8,0,0,0,9,2.650761909244123,1.0
100.90825488167553,100208.6502327909,37200.99612720595,9,0,1,2,20,0.6510810660026527,1.0
3594.447367548615,55728.013977560615,79506.99715980167,6,0,3,0,7,1.677623436688512,1.0
3545.9185046485477,163506.38749359327,40619.35493973421,7,0,1,0,3,0.777878313265524,1.0
3132.3132277014975,50749.14040382372,45381.52712474341,6,1,4,0,1,2.7153862872312042,1.0
4951.038788129986,62186.73809450198,56470.721113320935,8,0,4,2,13,1.0990878281856251,1.0
1593.8032070304398,65958.48801651866,77558.60398701725,7,0,1,1,14,1.4274426386714274,1.0
1732.8607257765784,124671.40850642604,63318.05780956682,10,0,4,0,21,2.844931712053713,1.0
440.75004458545,163799.63117836227,20259.858340624793,1,0,2,1,1,1.9051769333381423,0.0
2241.8507758915002,83433.52938319767,26330.30166115531,3,0,2,1,18,2.817680284677339,1.0
1342.1902048624981,44393.8684267992,10517.37444985638,3,0,4,2,7,1.653967506391194,0.0
1749.764175779339,108971.53879915127,52622.83204068497,3,0,2,2,15,2.956946110146006,1.0
4181.130361765357,157178.74099718904,16917.00360352006,4,0,3,0,1,2.888150202299445,1.0
4680.648341961104,67682.85332485601,22820.17641291116,1,0,2,0,22,0.5502966321427484,1.0
969.3787064256688,67387.17316669362,71384.75144888903,2,0,3,1,7,1.5154071666713074,1.0
1893.9192111896562,191028.59464894084,28160.187000565173,5,0,2,2,20,2.8748822475531575,1.0
4646.7212824712005,192206.13361026024,46631.79731327086,6,0,0,0,20,2.5356391175271433,1.0
355.95188041165204,198379.17445046798,33612.58267676663,9,1,1,0,2,1.029993210276733,1.0
507.1846141513237,167302.13226771262,8700.409130255346,2,0,4,0,14,2.7122894900893404,1.0
855.8153965708353,61991.308758550746,30940.51490204629,9,0,1,0,21,1.0039574750978517,0.0
2996.30352892803,66036.85853587443,34421.251633766675,7,0,2,0,7,2.8404616880134927,1.0
794.8377414796875,87838.29105880664,71968.9848471869,9,0,1,0,14,0.7076151970189919,1.0
4841.978088181131,84082.53032669344,27982.700330768144,4,0,0,2,20,2.8658301488556006,1.0
2261.2369099296757,192609.71734326155,32201.566221679226,7,0,1,1,24,0.7058300503158045,1.0
2532.513903733324,164142.57708988793,63283.05118776976,1,0,1,1,15,1.0696761070595393,1.0
1270.960148236762,153081.49466746417,61439.66214329304,8,0,2,0,24,1.9154138479384089,0.0
2381.253249551931,61613.74808988241,64467.96630193379,7,0,4,2,7,0.9700832022130876,1.0
3326.472481553207,184619.34509159604,76440.34698585232,7,0,2,0,3,1.4731087973413535,0.0
3768.3268279225117,170737.96451604954,64257.92737639838,2,0,2,0,10,0.9223247090352986,0.0
3781.6470094140695,57819.11302574703,34385.8316477776,10,0,2,2,12,1.894451194818088,0.0
2910.561007835737,178098.95643336533,66256.15580115307,9,0,4,1,9,2.0273189508786627,1.0
4526.580886219594,76282.08118298012,42167.94667092525,8,0,2,0,8,1.0511373461558904,1.0
4096.168844165241,43747.85679145803,24383.980503929528,1,0,0,2,10,1.2289097574086036,1.0
3797.388167758196,141659.7921074157,26324.614246087953,1,0,2,2,17,2.3452867984424035,0.0
325.2473323182801,141146.7920953362,20235.86391938167,5,0,3,2,9,0.7164801297588143,1.0
84.0459129872641,46138.44162615508,14164.457752121012,2,0,3,0,23,1.632257534918524,0.0
1101.614022117591,84204.807519219,17205.761712731077,1,0,4,0,10,1.225193174536034,0.0
3334.4417898715888,198778.45858344156,7864.709846444091,10,0,1,0,15,1.5308591900316642,0.0
2085.427569968602,145332.53339148528,71410.71659979376,8,1,5,1,4,2.5885982086377903,1.0
2041.910983531593,154112.77832256595,74687.60134298248,4,0,1,2,21,2.947743756230571,1.0
4428.705096736588,66195.93855273197,48181.32022202996,2,0,0,2,7,0.9509783789483648,1.0
4483.036098252602,43392.95207066544,67717.69585886874,5,0,2,2,16,0.6527850324510902,1.0
4550.41755706525,77073.28725595941,17134.97490429233,6,1,1,0,8,0.9923556000963308,1.0
1603.696478749385,72312.72548284262,72428.88454247786,8,0,2,1,14,2.6813957822070167,1.0
3470.7262730593457,69872.49712716903,41989.840091549144,7,0,4,2,20,2.6986514066151157,1.0
1394.5842473081298,62768.234720796725,8171.704430627741,7,0,4,0,7,1.2168575987027377,0.0
993.5186737185264,127708.46741141874,13881.081326050336,1,0,2,0,14,1.324651525848803,0.0
963.9306638694776,85777.59089310971,26791.187480584922,3,1,2,1,6,2.1599709782614385,0.0
1743.4327232747905,169458.65255808018,6353.933687315861,3,0,5,0,9,1.3544090509080828,1.0
2178.2902179101175,61271.06103405528,26815.59010734316,7,0,2,2,14,2.7601833539058007,1.0
4163.198396722589,108986.60204765256,7614.643350154668,2,0,4,0,16,2.5026545162991423,1.0
643.4609126899248,32321.832192433598,21174.12559984754,10,0,4,0,4,1.3945355573647569,0.0
3687.882944604726,111885.99481738264,23456.571200946004,7,0,1,2,20,2.930715985507022,1.0
2680.7018252370613,39492.49754900065,79566.41118024313,9,1,0,2,3,2.362327367305781,1.0
1475.3294462461627,196212.99701834942,21137.093879802163,1,1,2,1,13,2.393249296299958,0.0
2489.4569434374816,164400.66187057018,21417.356568270683,2,1,4,1,24,2.9008701117100877,1.0
1534.7132453962622,113318.9510281974,55882.75056359565,6,0,3,2,24,1.576674122432938,0.0
3000.6056784296147,44719.85089048954,69170.5258457668,2,0,2,2,16,0.6035348792713714,1.0
2197.527418133459,130715.72493437043,32803.266770360664,2,0,1,1,4,2.977397553175005,1.0
863.8073689404497,158989.83761931918,70422.58753543331,5,0,1,1,3,2.838214042000998,1.0
627.0862190506988,62421.9330108067,29190.9355975773,7,0,5,1,22,2.9154148166208884,1.0
2756.143626257044,126595.41793387344,18170.222730356487,4,0,2,1,24,1.6846881512839,0.0
4516.944514766212,168415.85272508755,28382.18947323471,6,1,2,2,7,0.9114216790547781,1.0
1752.5905484605435,160602.1221998738,49920.44079245541,3,0,4,1,23,0.9895336338660141,0.0
3678.350530751985,166508.64303741598,31270.02326702968,4,0,4,2,21,1.6831485548188465,0.0
3310.3737069518465,179484.98222785236,54812.822907175236,4,0,2,0,15,2.188468749520598,0.0
4661.196825831931,189405.95736710995,21244.062715531145,4,0,2,1,2,1.6628599527424681,1.0
4113.856035630747,98938.59638460111,56976.452837164456,1,0,3,0,9,1.4864725863353412,1.0
2854.6960315820415,126690.74742888914,29752.753970131933,4,0,1,1,3,2.908730514332267,1.0
3302.300966258831,164412.11942775385,38101.86461334895,4,0,2,1,10,2.1192854858574544,0.0
4497.013009590973,148513.76837078313,45946.37581410298,6,0,0,1,18,1.5183908719484622,1.0
2027.6179837053273,199238.4388049444,55839.32524532151,9,0,3,0,15,2.22460317067356,0.0
1667.633793995998,32325.200687789504,21380.954272352494,10,1,5,0,16,2.4793946051677196,1.0
103.51486399422188,90372.6466036844,67367.8063806324,6,0,5,2,13,1.4184561619053697,1.0
4141.427817247748,77774.74746593442,58581.89173115346,6,0,1,2,12,1.6877158814980708,1.0
4014.8544669966564,74593.69452814088,21025.53976484796,7,0,2,0,12,2.1046739224440683,1.0
567.0498645957493,67830.06302481057,78073.0413204241,7,0,1,0,1,2.0939758385481593,1.0
2905.444036606866,150551.05293858895,54189.3683093453,1,0,1,0,15,0.9387300269805344,0.0
2346.7094059260926,44409.110456804716,37836.87025793633,8,0,2,1,23,1.742419590266806,1.0
637.6100227701018,156073.5017703675,15129.604067620758,1,0,3,1,1,1.1478063686137112,0.0
4903.812723950581,147882.3931427665,44058.01717772612,9,0,0,1,8,2.783979933861248,1.0
1112.7446429436095,72636.70252515239,15687.7432856881,4,0,1,1,16,1.7411755110092129,1.0
382.80919144827766,72981.7431380774,36070.859259733974,9,1,2,1,16,2.4164841203316407,1.0
2994.4945285344525,136906.29950856537,34470.86425094295,8,0,1,0,3,0.6103155865590308,1.0
3707.3900518085115,159569.08793222523,58435.35261475443,9,0,0,1,19,1.4540241772897882,0.0
210.59505793357548,179002.55422485212,17813.504954267235,6,0,2,1,14,0.8969794703372892,0.0
3310.6523116987596,174863.72585526088,66284.09432505514,9,0,2,2,9,1.4824561610343028,0.0
2684.8447859596995,194030.10900785503,28112.189180244764,4,0,2,2,12,2.4875997278103457,0.0
561.1617939314897,128835.4322072069,37187.12427659568,3,0,1,1,16,2.817285835581205,1.0
903.9931908844923,184471.44542786112,62470.25511764587,3,0,1,0,1,2.7906216479842594,1.0
2861.4727717145984,167447.25645426984,51155.21477794064,8,0,1,0,7,0.7971789806403904,1.0
1516.9701868907775,182093.49613338232,26717.952088749174,2,1,0,1,18,1.2538185305056724,0.0
4694.662856824015,31976.522218512328,32737.62519003284,6,0,1,0,11,2.1509392462113937,1.0
4102.764135946051,194203.50861718785,26545.584677199982,9,0,3,0,3,1.0088468355396834,1.0
4918.657672242632,110500.12768390132,48797.3028803411,9,0,0,0,10,0.6285630623494638,1.0
1335.3706528045493,165691.1082277233,28612.08905692666,8,0,0,2,12,2.884207517726501,1.0
4850.131982349986,51624.70028742275,58878.722498301846,8,0,1,0,8,1.3237476098051257,1.0
2184.6076554682113,97309.9862883756,47643.61121094691,1,0,2,0,3,1.5497870783801233,0.0
1770.2180368030854,76148.31271356845,14219.409104558192,7,0,1,2,2,1.1811798817604873,0.0
299.2301584982986,79581.9909851593,26890.683638350947,1,0,1,1,7,1.3130027259020727,0.0
311.188026405033,50953.4553916499,20051.453027081992,9,1,1,0,12,2.9101222669514035,1.0
3475.455716935941,166979.85153231118,33054.11736646437,3,1,4,1,13,0.9794593240520915,0.0
2316.748522448438,31571.193478783287,42730.77463812096,1,0,4,0,19,1.7373299300023812,1.0
1171.2820488787233,83125.92768748442,42020.740010876456,8,0,3,1,24,2.0953490521556244,0.0
3089.1530163099014,59649.79234679055,61098.32309537326,7,0,1,1,20,1.0609488203942579,1.0
1301.6476853380502,130136.61990341789,17566.233497331617,2,0,1,0,22,2.2890817967559176,0.0
2909.2771840048918,73222.90844447246,75878.40785590341,7,0,2,1,11,2.206189049654288,1.0
1828.0832975643173,74029.73726977695,29399.073229926984,5,1,1,0,13,2.8868710231451935,1.0
4126.583521728504,113017.48447920418,26119.161212542665,7,0,2,1,8,1.6509142767562277,1.0
4112.445995795558,140957.1366879574,55758.75051987692,10,0,2,2,20,1.4617437456530826,1.0
2412.8844707058865,50621.799776077816,65024.78040859581,7,0,2,0,5,1.4027204686487347,1.0
1786.554591208327,59836.946919134345,32142.32589065131,2,0,2,0,19,1.4107967521860358,1.0
1844.670992967518,72019.70658106799,60507.21706683624,2,0,1,2,20,0.5941096592501117,1.0
4038.2869020576786,195537.1964000533,71047.66862247621,7,0,3,1,8,1.0905512303662206,1.0
1674.4884398481795,97515.92499029647,62043.882220935724,3,0,3,1,7,0.8001028816551263,0.0
1084.8438998488878,131828.31540727452,5633.12938895414,4,0,2,0,22,2.701516690150975,1.0
469.2072922827688,71062.27816171624,66707.40617519649,7,0,1,0,5,0.6405403781484638,1.0
2360.1309483778214,113378.11927677295,62635.03380098629,2,0,3,1,9,1.4130029945066709,0.0
2436.553889653217,42600.25964561287,54535.34833779532,2,0,5,0,12,1.048542786132515,1.0
4212.49811649439,35906.16480679558,61521.726269768566,9,0,2,0,4,2.113982817200675,1.0
1145.1315474080168,109684.69955964823,78415.7554790593,1,0,2,1,3,1.3158496092612135,1.0
1935.9068046585796,97772.07887813005,36195.692362012924,3,0,3,0,11,0.5414936901789487,1.0
4051.60840752377,53269.6543476107,8176.189091504031,10,0,2,1,22,2.7345915674977723,1.0
4126.936873207419,146892.24291652473,38488.527661334185,4,0,4,1,18,2.0911081501152777,1.0
1953.8248260949026,198793.59345287495,6575.391465110692,5,0,3,0,22,0.5034483471851074,1.0
2322.6639152690705,97259.95960344112,25657.28142281151,3,0,3,1,19,2.1991890728142156,0.0
1551.2651597039505,136174.96810595706,48189.74396835044,9,1,2,0,2,1.040938694553295,1.0
4666.146648175595,193705.91020196257,26840.962755314034,5,0,0,2,9,2.909048507813952,1.0
637.2866404208226,171360.9453159688,55775.433935034474,7,0,2,2,10,1.6121407015065088,0.0
4672.059643857277,108803.87796145657,66292.94723180053,7,1,0,1,19,1.0579694529545773,1.0
3435.138936584949,155373.21235818628,35373.81680452434,9,0,2,0,6,0.575622135994897,1.0
2681.2821557993193,51782.95684258908,72310.62224956127,2,0,3,2,9,0.6468197908100116,1.0
211.6623508832546,117057.65542884587,9147.597713980816,3,0,2,2,19,0.6410758579264051,1.0
2404.2011495189413,77440.2471205892,67688.71364343463,4,0,0,0,18,0.5787240997408961,1.0
2068.353119763525,57397.82694234738,66800.13219882602,8,0,1,1,20,1.871202230604514,1.0
848.0331192768566,102467.75406327093,27793.530017160898,1,0,0,0,19,2.6165264884316395,1.0
3299.227537328252,52272.47425371445,26001.069408595355,9,0,3,0,23,1.3651341929618566,0.0
4857.196991473014,148827.46838966256,26492.31354882047,5,1,3,1,4,1.3718482202894728,1.0
2832.834614769399,107560.80748906704,65477.31585051964,4,0,3,1,4,0.7601345101248573,1.0
3588.028718397532,120294.58753599285,67037.31854598502,8,0,0,0,17,0.5029622144287409,1.0
388.82974020178307,54883.90957358669,28388.629329730404,9,0,0,0,13,2.879387922990293,1.0
2117.451629294124,53761.18238589406,48629.45675322356,3,0,4,1,3,1.64424848298026,1.0
625.9745015642545,129180.6239942211,13697.858666914995,4,1,1,0,21,2.3434730946572033,0.0
3083.3393859057264,197451.65713100586,39095.9628476387,1,0,2,1,21,2.670524380983023,1.0
4695.486683160065,46362.599150413356,79907.04951587645,3,0,3,1,4,0.7799129878592213,1.0
3325.7997757346106,78574.3428561828,15230.614373381008,10,0,2,1,7,1.1565584050263644,0.0
430.17508915638655,177808.04981144087,75962.32327692454,5,0,2,0,10,1.7549505422635452,0.0
1805.59771467616,42286.24208339028,66467.61359130559,8,0,1,1,13,1.2434627971281507,1.0
2775.7837282322153,178900.57263238172,77860.52812286279,1,0,4,0,4,0.6331770498025817,1.0
2045.8783928595985,119128.6171737077,16827.564567011043,1,1,1,1,7,2.7321537336623134,1.0
4176.537851852103,99405.3515674924,19440.923764139046,3,0,1,0,22,1.124604057847991,1.0
4082.6214733144466,82645.6959397475,4298.772993584118,9,0,2,0,22,0.6819512545868076,1.0
3078.563549510946,80509.91688173312,58802.03959450163,9,0,1,0,21,1.5558360184492477,1.0
1898.616828406891,81986.4390164114,52595.2913945863,1,0,2,1,11,2.5110007659493605,1.0
1313.9150501280585,180416.52376323327,16711.038751004373,4,1,2,1,16,0.921120451137408,0.0
574.0778751549901,153045.18912971354,63918.16234673954,8,1,1,0,24,1.5922332356032796,1.0
1806.7435332584425,143852.91133129562,26038.053972142858,2,0,0,1,12,0.9638119853859914,0.0
2095.2039601782117,165787.35532184012,13394.658838458909,4,0,1,0,6,2.5452941899153725,1.0
3395.323479265164,73709.49271070465,35537.32520648981,7,0,1,1,5,1.8071014810140191,0.0
3307.891130272989,135067.27805389848,10004.678328867918,7,0,1,0,13,1.9459338704676759,0.0
397.0352912242219,108211.26062285167,23269.761533039993,5,0,3,1,1,2.368871418504609,0.0
2006.5336113842309,163015.07798403286,31592.668598905653,7,0,0,2,15,2.8492585816603477,1.0
949.8053927259415,82573.53878045853,68593.54143758953,6,0,1,2,19,0.7644973256954162,1.0
826.2228913181882,139340.36486788228,64026.25307957805,2,0,1,2,8,2.6138839235250697,1.0
4145.145641199368,179976.1100089433,37092.08000279761,9,0,2,0,11,1.6855716750303764,1.0
257.4803227454748,98365.58095313788,58792.27944693384,5,0,3,0,1,2.101250155807681,0.0
2124.9552357155007,41325.754852468446,46786.02198578339,2,0,4,0,1,2.6319392829666066,1.0
882.608096044265,117728.63979810478,29244.822841011242,6,1,2,0,12,1.316629916179127,0.0
4402.684567608447,88815.32292719441,58892.324449136926,10,0,1,0,16,2.6738271003327516,1.0
2807.350540711424,144278.31469301973,55629.43489391111,5,0,1,1,8,2.0785440107943893,0.0
1195.3341500653978,191675.59720726305,50670.272048907354,2,0,1,1,14,1.1975263908251692,0.0
2537.0150714735632,112553.41405946399,50582.57512033029,10,0,3,2,7,2.7994822825815135,1.0
3670.8574805304233,109252.33912644075,55589.61340917721,10,0,2,0,18,0.6445864211738004,1.0
4792.684144151197,141279.41603254824,32610.004473475445,7,0,1,1,22,1.9763612319569694,1.0
1141.2077210148238,47594.57561090651,69918.83776021308,10,0,3,0,13,0.5421685424607134,1.0
4436.599772040258,73096.05211725249,15497.704103227483,2,0,4,1,13,0.7041912089516407,1.0
4674.805365129077,186226.48533506776,71059.18066941487,7,1,4,2,9,0.7504258722994424,1.0
4586.281695433728,143890.24427184026,29355.701913463567,6,1,1,0,24,2.735662882448382,1.0
3195.301066466454,32285.487477180763,12627.434401863935,4,0,1,0,22,1.896756947335727,0.0
3167.612239451803,64786.33033503337,49202.110006293005,4,0,1,0,18,1.1500281437129574,1.0
2045.8926342599227,146082.33522491285,31950.973518421204,6,0,2,1,3,1.4765886921276872,0.0
3774.3695174037503,159947.8644356376,65793.478986971,9,0,2,0,3,2.59512018313633,1.0
2679.905390837113,172776.1273545871,36170.481076715085,10,0,4,1,14,1.925287009048481,0.0
3403.3184525800575,79670.05657494764,54479.31446828246,6,0,1,1,9,0.5790714021436958,1.0
2170.8666240515377,188274.86136718566,26735.865191871566,6,1,2,1,16,2.6780688256113154,1.0
3670.9074970135384,124000.97190824171,19127.832876951186,1,0,3,1,5,1.8461600787747832,1.0
4131.134012142518,148411.6338059418,32879.77538305943,5,0,1,1,13,0.9904851727802897,1.0
774.8594701839398,131445.60667258437,49724.203264387375,1,0,1,1,21,2.288017105559951,0.0
4173.002092092429,50865.809294685474,53584.89891927409,9,0,2,0,8,1.834729199592408,1.0
2724.467832362021,193729.49209542957,47521.913227947414,10,0,3,1,19,0.9733491611918059,0.0
4231.096249996611,50888.84858200595,79080.29033405638,4,0,5,1,9,2.1252203152217115,1.0
2184.9434463880225,73329.9325899012,56213.94436012773,2,0,3,2,21,2.103511247001899,1.0
1926.2504026460233,168316.73963790663,74727.01132496267,9,1,3,1,9,2.8868051510893515,1.0
4579.550625960251,135161.48345518723,12080.856006928438,6,1,2,1,10,1.1606607800525697,1.0
1293.2878743645865,172485.35811398068,7725.715595637872,10,0,1,1,9,1.8709206662723634,0.0
4228.851010166409,117675.15202358764,26946.59205492043,3,0,3,0,12,1.3025666067628225,1.0
2445.9018339215504,94088.85001232792,13517.348254984643,2,0,4,0,12,1.245451168535274,0.0
2594.7724406287357,186713.73492312344,43491.87667357661,6,1,1,0,11,1.764103388980349,0.0
1576.9179933729458,36162.89397751512,42961.55652129246,10,0,1,0,20,2.2871490029210757,1.0
2886.5588930641275,175542.1374600178,47278.63181618416,6,0,2,0,18,2.012034233485274,0.0
1659.795421567246,69239.02348192288,60382.5468239926,9,0,5,1,7,0.7933384565415873,1.0
244.38360049617896,174285.17571817452,77792.38691634864,5,1,0,2,1,2.8059421722813283,1.0
1396.3930964545625,53663.42428087055,70625.91924081428,9,0,3,1,7,2.2718601233793025,1.0
81.57626486262386,128637.22382739188,12114.277447319782,5,0,3,0,1,1.94831649897457,0.0
4892.85619593144,180978.34623195024,29065.554035340607,2,0,3,0,14,0.8605869020211222,1.0
4830.44868860775,110501.73997281138,22698.372928699224,1,1,2,0,13,0.8372215832264602,1.0
2006.01872248791,156916.33454657678,16614.936549044047,9,0,4,0,21,1.2336506858701126,0.0
3655.435728981248,166794.17503544493,44943.81550249541,10,0,1,0,13,2.8077376612120726,1.0
1761.7401871316035,155204.01548185246,45601.35895652025,7,0,1,1,17,0.8674340695627174,0.0
3371.9111275755813,187306.05526868172,20497.851747380722,3,0,1,0,8,2.136666895452692,0.0
4036.8787130775963,105961.81918838788,57816.08827361478,6,1,0,0,17,2.1121902104213675,1.0
4736.443411226592,59431.32465807648,59434.4010360519,10,1,1,1,13,0.729866081652417,1.0
2031.0507654558764,38127.88082942156,4615.459602212865,4,0,1,0,22,2.2683400500896607,0.0
3927.325015632436,71898.17783837586,33473.343186618375,9,0,3,1,17,1.6905410974318187,1.0
1366.345830628988,54343.57565964116,71540.82937252482,2,0,2,0,15,1.7518898705146309,1.0
4952.14490377856,124851.28604386168,43064.53283477554,4,1,3,0,2,0.5137271026875805,1.0
177.55951388353816,61440.707325994445,29767.34071080256,1,0,1,0,13,2.741995168571372,1.0
3037.4675921805488,36618.7302391931,22533.06367282502,7,0,1,0,20,2.0259250444780124,0.0
3314.5546091740694,36118.270907673534,21738.298033707735,4,0,1,0,8,2.0113199759538714,0.0
3455.8255075169377,171366.81472202647,10682.13860651209,5,0,1,0,3,1.4727920581886884,0.0
645.9185150059906,130546.48834531422,65926.4342701681,1,0,1,0,24,2.254412049144773,0.0
4695.722428191995,90874.5013218743,9672.620215351184,2,0,1,1,7,2.5825688494207366,1.0
946.8572312979098,182018.76726584198,25506.696971359816,4,0,2,0,22,1.737515154204585,0.0
3132.6293460372135,41933.42393931131,6517.031869609197,2,1,1,0,17,1.8627079394096795,0.0
1152.2465916592705,196654.7523637304,63166.765868724935,1,0,1,1,6,1.0208850181543812,0.0
1570.7212642552909,134769.60434325837,6024.843531462866,10,0,0,1,6,1.3830077454362266,0.0
2754.9697815542154,61188.923174704236,26739.184997852048,1,0,4,0,24,1.6704020794736716,0.0
2115.1074218946537,145441.74682608465,47143.89749667313,6,0,1,0,11,2.1531869166790307,0.0
843.1167248337061,159774.81416320565,34536.22474259517,2,0,1,0,6,2.8293580842518393,1.0
896.135191983199,102988.27317303166,24734.872178180736,3,0,1,0,2,0.8426988574466772,0.0
2119.816701405858,176477.54306174305,24189.558576920706,5,0,3,1,3,1.8225836688227979,0.0
3798.5507424637285,55624.50924039995,64429.8535624812,3,1,2,1,2,2.02740659749405,1.0
4494.925001896553,77402.38920819342,77996.31332171787,6,0,1,1,3,2.563744339944526,1.0
466.43192818394505,45893.70146927826,29799.162424557093,7,0,2,0,1,2.608942965551933,1.0
1995.8643424190352,65849.23290324987,6014.204547894273,10,0,2,1,7,2.1517197554953187,0.0
546.2155404282394,70583.89802489465,5815.564899001349,6,0,0,2,21,0.9865694705091992,0.0
132.13277913135954,185997.64245669072,61459.43297122529,2,1,1,0,16,2.4495295271555366,0.0
3325.507479087585,43278.647087696554,45532.476263902776,9,0,5,0,16,1.946374705245612,1.0
3032.1247377346094,102660.5704319106,63336.63462113444,2,0,2,1,23,2.903334751722723,1.0
856.9446133836867,120507.77682857521,56707.26979222026,6,0,2,1,17,2.8830408537432257,1.0
1207.3735238106674,182777.81914636734,72877.98889343553,9,0,1,1,1,1.8791583537475307,0.0
167.353380540366,199608.3571724063,71208.47041059002,9,0,3,2,18,2.8584019570868677,1.0
4182.988668187299,158075.9795363721,63701.20946283066,2,0,1,0,7,0.5643360534925099,1.0
4874.718450440329,195034.46839673503,39589.565323245064,9,0,1,0,23,2.7887615234728176,1.0
720.5247071337195,163807.19253109855,26725.73338549664,8,1,2,0,9,2.911393921031821,1.0
1195.8023081382257,193744.44896514082,42041.06263323727,7,0,2,0,3,2.947689370286397,1.0
4348.627143537324,150236.02341055736,41659.51376362642,8,0,5,0,16,2.444993965674768,1.0
4635.995799883115,43559.78232668208,49991.217264479,10,0,1,0,3,0.9516517545323029,1.0
2127.155544893711,98326.43178875501,17329.512719283615,8,0,2,1,24,2.9366443382499763,1.0
300.58123773191693,139921.53824641998,53482.730794264135,1,0,1,0,6,1.5698880644646298,0.0
244.98957677945603,89622.14660722268,38158.271163847814,9,1,3,1,19,1.678080762063458,1.0
2891.0518370416016,76475.26607934237,50755.77205944616,6,0,1,0,24,0.5378150317014853,1.0
1994.8307890212361,128157.87541262546,21449.571364805015,1,0,2,0,14,1.3583198211483536,0.0
191.82951650938986,188695.31903941394,36448.40682855633,1,0,1,0,3,1.1428625486683899,0.0
2937.099341947156,35946.918497746105,19185.493512844063,7,0,2,0,6,1.6245362660549616,0.0
105.94755611566123,160769.3046020444,70398.49707027373,10,1,2,1,17,1.1729621770234608,1.0
3947.491192838901,152863.6372675866,40573.00046819839,2,0,1,1,4,1.6182039620564919,0.0
1566.8424723816893,193872.0823160088,20323.568999183535,6,0,2,1,22,0.8689149072685063,0.0
249.2771148956989,188220.9077965324,6173.069572099064,5,0,1,0,21,2.8800675714693447,1.0
2962.3434938666087,159579.5355475128,55031.87717832272,5,0,3,2,4,2.160324810288323,1.0
2018.5378514436206,118469.48999604177,19527.642977211188,10,0,2,0,10,2.9711333367436352,1.0
4870.31204611789,64725.484049698374,79197.82880854594,6,0,4,1,15,0.5120442065313692,1.0
2743.783379393326,122690.07211534765,44094.92875296822,8,0,1,0,17,2.5895301516142153,1.0
1412.433946133191,160109.83896634117,25251.22871109847,5,0,1,0,20,0.7106773394749256,1.0
3561.722379938175,182263.76614844182,53641.16240203253,8,0,1,1,17,2.434609265773629,0.0
1393.8854125864211,164251.04156579333,24191.934104732587,5,0,1,1,11,2.8061783513331875,1.0
4526.004292467447,63195.378982479175,66161.12063105048,10,1,1,1,4,0.8516981295038688,1.0
1904.8737540115133,131946.67341877008,26734.175921605525,6,0,1,0,13,2.890364829676257,1.0
2771.849385742216,86469.4881203307,79095.07539448501,8,0,4,0,19,1.5906553441264346,1.0
300.33686392993286,31564.963456409307,49596.14847928761,2,0,2,2,14,1.3605193753458047,1.0
2159.3001278635425,64037.55908407323,68019.65846858508,7,0,2,0,23,2.4894147777190057,1.0
4170.199521321925,49247.51048868638,8606.791157538511,3,1,3,0,11,2.632696821392,1.0
4037.9615865485425,173262.25100170966,29819.05513873649,9,0,1,0,22,2.5912989022201858,1.0
1160.376866324955,73946.06286512804,59786.505634793524,10,0,4,0,6,2.0600555860494465,1.0
1169.0914015022852,78398.65471088444,53439.54433522487,7,0,2,0,16,1.2404996680831635,0.0
4095.661295455522,193189.21720581033,17956.720350399348,3,0,1,1,11,1.1913634728208582,1.0
4655.4721798381615,94444.74291830487,30427.62564924766,8,0,3,1,19,1.0716386233465351,1.0
522.0365603013676,31629.558824547075,23285.14237654065,10,0,2,0,6,0.8661832233214396,1.0
2277.790265159815,78253.84521884321,50229.50307166191,2,0,2,2,12,1.481436450587899,0.0
1720.3986808729335,50280.92870230811,29531.753668325673,10,0,4,1,19,2.6401206007499853,1.0
4359.907854514325,47477.45549509517,26797.176634026935,8,0,4,1,23,2.9904308185803807,1.0
463.4483276660929,43172.839323077416,18968.104493598312,7,0,4,1,18,2.233986701240771,0.0
1095.0734156622852,130854.10992981413,34495.08831042792,5,0,2,1,14,0.8903790869804955,0.0
3774.718271053147,62189.11301707597,18053.699445134625,4,1,3,0,9,2.1839076291451027,0.0
303.90455245701713,91411.27498697178,77117.85822807769,10,0,1,1,10,1.188396039753396,1.0
2488.050134535732,176543.01174210286,14896.639485138361,10,0,3,2,15,2.294085991060625,0.0
2238.429821664614,102137.48376536687,73324.46305182578,1,1,1,0,18,1.0907146513864745,1.0
1705.285835994306,185667.5295087784,35992.42855805681,4,0,2,1,17,0.9101624929560571,0.0
2003.1329608286728,114649.46907725306,32095.6813502526,6,0,4,1,20,2.086185191752995,0.0
2673.2059053046532,97802.22452275848,20811.624669673358,6,0,3,0,13,2.2128780907747023,0.0
848.7684240224964,157566.11760541928,51953.23774629897,2,0,5,2,24,0.9619301076946394,0.0
2881.379597503784,42439.76679056036,55785.6571558344,9,0,1,0,16,1.7800200519567906,1.0
4036.8900300349324,45211.325107010955,39002.964093436145,1,0,1,0,7,2.7016230169002533,1.0
3812.7966024612874,140835.5313669033,7289.430968393658,4,0,4,2,6,2.212041749172349,0.0
811.8045282341798,112779.92125067221,73725.28160301835,4,0,2,0,13,2.1897006243413317,0.0
788.7848752202958,164370.59255426575,78485.34323148134,2,0,4,1,12,2.3088846985538165,0.0
1377.463120337321,185766.04234840034,36190.34297131129,8,0,3,1,23,1.3750547956259522,0.0
1837.3198953881342,96022.36920416309,50251.88217051819,2,0,4,0,15,1.0148644775125333,0.0
2071.8551279719886,131389.70451938987,37672.994220768494,2,0,2,0,4,2.3337543536119956,0.0
3414.501223325059,115118.42672520268,27784.733118231285,2,0,3,2,24,2.52985220670299,1.0
330.56813922088526,196873.81145921358,8953.547050051187,1,0,1,0,12,2.739515685389091,1.0
221.62988591902862,171284.3492506212,38117.21524059201,5,0,5,1,20,2.488097450739131,0.0
1989.9572865723496,184995.4104071501,66015.61083967777,4,0,1,0,10,1.365222813689994,0.0
3500.9602760830035,73237.81488819272,4311.422503776275,2,0,0,2,8,1.6674318931538332,0.0
1007.5049476345887,161329.49193764103,47822.29160487712,1,1,2,2,14,2.4497743470343,0.0
3225.447182218446,75130.44824960032,70819.45237195505,1,0,3,0,14,1.8439872114776754,1.0
1336.1492828044823,65486.23068282628,19751.306111105565,2,0,3,1,21,1.8928910531915404,0.0
4436.126238626906,190525.24714144363,17110.701581057787,1,0,1,1,7,2.856363226638422,1.0
4483.665224119752,33281.75084203733,62465.30017904962,9,0,3,1,10,2.8940204114195227,1.0
1521.5716611925661,194116.07962278303,22641.655196185584,2,0,3,0,10,2.403039732595512,1.0
1188.4690821180404,55374.522488097056,17782.78860216993,3,0,2,0,22,2.5239167777846476,1.0
2085.9546617278447,169304.47390485558,32105.1722938311,9,0,1,0,18,1.1611957178836283,0.0
1240.6313466417362,76906.83402157752,33222.65494480678,5,0,2,1,22,1.9845414378382824,0.0
3378.300024293933,89619.39566322365,70305.78185227558,8,0,4,2,17,1.6948141304658457,1.0
4139.020188514013,66848.81092473745,50620.14733889312,7,0,4,1,18,0.602620218942216,1.0
3381.806048010524,129537.38722178353,34259.03213814838,6,1,0,0,14,2.708837991992883,1.0
4130.53471388428,89176.2430763386,44147.87325000405,2,1,1,0,5,1.2392809435710657,1.0
2015.1112029269968,141756.81671409274,76455.32296604611,4,0,0,2,7,2.8294195015395585,1.0
823.7690050088612,32660.044050151217,11717.530098961943,9,0,2,0,17,2.0912477160211984,0.0
3702.857189618081,40943.73019755674,18994.09517280124,7,0,2,1,2,2.5326220085663116,1.0
1834.3488004506917,46942.395964312265,77114.71040716476,3,0,2,1,4,1.6469229922365458,1.0
3372.790584884206,101228.92650273928,76714.01333659471,6,0,2,2,9,0.9685372447971512,1.0
1389.6875128097402,168515.34935219592,16641.73743738749,8,0,1,0,8,2.6867991354439416,1.0
452.0866922930297,180990.24476432506,14173.378918647963,8,0,1,0,4,2.456569533560393,0.0
4963.279887664428,71617.82581035313,35423.55534407373,8,0,1,2,11,2.386359686484211,1.0
823.1974642564664,127642.85312063238,6828.308521573621,8,0,0,1,7,1.0319746867099708,0.0
4942.6839201192315,160622.0487577421,53427.57198595579,10,1,3,0,11,1.8041184133176889,1.0
4887.535666203914,79101.00308633348,8967.193667954149,6,0,1,0,3,1.306570660070619,1.0
3979.399614344796,99531.31524516645,7468.281286259616,10,0,2,0,12,2.0319416412779625,0.0
3314.143662305888,119075.61445657136,40359.39408808139,3,0,1,2,8,1.8310686164820764,0.0
2910.1448987428694,52928.723889368106,76749.57098047782,9,0,2,0,7,0.9434556716674207,1.0
4337.202649620282,34416.989933382654,35863.287076863286,3,0,2,2,24,2.0593250537062304,1.0
1482.7256320164654,55976.98758410815,30449.049216862433,4,0,1,0,22,0.595440245645185,1.0
2365.0220018001414,136565.11561310067,79842.66709367602,10,0,2,0,13,0.6768441778273244,1.0
3115.9803483641845,42515.10446072588,43961.60997999713,1,1,1,2,4,0.9569506556933711,1.0
2085.392855553981,62248.38202452181,31893.588330549137,2,0,2,2,19,1.9470104986458245,0.0
2166.0579477468264,87435.16056820162,32711.282627303342,6,0,3,0,3,2.3987185806563307,0.0
1684.9091041353179,43237.910932082275,18011.881194580306,1,0,2,0,11,2.456177236044372,0.0
2842.9474925884533,62588.876097477856,42441.175423460496,9,1,3,1,6,1.1915956406007497,1.0
4260.343913674824,184915.8641271969,36791.83716893645,8,0,1,0,16,1.4605150805943277,1.0
1047.5654711312486,33280.85247858741,23851.237818750833,2,0,0,2,24,1.0843761474792535,1.0
4675.443541829535,141083.42710964155,15361.586668335503,2,0,0,0,8,0.5908036611472435,1.0
3460.983886053737,95349.51825558144,26965.392887401635,8,0,1,0,11,1.7376425908486435,0.0
4125.20240276615,144350.2857035031,42168.61623195515,8,0,2,0,24,1.8626605551924684,1.0
2803.1439285185575,130077.59246177877,7491.6619659297285,1,0,2,0,9,2.8377094329459225,1.0
3908.607672049114,67994.78824028952,14838.29020096461,5,0,3,0,1,2.279693793938454,0.0
130.19196683036267,174025.61288747605,75969.60955662034,2,0,3,0,7,2.8357577398798766,1.0
4100.9831026587,113629.86504359063,44799.8620294131,1,0,2,1,10,1.1987584647569034,1.0
248.68735247256427,169831.1232152902,7885.596381822916,3,0,2,1,9,2.3115233353912172,0.0
4455.071212996169,99022.13115199727,56367.75742525712,3,0,1,0,13,1.9957283882407568,1.0
4960.215598831284,197396.54416559063,7758.820996085675,10,1,2,1,18,1.2419936089130206,1.0
1505.6339377750503,160983.19094522035,59893.31548257072,9,0,1,1,16,1.0278742323451189,0.0
1091.0768536146786,194211.53486913748,60747.12957244207,10,0,2,0,4,1.2275994193536983,0.0
3838.5486510973014,117435.50141467601,53133.08113269245,1,0,3,2,6,2.9492126082755212,1.0
1302.4803875552534,110527.49248941908,59379.74993568993,2,0,2,0,20,0.5580289389648678,1.0
4334.533796702407,158427.14758529383,9773.365138005447,9,0,0,0,9,2.7620839783769147,1.0
559.0708311795097,179649.51471228313,58962.10253135561,5,1,4,0,12,2.42921429803256,0.0
673.4782220778234,193904.78529714487,13525.000618738988,9,0,1,2,12,1.8589768257274226,0.0
4896.800197748047,85173.82402552495,29141.954859931975,6,0,4,0,1,2.6456095694120463,1.0
3385.502546436523,165779.77755324863,75591.38451954874,10,0,3,0,9,0.6299166571958443,1.0
4242.0917609233165,65809.75159804124,41721.411779753784,10,0,2,1,10,1.8605681457210776,1.0
1655.4304178900143,122747.6389467257,77491.83527039207,3,1,0,2,17,1.2135582575723927,0.0
3398.594560126992,60574.18522956385,9847.029334278792,8,1,4,2,1,0.524511539771688,1.0
2991.497045177556,89057.55149755761,39771.858166364866,9,0,2,1,21,2.047617752624359,0.0
3035.5930946085878,188330.92242509808,7804.97866131904,2,0,1,1,1,2.1444015802785934,0.0
3428.5356747117216,54835.418961424635,51526.190204744926,9,1,2,0,10,1.9769400585193528,1.0
2898.027906989038,137508.1521729834,9060.43910537576,4,0,2,1,9,1.4762354652498406,0.0
2173.8587280481966,130802.22639765857,16503.320795609055,8,1,1,0,22,2.5106793618694647,1.0
1415.817337183707,50525.5199605277,22929.9338753346,5,0,0,1,9,1.3578968431147636,0.0
3854.47758802035,85416.43744069806,60653.276578165205,6,0,1,0,5,2.009895641148768,1.0
1170.0485285157717,125706.85576759517,15625.083148991756,4,0,0,2,22,2.9901447992689887,1.0
3477.1538154643504,61820.363528043345,68190.66810356622,5,0,0,0,2,2.614621087590716,1.0
1204.9974721141668,166106.02159017863,13156.603289971667,1,0,1,1,14,2.110687665741813,0.0
3145.384341274547,195266.60662090746,5713.822578402038,3,0,1,1,12,2.1854238937730774,0.0
3748.037422288693,66509.09799362025,33418.49726066442,4,0,1,0,16,2.602502979234389,1.0
1132.633750087369,61775.03401439791,78417.00643178972,1,1,4,0,16,0.9395236761199556,1.0
346.719339263476,107338.9622055656,11496.351539735846,3,0,2,0,9,0.7755212743988772,1.0
698.3200278211617,157120.09711380547,10832.320191051436,4,0,2,2,19,1.0522370041644749,0.0
3049.6849879915762,77872.10373999274,60839.82133126304,9,0,2,2,21,2.361349587497556,1.0
4254.75971081739,33379.58447853767,27036.45043750453,3,0,0,0,24,2.42433136331841,1.0
272.7342651153506,122007.50676559197,58230.6845263802,3,0,4,0,21,0.5704944791680939,1.0
3684.048732256149,192622.09652044228,18400.81538713898,4,0,2,0,20,0.6499442922550533,1.0
1739.527297452758,96517.06541918074,38425.54355325855,9,0,2,0,20,2.9539127323180927,1.0
2418.7154311016366,101422.87421112707,23427.320586666676,9,0,4,0,21,1.730257222624429,0.0
4647.85477173555,194713.29190938646,37767.67254568969,1,0,3,2,19,1.839758582462208,1.0
1693.258948442435,148083.29397654382,62220.47612906839,8,0,1,2,10,2.0304555505564736,0.0
2353.417823000456,152259.2268831613,61674.76541677995,10,0,4,0,11,2.911108305711762,1.0
117.72795306537147,125659.3409130815,42714.46615087672,1,0,4,1,20,0.8987500038074618,0.0
453.91366402394993,195683.56584675107,74484.63196652093,2,0,5,0,5,2.0827047492632538,1.0
1330.0283761171809,147107.30235234453,23311.375888517097,10,0,0,1,20,0.6895171872314511,1.0
187.8685920643183,182155.5677728788,21503.974036180945,5,0,5,2,16,1.7836120316661352,0.0
3175.3078639388423,148894.4071746476,50263.0928905084,6,1,2,1,19,1.6006652989595467,0.0
2160.6718661680316,154969.6902228673,50839.871634692754,2,0,2,0,12,1.1704703500904903,0.0
2763.318753503709,79369.85676418191,6583.583046502998,10,0,1,2,17,1.6013817915282085,0.0
914.5035701868312,81591.37866234922,49798.883853791114,5,0,1,1,2,2.245644802758247,0.0
1514.8635457112498,163107.39042792495,31831.584115874106,3,0,0,0,9,2.602455460811729,1.0
3335.9311505209894,80440.06915888294,60553.07444968305,7,1,2,0,18,2.4622618654511226,1.0
4828.248481970479,125670.91203626037,65224.13616998601,1,0,1,1,2,1.962158271882815,1.0
299.56302933093554,72389.89285413933,45515.84410512182,5,0,0,0,21,2.7424470159997005,1.0
4457.402388233567,168887.1747375418,3131.2874256744117,3,0,5,0,10,2.234626282241697,1.0
2905.5619464904817,48785.2297087073,52000.16738283144,2,0,3,2,9,2.5956634329966244,1.0
2841.4018554403374,171005.92875948295,60663.858534276944,3,0,2,0,3,1.495582550344317,0.0
2526.3787492784136,132464.06608629233,22171.711499826597,10,1,3,1,9,2.2459331977016235,1.0
393.50072522570775,61774.620920603134,38777.742087840736,4,0,2,0,4,0.6862639920473813,1.0
494.8904160939953,122146.0155360401,77360.9500027077,2,0,1,1,13,2.892844877545514,1.0
3024.514428012476,78024.80226404787,25954.897611345965,2,0,2,1,19,2.0732726827188577,0.0
1737.7449286060137,84989.44690418441,20182.80033021404,3,1,2,2,21,2.6417690066720216,1.0
4590.47692955952,89759.76707146966,19235.81886680678,2,0,1,0,12,1.7134951655067303,1.0
2062.623159929388,40764.27198529456,46027.664245257714,6,1,1,0,12,0.5771088948200438,1.0
759.2432205780734,197613.48634824096,76133.6068007165,2,0,1,1,23,1.7301021335576676,0.0
3587.8582258350784,35360.886782308095,49869.13994842731,1,1,2,2,15,2.3144704805758454,1.0
1502.0994361329988,142624.46844132734,26355.880258299818,8,1,1,0,23,0.6633178651370515,1.0
2651.078021411671,93108.7001187632,52169.87291119396,10,0,3,0,12,0.7507538665836608,1.0
3504.272288250592,139821.74946093882,51112.85691502963,4,0,1,0,2,0.6357570026041199,1.0
4506.307350450248,90562.20302488924,48963.23545118338,2,0,2,0,12,0.7997014404008891,1.0
3971.3464142682965,144537.609864006,15275.817930399255,4,0,4,1,7,2.0358533383861346,0.0
3397.9872859699844,153970.03660962134,51861.64354956455,2,0,4,1,7,2.685981706434977,1.0
3414.184252855961,147393.94886793962,36122.662843616476,5,0,3,0,18,1.6773091552729575,0.0
4732.326987958829,49373.53683088589,4431.588513973569,7,0,1,1,24,2.5219605160648713,1.0
1514.3292826078534,141671.84989129638,44561.86551035713,6,0,3,1,12,1.4964527901160634,0.0
55.50486627112767,77597.88340719655,79173.53938181816,2,0,2,0,18,2.6381762694290267,1.0
1396.1750690210836,34896.2329967867,29929.948494986733,4,1,3,1,6,0.8939005144626104,1.0
1128.5623291523827,100521.21422112217,77348.05981053668,8,0,4,1,8,1.9348417468812455,1.0
3326.081196314291,103702.32747664618,10407.84210801978,7,0,1,0,17,1.8004137454577613,0.0
3186.872418839369,109419.60266991591,59398.65892178258,7,0,2,2,15,0.7570960059332559,1.0
2987.633844388383,149820.10811642176,11803.409589038321,4,0,1,0,12,1.095603993639773,0.0
130.40504388679582,82503.44755421806,24065.01116375611,1,0,1,2,7,1.711549066262906,0.0
3657.451369530705,83597.68722766684,46954.744319803576,7,0,2,1,21,2.4296149452707283,0.0
1651.475541803183,40293.8835610143,48644.036436209666,6,0,2,1,13,2.761923606817618,1.0
3342.027145582824,146759.6067186903,62691.271427031184,8,0,2,0,12,2.3391303871087343,0.0
2805.063221085659,126530.43553792927,50378.978356512824,5,0,3,2,16,1.232535824557602,0.0
1746.5180808681405,89402.26915794397,48708.33223730318,8,0,2,0,19,0.7569546377242624,1.0
716.1525221653334,149882.1264159503,73251.18769816365,10,0,5,1,10,1.813046224533081,0.0
517.3735434193807,121350.81736856911,37816.3779201051,8,0,3,2,23,1.360919070444358,0.0
4166.015748905506,109771.64079799174,20345.46495951924,9,0,5,0,16,1.9082993643295363,1.0
4596.067833303712,116925.1724223915,15457.72104681953,1,0,3,2,12,1.4948599524252824,1.0
3266.450831483283,138179.1812953996,33799.58395433148,3,0,2,1,3,1.447986762102559,0.0
561.9988685593927,142200.44277768192,57881.96214991457,6,0,2,1,4,2.7799538483299653,1.0
2040.0347235967915,79122.82925392193,6275.848339602369,4,0,3,2,24,2.168838048174723,0.0
3658.249040520528,53926.371776496046,12937.11076122427,8,0,2,1,1,2.174265384375531,0.0
3910.113375849837,56627.81080238819,11170.736427980235,10,0,2,0,4,0.8343015461013312,0.0
635.1821803408885,138696.45060351028,48064.26178496233,1,0,3,1,4,1.4741607019037848,1.0
50.15205828464296,178388.45858041142,21700.578090907504,5,0,4,1,3,2.4069189995136244,0.0
3575.0783771089946,99614.36731874381,15801.975979207531,4,1,1,0,18,1.9173706755856286,0.0
1815.1510711317178,58818.4272560086,48643.34542021272,1,0,2,0,24,1.6509083976347187,1.0
1309.6825915103882,158622.4247099553,61620.8634898332,10,1,2,0,22,2.9318992631907386,1.0
113.84247545815093,171523.21065130626,28575.928566855157,6,0,1,0,18,0.8409220894828435,0.0
2724.4820634694233,179699.01533056432,47521.7546370979,10,0,5,1,8,0.901903911801633,0.0
4263.196140358609,133161.34291533465,10555.579816358435,3,1,3,0,8,1.908117549560244,1.0
4790.27664904931,176323.8550959744,75009.70934523288,5,0,1,0,7,1.512943877669825,1.0
2850.437505535782,32620.542936229307,28941.006269237507,6,1,1,0,8,1.7017092240431748,1.0
2596.583572312476,48230.086300819,79807.9383743596,4,1,3,2,16,1.8696860173433132,1.0
471.0291081717435,45737.93139885679,78351.25720043322,10,1,0,0,3,0.8186754384008252,1.0
2766.920367635869,151142.7963233046,62969.405598857484,10,1,2,1,15,1.175303185282551,1.0
1930.8964408787033,41828.90320240843,4545.1663463364375,6,0,1,0,18,1.842889406359824,0.0
3055.3196403737056,114381.94331927219,44847.568869595976,7,1,4,0,11,0.9838854132406528,0.0
1974.1954219889062,110360.17276816916,9686.404373880885,2,0,3,0,23,2.5989740827727257,1.0
1239.4806610793155,82819.59900490096,71925.62799903675,7,0,1,0,2,2.4587196623949183,1.0
520.0781123804636,177968.87889015698,63801.99145385002,7,0,4,0,19,1.9204255231506635,0.0
1608.8463007150337,58973.64431959932,77870.2089978676,2,0,4,1,16,1.7373173321916695,1.0
528.3919297243738,89918.67334787078,49845.48739253425,3,0,2,0,6,2.8238958074902354,1.0
925.6399065787205,161609.15500389796,43207.30594529403,3,0,1,1,9,2.3808429702748626,0.0
4937.313984968752,35171.79344685832,42960.986907717845,1,0,3,0,15,0.5953221890390752,1.0
2248.312606687762,144401.56804188265,32756.524832984556,1,0,1,1,9,1.0584571153923525,0.0
2682.765244199832,168787.613481467,39089.13517664385,10,0,2,0,10,0.6824551279857156,1.0
4374.411717249216,188485.5326024884,51926.76890142197,6,0,0,1,2,2.9867117607279248,1.0
4978.066057428905,178970.42888355243,74836.96578183334,9,0,2,0,15,1.555477262569223,1.0
2934.4365242561735,84295.29986172648,48883.09404571439,9,0,1,1,1,0.8354911822272599,0.0
4071.74541416865,129681.90402490193,68997.92755843728,1,0,2,2,6,1.3954252105442193,1.0
1668.3580704665426,43139.89383557919,69434.05317029255,7,0,0,0,23,2.9498725655671,1.0
1563.432589364091,73837.90060316146,42950.11604031596,6,0,2,0,24,0.8575042312192461,0.0
2043.383418923073,46017.804387076256,29755.162395316864,4,0,3,2,13,1.3923589662514522,0.0
3378.910950234563,83581.83932617385,52247.188246570244,3,0,0,0,20,1.1895019309206316,0.0
3426.848861812739,178781.82628798392,37332.55532744289,9,0,3,1,7,2.475542179421218,0.0
1610.4352015147815,89018.36274462975,9270.946783788833,10,0,1,0,17,0.5637657673614339,1.0
709.389124476312,125522.67751024249,32091.30073329739,5,0,2,0,19,2.866786710883022,1.0
3180.3614695042675,103674.74417953994,79543.55462979802,8,0,2,1,21,2.6717418145208507,1.0
685.2130178343843,108015.809130785,6735.413992024115,4,0,2,0,23,1.4109197094090566,0.0
2913.537915735184,194827.2488122149,56643.35221637136,4,0,1,2,21,2.753131278296092,1.0
3482.4395338787294,80346.25960485585,67771.53029048603,6,1,1,0,17,1.5643345517632716,1.0
3518.0269071525354,136645.1598189391,52951.89456760416,6,0,0,0,1,1.229805928069935,0.0
3779.686947765004,101410.653828506,46870.61379957333,3,0,4,0,17,1.5175131185885178,0.0
4370.6541367500395,40394.85077810666,57481.69010736433,2,0,2,1,24,2.5624961256137957,1.0
2524.7970102257027,113186.24137612012,36059.390772073486,9,0,5,2,7,1.9028257607956693,0.0
3664.7334881713773,168268.36593766842,10034.85377278351,2,0,4,1,3,1.0430483226481608,1.0
3114.9050400608917,46788.00467588702,77102.6250813604,9,0,4,0,4,0.6742160974086051,1.0
973.8677019985287,41830.61405737253,36287.1592887831,8,0,2,1,14,2.0163925564447336,1.0
177.16374210357043,56117.35846685534,54234.97126193735,10,0,0,1,24,2.546034546676537,1.0
1458.479859100822,159948.01893618202,43910.903640475735,7,0,4,0,12,2.6387830968991244,1.0
2243.016846371216,153079.21530460546,7209.8265422717,5,0,1,0,7,2.557317569878026,1.0
3104.6744249218486,126053.0207140388,76361.48827642546,3,0,2,1,23,1.7835824549588986,0.0
4257.298685990867,109598.48869574751,64025.3664108029,2,0,4,2,14,1.4442933207951625,1.0
1021.4162976955199,181015.38849944575,14480.537874143409,8,1,2,1,22,2.938506587574212,1.0
671.4714599974616,160338.63005169202,78586.96347419654,2,0,1,0,22,2.806027515428449,1.0
4819.225739997922,168030.1827213069,59741.40565722151,8,0,1,0,13,2.3800713638286437,1.0
584.8205689132152,168254.59122961122,39368.767082979786,5,0,5,0,17,1.5751806801715262,1.0
2418.530797030586,139261.91630674485,50075.49435508714,9,0,5,2,5,2.9336646996166182,1.0
2948.5404575268444,107862.4861337108,11218.72451512401,4,0,3,1,8,1.4347576202296624,0.0
2729.803383491819,176995.21793956056,46151.686271202045,8,0,4,1,11,2.2112069267591723,0.0
475.85917731306887,187421.26099255262,8671.902545313573,7,1,0,0,22,1.2357703748819155,0.0
332.2832243179159,34047.02735391831,44953.85479818625,8,0,1,1,15,2.589195448210274,1.0
572.1429659321266,38764.32845526272,45557.568034734475,5,1,1,0,21,2.650334118775056,1.0
2948.6590351694317,192986.36047443433,70331.78645737728,2,0,0,1,15,1.7728017210280678,0.0
2744.5071937898892,77117.30435351311,58829.42752096664,7,0,1,1,23,1.9054372525398586,1.0
1207.016920581884,178472.8047404012,22215.534200564245,3,1,0,0,13,2.8713991318784307,1.0
3206.982002135678,96095.17022343844,71408.81294846498,10,0,2,0,7,0.8552991656594628,1.0
4109.334135175464,50247.00979359045,47139.68519329645,10,0,0,0,17,1.678464047670451,1.0
255.81585124063915,43675.34403558682,49691.2198502006,10,0,1,0,18,1.8210576242118102,1.0
2515.7432205628097,56606.3428436776,16011.56543010773,10,1,4,1,12,2.5411070072084305,1.0
3462.086539908317,72481.84312745201,69048.56688962177,2,0,1,0,15,2.44454444811664,1.0
1298.9440389949511,113048.12016824045,74684.31385627389,3,0,0,1,5,2.0051718119709356,0.0
1573.465981201088,149254.6430961832,62674.28001110793,4,0,1,1,19,0.8889833568884846,0.0
3087.50761979745,197687.75800250098,75437.93885366547,10,0,3,1,8,1.5155105785052374,0.0
4494.779702546498,105056.14635915907,26277.092617420632,7,0,2,2,4,0.7280165798924507,1.0
4059.1258804993518,118091.44019832868,69306.17596393338,10,1,2,1,23,0.8758799016716832,1.0
2936.4945845429384,118708.66923515346,40644.77200050817,1,0,0,0,5,1.066267522095534,0.0
3664.5975028983835,121703.84043294913,15621.62462665604,6,0,2,0,22,1.3341496652504146,0.0
1855.8712275286034,118015.91170775858,54497.64612557189,6,0,1,1,23,1.600439348990678,0.0
3222.779364088851,31491.70836052603,55677.26084435268,8,0,1,0,8,2.3016744890893523,1.0
2357.598876081407,30293.21975867292,25093.18755926514,2,0,2,2,19,0.5579555550116386,1.0
990.1838754649265,46603.2740814409,5116.986535322894,2,0,4,0,19,2.6799434889914666,1.0
3523.604455692423,47264.6225829604,18388.238949588376,1,0,1,2,2,2.980201220752744,1.0
2804.499954876669,149832.47452231531,33782.87117088928,3,0,3,1,6,2.910289319447681,1.0
1825.1768306702775,64835.72552771996,15902.344151609877,7,1,0,2,18,1.5624377341623295,0.0
4561.128990889222,182101.39780845417,17940.30601444952,8,0,1,2,17,1.498401322783946,1.0
153.62388324232967,187863.07602809332,33137.08115743475,7,0,1,0,17,1.8058131192280018,0.0
1613.0770986850052,195901.86744230278,77057.56930175915,9,1,4,1,17,2.1615141208554003,1.0
331.5629189993505,189643.82183079343,61846.75068638892,8,0,1,0,15,1.193980961491888,0.0
3844.3102152970546,76221.01472614918,27620.62689444544,8,0,2,2,7,2.137342442998316,0.0
3525.431897863273,116662.06359959712,76273.51330672821,2,0,1,1,5,1.2731100848220898,0.0
1690.1934827447694,59827.344933479966,52714.80300392242,1,0,2,0,22,2.1516662245541784,1.0
3394.5313659250114,167055.64137931363,38069.62263729079,6,0,2,2,19,2.1317325379079177,0.0
2009.8892696699518,181033.38987449632,39059.11531954633,7,0,0,0,22,0.5020727288464493,1.0
3793.45626754105,174719.10268057752,34627.32402332517,6,0,3,0,7,2.6781244391301366,1.0
2298.209130546695,103672.38127846194,20940.388046037355,7,0,3,1,2,0.9813720242837494,0.0
2090.7846527667443,158974.5603967528,32770.67880045534,8,0,1,2,15,2.981900076900954,1.0
4676.9130816670895,46588.458827965806,43648.021571341225,2,0,2,2,22,1.8751001891386334,1.0
1291.8515444589661,36841.611005272614,43658.10600622702,1,0,1,1,14,1.4662642705392948,1.0
646.2143329829988,158050.19043248935,61653.741470363886,10,1,3,0,6,0.7292851750418887,1.0
2943.488410634318,102310.39663587623,30627.435001116148,8,0,2,0,21,2.2024586130589943,0.0
4848.142970806685,199243.37500572676,58193.448256404336,8,0,0,0,7,1.3994654269014914,1.0
1920.304107949574,46533.21669544051,47513.071585188714,8,0,3,0,9,2.9074400186370317,1.0
357.08197996246855,175456.70586098972,77062.09614856626,10,0,1,1,23,2.6431810324548617,1.0
1729.5610731823588,111597.1211399286,32666.939304616666,7,0,1,1,2,0.8110318108907972,0.0
2554.361688881814,170615.5332356591,72393.66774808086,2,0,3,1,20,1.6442176571532572,0.0
851.5188828294579,168911.63796892462,66189.47614196829,4,0,1,0,1,1.610272492434575,1.0
3307.6059793796358,185718.64023155314,52100.14991338818,9,1,1,0,18,2.271938565220781,1.0
4988.859475600493,80634.50191863747,53397.613939143026,8,0,1,0,12,1.1823696957475875,1.0
2286.110406108147,191465.89008854053,9518.044964693621,4,0,3,1,7,2.5905557666402004,1.0
1805.9063558145526,55783.383260795454,76167.29463069429,8,0,1,0,24,2.853630590969913,1.0
2033.48562583061,43934.69219089339,11234.076889172282,10,0,1,0,24,1.88084904612845,0.0
619.9735830562456,103374.63795329936,46368.964773250045,6,1,1,0,11,2.818130074589912,1.0
4422.204327059808,170814.90466911325,28415.451634584897,9,1,1,1,12,1.31340139044292,1.0
2103.3869948306924,110481.59220768575,36098.602328318586,1,0,3,0,18,1.2933319050309877,0.0
1967.0083365529645,170978.7351801874,49984.09183443491,6,0,2,0,5,2.308358383187466,0.0
3315.4668510058477,154046.75698503188,72981.55609693876,4,0,3,1,1,1.6109087003312963,0.0
2238.0654336090615,65602.82564361871,38232.66851506721,3,0,2,1,21,1.1903871644261306,0.0
3258.755670598838,191309.87623290883,79055.17575859597,5,0,1,0,1,1.2740987981299594,0.0
354.15913614739816,40332.798666998584,48646.52903206548,10,0,2,0,23,2.5809093162629297,1.0
4077.930551425026,182707.55028244513,15362.653583447436,8,1,3,0,9,2.117493461901115,1.0
4705.494566753043,81755.38632836359,17630.715702006426,10,1,2,0,1,2.4786611621536703,1.0
3261.38866148896,115025.17413794788,58140.54974037233,6,1,4,0,12,1.5319375870356606,0.0
4775.101347851113,101799.81835912487,6880.630156740395,1,0,4,0,17,2.8470494516289504,1.0
799.5899561313183,59211.87467587575,39986.30136911147,6,0,3,0,16,2.7267665195787747,1.0
2413.2101379277506,90884.96728828782,14412.871454870778,7,0,5,2,17,0.5894730319530581,1.0
3028.943333029964,62798.85416977519,36357.834908694065,6,0,2,0,7,1.4123531658670216,0.0
2929.5964047348743,64660.70082828905,60743.641499522404,3,0,0,0,3,0.6848052659544469,1.0
2037.235806490764,61799.66212448466,38328.59547459043,9,0,2,0,9,1.0945026763436347,1.0
1723.517826362994,113132.95465892102,15585.735391531376,10,0,1,2,23,2.8142112700298174,1.0
677.7789116245731,165648.33247692365,22398.253517461468,10,0,1,1,3,2.7398006980149106,1.0
1989.125130283277,126724.90573941097,31300.548326218046,4,0,2,1,16,0.6402411652011817,1.0
855.1710347721514,181845.12005364313,8356.211128453933,5,0,1,1,16,0.5894385809609841,1.0
3685.110098636481,138212.56305804313,47993.997978246385,5,0,1,0,10,2.114733312003422,0.0
1083.7131306982203,147187.81965754274,49780.101928409866,3,0,2,2,8,1.0896187143047535,0.0
339.89826115844255,143493.22905359053,7785.698389207694,2,1,1,0,16,0.5055553478928516,1.0
2784.21238219531,106408.062841236,33977.97173041047,8,0,1,0,16,2.582396781849411,1.0
2996.3871769610378,147187.5997740141,34878.05258212382,7,0,3,0,6,1.4606966325746182,0.0
4365.969653338502,41850.316899723395,28704.106778550293,5,0,1,1,4,1.5429931784376123,1.0
2906.0589814675254,176174.75022566272,45945.96000549561,1,0,3,0,24,0.7730733244803463,1.0
1760.1302259310564,162228.06438546596,29638.726734628606,10,0,4,1,15,1.688108828195984,0.0
4024.9088135552865,71689.0928993854,35063.51451979106,1,1,3,0,3,2.4405406264973903,1.0
2724.3805212777343,160565.517223194,64409.31315300363,8,0,1,0,17,1.2490821148875983,0.0
442.4374089243991,32149.242238003142,15482.420368125511,4,0,3,0,15,2.569679955701065,1.0
2850.960273550571,66931.91732174967,50671.83153836341,4,0,1,2,20,2.1255582416039154,1.0
4544.691799837229,41073.33057405231,41930.76893019511,9,0,2,0,9,1.5377619597124101,1.0
2011.7474962161916,162638.5758250421,26490.51608590988,2,0,2,1,23,1.7616127425086159,0.0
1516.8127194040103,158498.6057003258,59020.16854976163,5,0,2,1,13,0.7794221565476209,1.0
760.1738122391993,168318.12404631122,45441.503684668394,6,0,3,2,1,2.7347430233857453,1.0
799.6553335800187,30761.8878653399,39756.83757597354,6,0,2,2,12,2.7346411918049864,1.0
2192.2188474920035,115209.56353532936,54410.53723738241,10,1,2,2,17,1.4561288383896847,1.0
2998.615129599571,149822.1535779472,64776.35371456478,3,0,1,0,14,2.147384087525216,0.0
449.04625558952864,56418.19188563262,77895.49683258537,10,0,2,0,1,2.41154542981264,1.0
4700.864515674571,140464.4236771462,51459.97836498076,6,0,2,0,22,2.564258352497172,1.0
3787.91140635372,44298.71688264657,70331.87887582948,10,0,2,1,10,2.311674251473147,1.0
2953.78839550413,60825.39553773324,3084.0486587676846,10,0,2,0,14,1.7528430033683922,0.0
4150.771421148004,110885.45854908218,43828.148339893625,5,0,1,1,15,2.2446148070982526,1.0
446.92444621996077,141106.07595578735,19527.86125530525,8,0,1,0,11,2.8685542666114032,1.0
2410.352444778966,54797.75158216234,10252.819195401562,4,1,2,0,19,1.6785829010749498,1.0
3168.9609779652337,61487.96624125944,43961.76831395819,10,0,2,1,11,0.7044070116865376,1.0
4151.831885285532,64755.88240116271,60505.640973480244,10,0,0,2,19,2.5214690320466535,1.0
3928.174322243875,70579.13679882634,34744.98423052724,3,1,0,1,23,2.3031390927054582,0.0
1421.4927860813282,68514.15424946952,54598.27359952149,6,0,2,0,11,1.2423247278605931,1.0
4707.356839318061,97175.34844459825,40708.38254575314,10,0,3,2,22,1.9706219362007804,1.0
665.5119150828083,141144.2406422429,36655.6116788758,9,0,0,1,19,0.6821282706228724,1.0
4381.911412174703,104465.40313285985,25349.76131356127,8,0,2,1,7,1.697573823655741,1.0
4856.154235542862,161915.564487481,32459.70061657735,10,0,4,0,7,1.497586459054488,1.0
926.9099399519965,152275.64601126453,29934.263571170948,8,0,0,1,6,1.1269475479893756,0.0
3624.227017808737,51509.57538834287,52756.413169145875,3,0,1,0,9,0.8843837242181225,1.0
249.41331795109238,38303.07596452647,11933.425368493745,1,0,4,2,22,1.3592897820359546,0.0
2056.842984438817,179250.06587993304,10133.000388961063,3,0,0,0,18,2.8403131184784707,1.0
2605.6023310284863,43571.28131568848,53821.00055405145,3,0,2,1,6,1.7842469618250285,1.0
2924.193868252689,55217.660722351226,45064.95138067382,6,1,2,1,14,1.0028332114058245,1.0
4682.889378830369,33762.65684488007,36125.40744918463,3,0,1,0,21,2.5885741044794797,1.0
3377.6409021062636,136817.18210077114,14738.102099408574,2,0,0,1,22,1.1735477489487172,0.0
2432.3258585352232,129002.99573691926,34649.08761393699,9,0,2,1,9,2.506813013214011,1.0
4057.891429516152,197773.62329399344,63809.3457756409,6,0,3,1,22,0.5417106339383424,1.0
4755.137463724324,180778.50737391924,71500.83515577279,5,0,1,0,21,2.808436782268428,1.0
159.22743597733967,99843.34017175465,57098.39588724495,3,0,2,2,21,1.8363047811907511,0.0
4913.480297667392,93169.59295513094,7613.237542827824,7,0,2,1,3,2.4080706595230374,1.0
476.35408836521765,80464.84582759746,54621.55279828613,7,0,1,0,21,1.285548460046206,0.0
4081.2145573803687,55909.17640643983,21555.89039506468,4,0,2,1,21,2.6150383534420643,1.0
1437.6570251294918,53474.22162234154,27274.345713033188,10,0,1,2,3,2.2291330336893003,0.0
704.2893058816652,52488.23036163292,18082.23701291881,2,1,2,1,23,0.6177729241535839,1.0
2227.285416583483,49399.508721752354,62733.19587775575,2,0,2,0,8,0.6015490560379515,1.0
3237.585068265687,70887.04720894128,52942.363443070484,8,1,2,1,12,1.4025847020470399,1.0
1935.7116328662014,82133.66715322979,50111.29920413693,4,0,1,0,23,0.6296970558329171,1.0
320.09877099935983,193468.4250766157,54433.89094453426,7,0,3,1,18,0.6082545928954912,1.0
3017.3326413106474,128340.45267032058,21231.46412810056,3,1,2,1,23,1.4440870400566412,0.0
4516.89621674784,197891.28166725778,37237.619903052844,9,0,2,0,1,1.0770666817805354,1.0
1946.916061438896,93319.38113036446,51760.536559272165,10,0,4,0,19,1.3770912214020343,1.0
1120.847249272594,107796.52754020497,52017.74012660913,9,0,5,0,12,1.5087568662319082,1.0
2240.7578623674362,85178.37205809746,63972.59343214505,7,1,2,0,20,0.7142022670391958,1.0
289.39541969146535,61090.900652413955,25107.005434984512,7,0,1,0,22,2.014857758716682,0.0
4111.41354317736,54338.000322188454,62315.88137065533,1,0,3,1,16,1.3697219339738236,1.0
4140.387014203425,190663.46362733142,36894.20500750405,10,1,1,1,9,2.4018625903064756,1.0
2960.602293976661,197757.81590578848,54603.29728853798,8,0,2,1,6,2.9780848055737454,1.0
1797.859300245028,37634.61440648436,38090.39226502708,2,0,2,0,6,1.4538317512966967,1.0
4008.9276540066276,55558.79870440031,76042.98307390264,8,0,5,0,7,2.354862307602165,1.0
2795.7007727024175,101999.09569117385,16806.274385106623,2,0,5,0,14,1.238096794315446,1.0
4138.36492732258,61676.690978549246,54975.3918208415,1,1,3,1,16,2.52814078031183,1.0
3175.721023285952,91859.66691657016,47393.19505914823,8,0,2,1,22,2.207504366185928,0.0
3932.807092403347,51946.37947613767,16300.290152976335,4,0,2,1,3,1.1230376614149815,0.0
3012.886816427912,107606.99864270433,8082.4878574984305,10,0,1,0,1,1.6515977411313054,0.0
2099.9982876675476,76188.08474877407,64534.1179508181,6,0,3,0,20,2.515385483417267,1.0
4791.832006634381,89823.85947897234,15123.75269076242,10,0,3,1,17,2.273642386530529,1.0
2728.5134331502813,46033.15074866709,17361.01457450475,10,0,3,0,1,0.5790690402149683,1.0
3045.193116775665,102781.76862072409,78339.43524715603,1,0,1,0,5,0.5038635572112261,1.0
1141.4138151030088,197153.79386346688,58229.085563700566,9,0,1,0,24,2.384641588721091,0.0
3146.9714076650184,85901.61796980235,22287.48680329413,7,0,2,1,17,1.6341286153278876,0.0
2879.457864940572,178992.97672321397,48503.06993167329,5,0,1,2,5,1.7787139907432876,0.0
964.9500698377735,173343.85407602647,44126.61155699352,6,0,1,0,11,2.911623281278426,1.0
344.95613189806136,191849.9311105258,68024.44159856626,3,0,0,0,24,0.8305391450028148,0.0
3041.5786325881168,164318.61708540606,59157.69758311207,9,0,5,1,3,0.5805378235538488,1.0
3830.2767332840867,142131.46059999854,67042.5266629753,2,0,3,1,22,0.9724281148837792,0.0
2640.8367860639405,175619.35551866778,19286.00727425691,10,0,2,1,23,2.2813494793668996,0.0
1172.5244953322463,42859.59571174944,52296.8787362594,1,0,1,1,10,0.95541699593761,1.0
3349.283784630523,108681.21172379733,6098.546098215285,1,0,1,1,24,1.8216206592485291,0.0
446.5233467175311,198173.56056456,8308.427145499947,10,0,1,0,14,2.63911588241007,1.0
2237.0768387696753,160832.0257201045,57941.58151825399,2,0,2,1,19,2.6009478992529598,1.0
858.66545407218,193552.8142663279,4880.347903582714,6,0,3,2,11,1.025691822267864,0.0
963.0723027464227,162537.84054269144,47641.90568533921,6,0,0,1,1,2.7429779430391776,1.0
1051.355048333108,178729.93446516452,67711.19258022882,9,0,1,1,12,2.984578424707973,1.0
1964.1999323676905,150110.03749154246,32255.519248188204,10,0,1,0,24,2.935046071719187,1.0
303.1935178209683,159285.34075093077,6452.713636673285,4,0,3,1,20,2.727977749093579,1.0
2019.077532599036,118940.26167271512,57966.25362141197,8,0,4,1,2,0.6577913695940838,1.0
2582.951863217769,187120.4091384026,74585.85683973962,4,0,3,1,1,2.0679514721175978,0.0
2442.3067105833097,170256.61480597148,58222.19718848662,3,0,2,1,15,1.5999042809756334,0.0
1944.7812969950508,173460.4441631575,47540.43771121369,4,0,1,0,13,1.1982426586588257,0.0
4203.775709950225,144411.5471637189,20712.21990068762,1,0,3,1,22,1.2887930966942407,1.0
769.3671274814953,81778.59100483233,4183.923051426269,9,0,1,0,13,2.85770245691243,1.0
2553.198881717801,36057.06521632369,56489.7523528871,5,1,1,0,13,2.880058150802504,1.0
357.10501393494377,189061.37199962258,20789.015540010558,7,0,1,1,17,0.753152242171083,1.0
402.2206104456532,129640.45929693447,69078.52614304153,3,0,1,0,6,1.0091752908118634,0.0
2890.635955901627,80684.30509518384,38910.03715011107,5,0,1,1,12,2.794919037124682,1.0
2851.7912031947135,55352.96833408142,43858.93984267913,10,0,3,2,15,2.0348123666390743,1.0
4396.265888580062,171018.9381351283,61053.11390851023,4,0,1,0,24,2.265730120635898,1.0
2811.4746945173624,172208.4330560884,63016.156800857425,7,0,3,0,3,1.368781334306533,0.0
4800.965551004008,168466.35458219037,52484.11414720375,5,0,4,1,22,1.103257758084438,1.0
291.03949957965233,139664.05763435367,75259.2497867812,2,0,2,0,6,1.6137014489664978,0.0
535.1380396646682,92222.61589061891,78636.97959667229,3,0,1,1,21,1.3518861053870266,1.0
268.1260147733879,81691.94841264369,75910.1792168455,8,0,2,0,3,2.861336049220267,1.0
967.1204091510231,31454.31092008893,66461.79727148365,3,0,3,2,12,0.9122893433801735,1.0
2729.2870491613066,171713.28497700085,57333.14195880736,7,0,1,0,11,2.979289555639824,1.0
3245.5822980657686,44863.55857391922,54076.0910568884,5,0,3,2,6,2.7661381713266073,1.0
275.64653184591054,137228.3496669305,10988.76362288111,7,0,2,2,11,1.9278829162077993,0.0
4732.5559047357165,115692.74096281502,23904.29470507166,10,0,5,1,17,1.3560651088035567,1.0
4218.7186144193865,119537.1910174797,3437.9932117620315,9,0,3,1,4,2.309110683375474,1.0
1518.231786677611,187541.18370232146,13580.560008017374,7,0,1,0,11,1.7016611930533339,0.0
432.0782746210164,35374.55191611116,36820.6697420275,6,0,2,0,13,1.4373394876968737,1.0
890.9410124343335,161476.6781868913,14283.314410758649,1,0,1,0,24,1.331307921953345,0.0
678.3748480871147,38848.907722442214,72428.08293011037,4,0,0,1,16,0.7004385320477592,1.0
660.2547075297869,36486.11300901412,65038.83727081671,8,0,3,2,6,1.5867012376309029,1.0
2616.880358895383,103069.00868403492,8514.117230892904,1,0,4,1,20,1.11959764455256,0.0
1266.9448403423314,40722.779638304346,22166.356090979483,6,0,5,1,6,0.5487085731391956,1.0
1822.7915968192651,164154.47171979505,66068.53511508618,2,0,1,1,17,1.0832557029392715,0.0
4948.051400252396,120025.72592021733,64834.55174511026,9,0,1,2,3,1.0869154587653256,1.0
3437.3555321804565,34936.593052161654,75799.69235906974,8,0,2,1,7,1.2555651748958592,1.0
4747.454301882657,36885.116701926316,79811.17764453674,9,1,1,2,1,2.8633941414327477,1.0
755.6549474139222,134153.6500557115,78172.79486956638,9,0,1,0,12,2.7491233262810177,1.0
1941.590400421218,167039.00900192882,34580.62490055099,2,0,3,0,18,0.5800417434897696,1.0
2795.9224262476537,104425.9203167115,22275.290172756482,2,0,3,2,13,1.095455228910403,0.0
429.9524063492532,124278.71416105615,61397.58466288381,9,0,4,1,3,1.6056449089421996,0.0
70.72784595839144,165971.00718848326,26044.01274129037,2,1,2,0,20,1.1944546095160327,0.0
3368.6499522947415,133786.04958710924,65092.82773011239,4,1,2,2,6,1.4881057539330524,0.0
3227.006608167105,68209.24040199931,44114.51424064018,2,0,3,2,14,2.5765447677225857,1.0
2083.404609498078,134218.84439781136,64132.400193091446,1,0,1,0,14,1.9232031488074057,0.0
2473.7381763585618,136807.50804108632,24242.750738209805,10,0,3,1,9,1.548251412889397,0.0
2106.4428529308434,154798.18674979155,42118.10329764421,7,0,0,1,13,1.7146075077915648,0.0
168.82497198219983,135548.61188465622,46429.83210736801,5,1,3,0,1,1.1867818180968865,0.0
1710.089450776439,194771.16217786647,75619.32121445017,3,0,3,1,4,1.0250158925150925,0.0
926.5571642165846,63539.01248190164,23528.013415942132,8,0,1,2,13,1.0309638505105854,1.0
537.1997360517753,191685.41552640297,75124.99442493689,5,0,3,1,20,2.4965301751104674,0.0
4785.7661477522815,121517.71335950277,64974.136490860124,1,0,1,1,6,0.9836230085826176,1.0
3016.8306389587196,144232.54388413503,59278.84216467554,9,0,2,0,1,2.7779181922685914,1.0
3656.848606971183,46908.47156687228,63589.01072725464,5,0,3,1,14,1.6233821558053092,1.0
1611.0505291672816,94697.9100342782,49617.728532764384,3,0,3,0,1,1.8336739939167164,0.0
1996.0782909953753,160794.45489873935,21794.16080561141,6,0,5,0,10,2.0274366573747558,1.0
1222.7737697887812,150174.87256682836,17591.11260066866,8,0,1,1,17,1.2656161596572186,0.0
529.9800712788525,36823.69598811973,69708.29056048006,2,1,2,1,19,2.738904199244558,1.0
936.2066053358398,122921.02479453158,58835.73399987916,3,0,4,1,17,2.0208044250148873,0.0
3997.694524217605,45007.29280462961,19416.729772593077,7,0,2,2,20,2.748756039049454,1.0
3403.8517356596903,199295.59296028758,50362.18917232892,2,0,4,1,7,1.7687520057821222,0.0
2757.2979361281105,182540.4200506601,37461.07906889523,5,0,2,0,9,0.5974172724840972,1.0
2401.694870690502,33583.712272851284,15216.448087158233,9,0,3,2,12,0.5778690076871722,1.0
4616.049704097816,175970.42841344725,43952.997420501655,7,1,4,0,20,1.2692293053602464,1.0
410.0379915044086,186303.03209492928,24676.97011991413,3,0,3,1,22,2.6183162834617733,1.0
1438.974025527684,90103.19783578737,10410.79756013301,2,0,4,0,13,1.166114390788011,0.0
1782.1923751750346,152315.2813581202,38955.78898799663,10,0,1,2,2,1.711092526738745,0.0
3923.0077704532996,105157.63685532242,48438.358511204264,9,0,2,0,23,1.003852909652149,0.0
4962.947369801758,141389.5223779785,6611.79359934859,9,1,1,0,12,2.375137215558216,1.0
1241.3190480479077,87853.95873069254,33961.141704646754,9,0,1,0,24,2.1743737503506044,0.0
4377.821303978549,84835.07022765561,22839.967827424767,10,0,2,0,19,2.7562493179186562,1.0
4161.582664137367,102153.76110578844,5360.095484456896,3,0,5,0,17,1.3876728303821537,1.0
1162.0541183267449,54746.5189709252,12676.016320085946,1,0,2,0,2,2.9622282039387966,1.0
2026.6962719861517,171293.62395401506,13705.63022901507,9,0,4,1,2,2.6941700286923527,1.0
2077.88070299797,89278.64221147823,17081.317105083777,7,1,4,2,6,1.6211046855278453,0.0
4892.1923092064635,98025.42416399368,64860.07300071993,2,0,0,1,7,2.6506877582320474,1.0
945.4149118255467,181989.2841593646,36840.87371881672,6,1,1,0,5,1.5620603293628013,0.0
4005.831956968671,114426.04839073913,14325.621404819789,9,0,1,0,12,2.4687776328673365,1.0
1704.2539351568942,122523.1645896467,10722.866453447474,8,0,2,0,11,1.4001774040041455,0.0
3667.8082115919938,192604.68121210675,25941.41532213601,6,0,0,0,10,1.1382933925217082,0.0
2129.054471263531,180743.48513464816,64447.19494024283,6,0,3,1,17,2.3440338140647117,0.0
2912.880827426873,58809.340511034716,31063.40829135255,8,0,0,1,21,2.911500939392421,1.0
4171.428277964349,110446.55508607786,15312.096742633232,9,0,1,1,8,2.31610182807732,1.0
4030.6195466702266,195120.35866285273,34116.94597905432,8,0,1,2,10,2.9410763549340704,1.0
4338.794758521516,93302.27069886246,45758.989911103425,1,0,2,0,12,2.801333811228567,1.0
345.10576045606217,93167.428447754,5277.9821401270665,2,0,4,1,2,1.5657372487266685,1.0
3475.650237546737,63155.13940415624,51328.41871089333,6,0,5,0,8,1.7625658382529878,1.0
742.9375147727262,49434.92940025129,33422.75798213878,8,0,4,0,6,0.976067490675629,0.0
2108.3019116911346,155851.8144285169,3748.8923851019676,4,0,1,1,1,1.5979518213381503,0.0
2765.512654520708,160905.1796792578,54889.48371887133,4,0,2,1,13,2.418010299570148,0.0
2043.5604494968122,194732.20379551,57853.84793832391,2,0,2,0,14,1.8062111703912496,0.0
2622.0777952248873,161481.0958539117,51420.66371901858,10,1,1,0,10,2.9336050208937188,1.0
4982.805228553165,71369.92398571178,29328.626755078512,1,1,2,0,9,0.7873213747322501,1.0
719.3257028786309,36819.81830904762,43779.57376307901,10,0,1,0,11,1.7693516495952473,1.0
3393.5074244153066,197524.35534284223,32811.14337227453,9,1,1,1,16,1.8302796439453834,1.0
2010.2047836087954,87876.61824241298,56947.87322229647,7,0,0,0,8,0.8720564334727674,0.0
708.3985045912775,83035.16221351153,47935.67433999403,9,0,5,0,15,2.4926696866101974,1.0
835.7469787028322,184012.38565739503,9298.53176471363,2,0,3,1,21,2.5453596155431804,1.0
4748.901875915803,129466.98275264764,52518.2039828628,10,0,1,1,14,2.7434741680936985,1.0
4404.027408723222,66528.09955435287,55917.357904010714,5,0,4,1,4,2.842596367523329,1.0
4539.857704054358,181146.36126176073,31544.067907331853,2,0,4,0,12,2.3685834699764783,1.0
4958.087240345563,198871.34535930638,70435.50513389724,10,0,3,0,17,2.6043546180971453,1.0
1081.161180542164,44735.35539564122,67912.10532306213,7,0,2,1,18,0.6824805870733079,1.0
1809.4247199521058,176582.77681142284,16487.822340279818,9,0,1,0,21,1.4595489456362163,0.0
3362.6341981280902,96387.66860634698,72628.50575341188,3,0,2,1,5,1.21245977157961,1.0
2444.8225723102037,119092.31590613975,36947.17260512097,1,0,2,2,8,2.4846558655638513,0.0
2121.0281902227507,185518.71588004672,58728.72325284059,4,0,4,0,21,1.271370561837434,0.0
1821.1656842111856,195474.46328176992,65685.46953647718,4,1,3,1,5,1.7526241236501898,0.0
2989.2141281200884,74567.86476949589,41893.65642236612,6,0,1,0,3,1.5594544386763984,0.0
2899.187471768406,66184.63106318534,33730.84933155281,5,0,2,1,23,2.3962728525796186,0.0
849.2162786179885,43687.814960557014,73489.75538336257,5,0,2,0,22,1.9418821307317777,1.0
2385.112195716273,125505.63495256346,20775.723576027587,9,1,3,0,16,1.486690784133277,1.0
2789.685292238757,32312.747226613606,22786.695984374124,1,0,0,0,21,0.827570016389061,1.0
2872.920346720383,100022.71059368922,30844.764179034657,8,0,3,2,2,0.908243721254121,0.0
1090.0306049161413,42475.282830841454,69178.86490373354,8,1,1,1,4,2.303760450402321,1.0
3724.2433916488194,98888.38309798678,75286.69634440685,8,0,1,0,3,0.5837777911481121,1.0
174.7355193642947,36788.472175153576,19945.214036124362,3,0,3,1,12,1.596291071122135,0.0
1806.4176849386552,171986.9343034907,69518.00136760589,10,0,1,0,23,2.324805077771724,0.0
3912.052610251386,65655.6289695562,22881.627879079835,8,0,3,0,9,1.4120453733808849,0.0
2841.2699592242416,85812.48076084504,77739.37599974139,2,0,1,1,19,2.1266668421627886,1.0
1342.7540409287583,177908.15942308662,49000.407682581834,8,1,5,0,23,2.4224163377052816,1.0
3490.017940748086,156865.23042647488,3545.6579934484444,8,0,3,1,13,2.7001323534957535,1.0
2858.5851735725632,67236.52147914993,5628.002613480698,3,0,1,1,14,1.0609359891533015,0.0
3991.4058668091166,42222.90117177433,14356.308871962552,4,0,3,2,9,2.260631089607423,0.0
3688.374671639626,151664.54206540773,17443.13315204427,9,0,1,2,5,1.896927924654085,0.0
3070.0342140793614,96419.43361697858,62106.67245764794,9,0,2,0,8,1.6476400621674334,0.0
2466.4794927885296,160233.5998500976,20152.972484105143,10,0,0,1,24,1.5462596746890611,0.0
709.2515220542409,105700.11130378577,77623.9047438392,9,0,1,2,23,2.6821049460096025,1.0
1343.5984385326497,88820.41020528699,51980.628404626244,10,0,5,2,1,0.9481390479569227,0.0
2124.542390939572,106704.9193961074,56323.84821252087,6,1,1,0,21,2.446069368554518,0.0
3016.531470681624,157255.02756401504,19771.871984960977,1,1,2,2,16,0.6913361164453847,1.0
2592.853883315759,183377.4487118636,71738.38618532152,8,0,0,0,13,1.8695840929440477,0.0
1476.5134034996709,38460.42342005784,54421.722107134716,9,0,2,1,10,0.8999277544372398,1.0
81.99857105906723,119098.96200858237,69559.23307432352,8,0,1,0,9,1.6487821927106454,0.0
2506.384148409029,35582.022944259195,76649.04448680447,1,0,1,2,16,1.7060397658606372,1.0
1463.8486433831033,109629.62265414099,12674.355237438926,6,0,1,0,9,2.3301444345789935,0.0
3686.3110885171486,180498.08094647306,10437.216730708817,9,0,1,1,12,1.0224898652843204,0.0
168.5340130888933,91470.34529145264,64862.40264740195,9,0,4,1,22,1.2375042780251817,1.0
2944.8976659636646,188516.57158370936,69691.70655025111,7,0,4,0,24,1.7524015098494143,0.0
4710.297475655024,137203.4401806036,47949.629407604894,7,0,4,1,4,2.3911758262999907,1.0
913.3258722019226,188806.40844481107,31182.042176790088,4,0,1,1,9,1.861189218493779,0.0
2384.664979215447,158718.32632012834,53252.481977792224,7,0,1,1,18,2.4851048338669472,0.0
502.53885949483396,47583.97833028959,26536.133589619214,10,0,2,0,16,2.136650834956219,0.0
3147.1254656936953,69295.7324856551,21355.69829581705,5,1,5,0,2,2.7978711234560727,1.0
2775.1318189513167,97008.97727919606,40587.18113359944,10,0,2,0,14,2.171929268925502,0.0
2066.45934485352,58918.16994205292,19643.844725691237,5,1,1,2,23,1.3660482687089412,0.0
2630.816256295019,114134.97281203228,40245.17784026831,1,0,3,0,4,0.7519729186978914,1.0
4488.044559421601,110132.58646925341,76658.70092069505,2,0,1,0,11,2.260783706264073,1.0
1021.6567964397818,192564.06366465482,67663.37074253906,9,0,4,0,4,2.9563322809033483,1.0
161.69433294146882,103733.74009231622,75505.58080150172,2,0,5,1,2,1.7190445530472191,1.0
4315.24117926055,163556.55672895964,65087.33106324661,10,0,5,0,15,0.8377642355297733,1.0
2906.729557820137,190124.79262475157,30315.822067863308,2,1,1,0,18,1.3008247242014717,0.0
4458.75935453612,179088.10126557754,65527.48336847005,9,0,2,0,9,1.5257589213134537,1.0
3004.878855895204,65473.49616697061,74064.51225359748,3,0,2,1,12,0.8434963926334624,1.0
4060.297395300527,114325.08202310253,75921.7556634532,2,0,1,2,21,1.3302340586825594,1.0
2176.883148607982,89115.76299030738,55606.23450274477,7,0,2,0,5,2.497051496665594,0.0
3761.8066598769306,97975.97817332664,19275.231573763715,9,1,2,1,7,1.2927697322748277,1.0
4569.555261104787,91337.1604617777,6059.1448090811955,6,0,1,0,12,2.996610517754681,1.0
2882.008670424921,170481.0657297507,14334.417568331994,7,0,1,0,5,1.2271972817980465,0.0
944.8864952837787,106863.63937081606,77347.1126778338,3,0,0,0,22,0.7479619990060428,1.0
1380.548194399481,119028.036481597,38581.455462843245,3,0,5,2,19,2.4705304035950597,0.0
1033.2906556421585,197016.05069800268,68833.92314206842,8,0,3,1,3,0.8026094948271696,0.0
1271.942286598878,40196.4762725578,38808.39982398842,7,0,3,0,15,0.6190249187897339,1.0
1566.75647428763,112952.7987644273,53882.95392640764,5,0,0,0,19,1.4902173219233261,0.0
2797.912244428283,161590.49018083973,4858.839838419691,6,0,2,1,17,2.754087622936404,1.0
2960.558565845972,55697.53289199851,22239.60058939124,9,0,1,0,3,1.9261702376779908,0.0
2161.1737488472127,133960.37108451157,36592.73456327937,3,1,2,0,20,2.794474931110333,1.0
3096.332860113135,70709.01252085935,51558.59063087057,3,0,2,1,15,2.683577357032077,1.0
453.7958817762613,177458.69924817648,16207.131480094746,6,1,4,0,6,0.6898907484291618,1.0
484.5517734378918,85606.94311801347,61870.46274882773,8,0,1,1,11,0.6393511658615763,1.0
900.5558287704093,85940.67887315463,31059.162372490275,5,0,0,0,14,1.2445409100261393,0.0
2614.4836152997063,131692.9593480419,65942.5157310091,1,0,4,0,4,2.707796906314738,1.0
1109.273659556652,61205.69438038448,10543.619960420183,3,1,4,2,3,1.7624687078559802,0.0
1452.2577972882577,78431.06861352039,55341.25725154264,8,0,2,2,8,2.894816226876812,1.0
2031.5485390563206,100827.41452029995,25586.281656901287,4,0,0,1,21,1.2464765213982822,0.0
4068.7373138513803,90118.43673381876,64244.50440744158,9,0,2,0,3,1.6159177928385533,1.0
118.61757276865758,119229.127060949,33967.12288226561,6,0,2,1,4,0.5647781568466474,1.0
3264.425160171281,131938.82449172426,54231.92168429462,10,0,3,0,4,2.684236776488048,1.0
3360.938828651392,126333.46713752797,74941.50568500845,4,0,3,1,14,0.8999198256067857,0.0
4003.346112765351,141208.61303862848,4588.250665059855,4,0,0,1,12,2.96630110044248,1.0
4667.1270483485505,82317.41782332945,3855.99223974677,10,1,3,1,3,1.261216283536981,1.0
149.68235229898465,51492.458616354765,62311.502417606935,5,0,1,1,20,2.8631414363213596,1.0
811.2293422904202,159337.2820432831,52772.26496612201,7,0,0,1,8,2.1757933288735494,0.0
4436.547905577166,174632.66504721594,25559.438478841315,7,0,1,0,23,1.937262328880393,1.0
2319.666882825726,73691.05947781348,41068.546113618206,10,0,0,0,19,0.8005957816152294,0.0
2844.7236627206444,99205.63254686336,6229.0462511128935,7,1,3,1,14,0.7603353636140698,1.0
3331.9846584295797,114756.76688380439,17818.311612815538,5,1,2,0,1,1.1647278203901945,0.0
3411.379692253405,120665.56326799918,35686.22083859189,9,0,2,1,20,1.393789604352422,0.0
4662.114996416715,142113.32908490082,67221.42004905414,2,1,2,1,14,2.042393986380887,1.0
4984.899616187765,37072.54967040463,39934.37308022653,8,0,5,0,19,0.919579846430233,1.0
3614.779431608154,152651.1040647829,48149.91284850036,10,0,4,0,7,2.231356669527222,0.0
1471.7449855654966,40535.07118649974,70279.04198352109,8,0,3,2,13,0.6402292415250008,1.0
4404.774391357001,109609.05650438754,26779.056346341087,3,0,1,0,23,2.6627929543741944,1.0
293.64352697677,170704.093046763,56953.84772485831,5,0,1,2,9,2.692728589847703,1.0
1193.8502217287562,106706.60325732737,69348.37891822551,8,0,2,0,23,2.7403768835076034,1.0
4492.059301445389,55345.25729060212,18601.40895360561,10,0,2,1,16,1.5614699202302533,1.0
1318.147996474807,197455.75365101316,30448.818716383103,9,0,1,2,16,0.8255467919922708,0.0
1142.222745127655,181178.52855262475,78445.38338948034,7,0,0,2,8,1.7740235010511547,0.0
733.7202010442238,161123.31764825238,78707.82948930825,4,0,2,2,8,2.396046907876726,0.0
4302.603200352237,99956.97249286577,20188.704632633217,4,0,2,2,24,1.172495419984323,1.0
2525.288382995879,61253.77357118062,8116.329594732365,3,0,2,1,18,2.167550109855876,0.0
3390.721355118066,190039.9008411452,23860.96407087407,8,0,3,1,2,0.5469516981422691,1.0
1233.378601171397,120499.69150791364,33625.36071238392,6,1,2,1,2,2.53165871055122,1.0
3802.3000840055215,174900.42826587247,36957.43127169961,10,1,1,2,23,1.0441913129575824,1.0
3812.0274475623874,88156.15097910239,50648.08566444262,6,0,2,1,24,2.7809816076061082,1.0
1597.3602232960857,86999.01390351,72261.71253012908,10,0,5,1,10,1.8561099707936928,1.0
2082.8790334009,197541.88171458663,28436.79691685151,10,0,0,1,17,1.4386561890376073,0.0
1087.9668732794942,118711.61824412446,68448.80923343905,9,0,2,1,8,2.3431601096828043,0.0
4883.977065448376,53918.22205632687,10197.876911350271,3,0,1,2,8,1.2825855588607646,1.0
3245.7327564391376,67344.69525910026,6224.351820937533,4,0,1,0,5,2.2877178470436634,0.0
4675.9922095418015,111930.52749676253,41811.47910050651,3,0,2,0,3,1.2813850413630508,1.0
1551.7584409642093,37220.054783029926,7593.991196456576,3,0,2,2,1,2.6182353357217987,1.0
3920.360019334604,108630.77751431108,33221.71469503573,1,0,2,1,20,2.952757203191473,1.0
3841.000287229473,101219.94315362169,72051.91499893104,10,1,0,0,7,2.1444639827595395,1.0
3473.695476739381,162487.1651043128,21594.193787975448,6,1,2,2,7,1.8451075259864598,0.0
4829.912927570662,90340.1339631711,57360.134684617544,9,1,1,1,13,1.6497336511730318,1.0
1998.098913726262,197033.28946173188,26282.13521403515,5,1,1,0,21,2.822971298343409,1.0
697.0507517692986,60730.88628115354,6458.844253644442,10,0,1,0,6,1.5943688896816475,0.0
3374.9588532581006,130467.73644458293,45865.17476859382,2,0,4,1,13,2.525231515587826,1.0
3660.0835123621705,45248.88049140329,67283.71877132988,10,0,0,1,23,0.5096748081562945,1.0
2896.5498386211325,154756.87727897696,34529.07052238169,4,1,1,0,2,2.731086750953297,1.0
1073.7485710103115,199108.12697053514,50531.624637272704,6,0,1,1,2,1.4668610635206112,0.0
2547.056911263309,169253.56841777748,72301.81701964489,7,0,2,0,2,1.1962632707637786,0.0
1595.3391960171905,124469.60192245121,63806.47748074806,7,0,3,0,15,0.8771933031529398,0.0
2165.9593144251107,112406.03075794765,17928.482753247088,4,0,3,2,15,0.6787887280019068,1.0
3243.831950431086,171955.09341536398,59470.564871105445,10,0,3,1,18,2.7055423355578343,1.0
3738.812976319631,189115.59440082312,41645.7629373317,10,1,1,0,5,1.3292485147076791,1.0
1199.5122199616485,198165.1093856758,60439.444207228524,5,1,4,0,14,2.9311427444814933,1.0
2056.3605352024188,97411.6686859623,41077.6973902108,4,0,2,0,5,1.5523545214555896,1.0
1382.3497764085644,198455.9707150671,12852.778636339319,10,0,0,2,8,2.869383947240347,1.0
1033.226488616252,56507.46286955135,46883.02739507142,6,0,2,0,21,2.1457451474960294,1.0
3927.7667389794,73103.46190842456,40894.31741459517,7,1,2,0,11,0.88505512681761,0.0
4550.800837463113,45132.74120476235,42879.973490391014,2,1,1,1,8,1.2649442608161294,1.0
1882.6493191386548,76195.54780236189,70675.48893073201,10,0,5,0,6,2.852408167662348,1.0
3768.830675650146,160549.3837750619,71902.45259638136,3,0,2,1,4,1.572844058902872,0.0
4490.126682353834,174997.14089033645,37922.357220960315,8,0,2,0,20,0.6403238091200429,1.0
4238.314842124646,162411.7496674372,38091.367178566805,7,0,1,0,3,1.3507284841255736,1.0
954.9262732691683,137281.18228850837,42669.39583319143,1,1,1,2,12,2.6906070838176066,1.0
4783.644813491139,117374.30712884974,43008.374431737786,4,0,5,0,11,2.9939001066086695,1.0
1914.5483801258392,150479.72916631988,76179.81010179168,5,0,3,1,5,0.5741210473728329,1.0
1729.2412728104898,96441.7033754277,53003.835988066996,3,0,2,1,8,1.6775848008726488,0.0
359.03507002501266,173022.4197549493,24364.188606371685,4,0,2,0,11,1.1149338064181062,0.0
2456.5595878191707,145122.31597605353,43928.33336545723,10,0,3,0,11,2.9539332850510993,1.0
589.6173974225972,148626.79874404945,51296.21588391468,10,0,2,1,20,1.4600071548046571,0.0
1280.2721135907586,121109.11883194212,52262.42251807527,10,1,1,1,3,2.834072719525005,1.0
1618.865977748043,180488.92731589935,48064.575420340065,7,0,2,0,11,2.026546323073427,0.0
4053.690301283836,72842.50472543892,16685.68390585838,8,0,2,1,6,2.7295650381521375,1.0
4383.668819459688,94795.10107137862,5586.675559122075,9,0,5,2,6,2.8727942847390016,1.0
1547.2082714342748,162199.23684520714,29013.91503224779,2,0,3,0,22,0.7621817146461047,1.0
4300.555700160641,113767.3123419874,35919.205901139525,4,0,1,0,18,1.0043435024300005,1.0
4293.293139980466,181166.38228211243,7758.926447358669,1,0,1,0,22,1.1633707064902992,1.0
3835.022204405124,88887.88435968489,65752.48502752815,3,1,2,1,5,1.8379478993325133,1.0
776.1408143751486,92786.1286993396,29493.962688291078,8,1,2,2,5,1.1030038132578144,1.0
3467.0980921586083,181085.08419572632,73349.72145574486,7,0,1,2,19,2.8344348516948497,1.0
4727.8691196738155,108942.95443094698,14889.578303854418,8,0,2,0,5,0.9519846348713876,1.0
3428.5753698974277,117741.17931442274,7383.991684173134,6,0,3,2,1,0.9275486854906196,0.0
1691.503403083778,86569.8316070655,40138.34003774678,5,1,1,1,1,0.8790716306638142,0.0
2527.867621282615,77033.89017044392,17562.958935579412,10,0,3,1,23,1.5899780835652892,0.0
3246.3389645877155,141511.28084252664,75179.7442194953,9,0,0,1,7,0.6130739915853083,1.0
2577.3235232060924,50372.91246200466,3793.3616809378996,5,0,0,1,9,2.2001724306884025,0.0
643.7670615683006,179476.34900109458,34771.71497954569,9,0,0,2,16,1.121742646044233,0.0
1594.7170210275021,162464.53325006834,74359.57839357796,4,0,2,1,9,2.8336797737827024,1.0
4021.860351240481,62427.20482998647,32600.20191819216,5,0,5,0,12,0.9493946839920802,1.0
4314.019328172812,147983.3907901761,10169.414606235478,1,0,3,1,11,0.6971304265735524,1.0
729.6351619420726,132447.59661855793,26322.910600357605,6,0,1,1,23,1.506112064130802,0.0
4764.314424373687,61370.9586252295,41346.80032525137,3,0,0,0,12,1.1131556801438305,1.0
1677.6719583506163,76444.59602853953,17256.67992543665,10,0,2,0,10,2.6727336036071785,1.0
3328.453006717064,99527.70563475185,38925.251296031165,2,1,0,1,9,1.8008894652067393,0.0
3771.5344724855718,148871.26499173057,67398.42607550949,6,0,3,0,13,1.6918002857303525,0.0
4069.133861457523,138582.979498891,70191.5837051392,1,1,1,0,12,2.445633020402422,1.0
4731.4610260183545,120479.92410503865,6793.076572726373,9,0,1,0,9,2.131596860987329,1.0
1598.951762742672,160629.79232938582,15389.558570048159,5,0,1,0,19,0.5240557417761866,1.0
4299.606950030195,158849.41573304823,24197.340454043922,7,0,3,2,4,2.2136201634860497,1.0
701.8501720092248,135036.0561905835,48804.67051834534,10,0,1,1,1,2.28099351874027,0.0
3539.952486450284,163788.3141754203,30796.59642701997,9,0,1,0,13,0.935878939532246,0.0
3722.78976109423,86824.77371246557,67991.1503353478,9,0,2,0,2,2.273454219228828,1.0
3404.730043946536,179812.41981484296,58183.733857786196,7,0,2,0,8,2.9846282297579303,1.0
1298.9579438690073,134534.71458632994,10735.113779740132,4,1,5,0,12,1.235138756665799,1.0
4371.563577725256,169801.7973481132,51090.92769343102,4,1,1,0,13,0.5964300582764324,1.0
885.8493936834553,122867.44781434827,11701.972151717338,7,0,0,2,13,2.626045813087682,1.0
315.49221802811263,67134.50164807566,22637.746562007425,8,0,2,2,1,1.0122920488092522,0.0
3601.451703528965,122209.72187531246,16696.03878213556,7,1,1,2,8,2.4460300781990068,1.0
2403.6047904020315,93088.98284201998,16325.770088454281,10,1,2,1,5,1.5176505828625468,1.0
4253.035198795446,148574.83612630607,50462.45540781816,4,0,1,1,19,2.759592069069549,1.0
1947.8158482383817,110884.94459490509,46397.57903667044,4,0,4,1,22,2.8549437659307633,1.0
882.9790131131784,172139.1768377069,16554.16776465497,8,0,1,2,20,1.49017453328319,0.0
4190.388852725855,145272.32709472583,79243.30601721925,9,0,3,1,17,2.952190130214064,1.0
2767.102676618355,146372.55361532507,35481.42839235862,7,0,4,1,19,0.569433932610205,1.0
986.5191723322567,66916.40669348105,10474.338267930121,3,0,4,1,2,1.9225285998688464,0.0
3615.9007930029065,197322.46030351936,12283.814305543865,10,0,2,0,12,2.346945388724484,0.0
2580.0125105230277,173084.78557615308,47959.815956947794,1,0,5,2,1,1.5694332016833819,0.0
3041.349262089583,164130.8303753181,78388.34406052741,5,0,2,0,12,2.1468215729330775,0.0
2331.4467741225803,86136.58827720466,47040.234824678235,6,1,1,1,19,1.2685154007635893,0.0
4152.109469899132,121057.38098402943,76076.19369948107,9,0,4,0,12,0.6935259877342952,1.0
4156.335442631097,53307.54197263587,37198.22950836806,5,0,2,2,1,2.587275008737896,1.0
3561.4746680307117,121540.91603266001,36559.76498120493,1,0,1,2,3,1.2409021715560093,0.0
571.7368181124882,54801.171902158836,41500.566667322935,4,1,3,0,1,0.9891178214134437,1.0
4202.326616425141,124016.43347823221,56701.76027797775,2,0,2,2,1,0.999696663663069,1.0
3371.5142536379035,140282.71962633397,31306.429416752613,4,0,4,0,9,2.55640103311524,1.0
3500.2696217212824,96333.3144324834,69519.22451627969,7,0,3,0,1,0.6643424612785536,1.0
1846.7650599991646,114752.62931631986,5254.66662714726,9,1,1,0,12,1.7447372984670793,1.0
4402.433802977183,178861.0759046796,36861.84301719006,3,0,1,0,21,0.9857562323403828,1.0
3640.5894211625446,48455.7345994776,42346.37244845367,3,1,3,1,5,2.1294264838829937,1.0
607.3228093195127,164594.591809941,49741.4823462584,4,0,2,1,15,2.4975168111684782,0.0
2068.501270310505,59028.27366935339,24257.53725217147,7,0,0,0,15,1.9041259320701065,0.0
4437.582791702702,36240.35707678683,35915.95776590932,6,0,1,0,15,2.037185724245839,1.0
283.62367340202604,61547.68246665812,40309.40676648236,5,0,1,0,17,2.0586532018693173,0.0
4809.012267228145,160057.34229498325,55892.06835860742,4,0,2,0,9,1.9325144818595348,1.0
3411.854713181836,98871.4324672662,62562.90222465768,8,0,0,0,21,1.047682747596752,0.0
3175.3110893347143,178328.48786385093,59812.704205471615,4,0,1,0,14,2.1337756196346698,0.0
1389.2683196155574,119200.28200098519,29301.89502629807,3,0,2,0,18,2.435566486491293,0.0
1281.5193542589266,33782.55982747626,79957.6902703812,7,0,1,2,16,2.5603042297752254,1.0
4713.188186468547,151841.31363232754,68347.22900761281,2,0,1,0,23,0.698432629951017,1.0
1526.4486484589077,48739.59448260956,23021.799732162606,4,0,4,2,9,1.4942682884839338,0.0
3888.751218759047,164194.53768852714,18023.14703680772,8,1,2,0,15,1.4230389460152375,1.0
1995.9529011250418,58577.433466880604,27179.636294921067,4,0,1,1,20,2.8086525345181297,1.0
739.3076503842847,88725.88558693728,37830.553680972655,10,0,4,1,21,2.1486508639011457,0.0
103.04072359202681,159416.14303631126,68511.55213061027,7,0,1,0,15,1.6819427354715684,0.0
2744.0738182254913,192219.33077099168,62933.89431217915,2,0,2,2,9,2.8991392527022124,1.0
4880.105151817217,93143.7716099445,68545.95150995246,5,0,1,0,2,0.9020042444859175,1.0
1877.2241593555623,170998.0374338191,23940.697848095293,4,1,3,1,21,1.4038682369881728,0.0
1818.102053265572,62434.68513089258,48696.51412879139,9,0,1,0,11,2.0726492589573895,1.0
1753.2535083547384,167220.5609344235,24810.17779535783,7,0,1,0,22,1.7752728715401649,0.0
2626.691994659049,141773.99007356266,11394.783375400972,9,0,2,0,3,1.9764606935626998,0.0
2231.291172950253,62766.39622610263,55683.22624755041,10,0,3,2,10,2.4041551429047665,1.0
4405.577402298722,81425.67325973997,14010.811442048785,7,1,2,0,9,2.240223715513036,1.0
2552.327919031277,52401.051061496124,54412.7276513983,2,0,3,1,16,2.1427999280696293,1.0
2563.4012990334154,95104.39188093325,52893.251477716505,2,0,2,2,10,2.288331351966541,0.0
734.9393938667552,64620.268990957156,65389.130220649306,2,1,3,0,8,2.45383033534352,1.0
4914.56072750641,139479.6521171805,13745.704551394458,5,1,2,0,4,1.026234397145572,1.0
1287.365809800707,199065.86771749498,63327.971435178435,1,0,1,2,21,2.2204518642284827,0.0
413.1521339250332,32041.557724324903,79944.29249786025,7,0,4,1,8,2.1612065948763632,1.0
3332.5739324272836,121956.36825884077,68530.26854111446,2,0,3,2,15,2.2625291759163852,0.0
2997.0635322765197,127523.32158333165,60889.5298772303,4,1,5,0,10,1.1110812166018338,1.0
2104.9709872640915,185415.49424573802,53986.73231149249,9,0,2,1,12,1.2031035946530468,0.0
2139.8515577093563,116020.90691037939,35477.17432077807,8,1,2,0,15,2.4272838549137417,1.0
3936.0664091798344,122429.24133963598,59248.51292765337,10,0,4,2,1,1.4449951855122252,0.0
1018.7775684932628,110180.97622582606,58761.7087058149,2,0,0,2,8,2.8075570654282163,1.0
4110.253928777204,75713.73177545183,51625.3677669212,4,0,4,0,22,0.7842706267340342,1.0
3261.2982137803397,39524.952652315325,64313.43512893279,4,0,1,0,23,0.9311991581868224,1.0
2123.900380208646,99471.80597567213,37554.81940886627,2,0,0,0,20,0.9633729541196543,1.0
2317.2416520901497,38940.55011091535,12336.45883419408,2,0,1,1,15,1.2136824739051932,0.0
1320.4036755711743,123583.71980920603,46048.21502591128,5,0,2,0,15,2.7515835995074145,1.0
3772.9659468500254,82239.91935118983,23408.351710773382,4,0,0,1,11,1.4415218467906348,0.0
2588.7299744110755,120712.40825932274,32601.348502044566,8,0,0,0,22,1.653553292188221,0.0
1638.2299866117257,52830.48394718174,4340.947603474404,4,0,2,2,16,1.5569641620377959,0.0
3000.448073016704,188547.09417569113,32474.875269677017,8,0,2,0,10,2.5171616904351533,1.0
4978.885537654049,182068.61140348893,65277.68517243001,5,1,3,0,4,1.440766355485637,1.0
2204.5482842999413,62299.406564388366,44789.62225424562,1,0,1,0,10,2.581245089561953,1.0
4607.422433854167,88385.52815998168,3754.6405739157703,9,0,1,0,18,1.7048769836172604,1.0
1757.8333576266023,134293.7712148365,39177.97415846824,8,0,0,0,17,1.1082873423508348,0.0
320.92689927868014,46266.65524200407,25441.776868696372,1,0,2,1,16,1.5769891652726877,0.0
1060.998426523723,90276.52958974564,39771.40046558218,3,0,1,2,20,1.4917052124539414,0.0
2122.540959472037,72689.08875923103,34161.33955148653,3,1,1,0,7,1.1040506846423523,0.0
1137.1928965431166,185637.84388183843,74762.39990591837,5,0,2,1,24,0.8060475848684924,0.0
51.12383918036491,174926.8081691649,6170.652020152217,7,0,3,0,19,2.6033100825992133,1.0
4579.25761185026,128571.56601536684,55636.27686870878,1,0,1,1,19,1.7889888177436042,1.0
4227.203085593099,118458.8772681676,68529.04791523408,1,0,2,0,5,1.1070130791693895,1.0
3724.3465458603882,188223.38507271753,76861.3710180866,10,0,1,0,10,1.5653318694878267,0.0
880.6822484478417,188512.7231063986,16677.989443910785,6,0,1,1,23,2.0146588740965834,0.0
645.799702239431,194786.12130978226,43910.46975139693,5,0,1,2,4,2.2993460671651533,0.0
384.6435098882966,51314.4102983919,6356.3974534253175,3,1,2,0,7,2.050310944244236,0.0
3633.94448442596,57294.82782973893,41437.131383041815,3,1,2,0,18,1.0849412811048904,1.0
4647.5994054050325,145045.2387755807,12660.272894655607,4,0,4,2,11,0.7759988503816988,1.0
2181.152313519533,122043.86102367363,67518.04395180094,10,0,4,1,1,0.6843966732378057,1.0
639.7463263804384,33139.203831850115,11767.990200613092,2,1,2,1,22,0.7700571012618408,1.0
2586.3444626239275,40535.75611821829,42523.203749760134,9,0,1,0,4,1.3644051469456002,1.0
1776.7179419202191,180973.6649839969,43124.39731244204,4,1,3,2,16,1.3874004240406843,0.0
1905.3833755324886,177708.03524169567,77817.08834073362,10,0,3,0,23,2.945511209944071,1.0
3125.586589570751,90736.05673932767,53433.513440994386,3,0,3,2,1,0.5565146899802891,1.0
3607.654660647902,181478.6048781909,25163.702566913747,10,0,0,0,1,2.080696691143711,0.0
597.4878144221462,130924.7626476433,21541.54686523666,7,0,3,2,21,1.7779156903133615,0.0
226.1716424920581,167003.95999321333,12875.111834669997,9,0,4,1,17,0.864198158478868,0.0
4971.934998294289,102663.28209723643,61251.63375177758,2,0,2,1,2,2.8717165646758898,1.0
1202.0053271319816,49277.71564863448,56188.262526040075,6,0,3,0,3,2.5275461999966513,1.0
316.4610982968724,103733.60064982277,49960.53880272416,5,0,3,1,17,1.0521341274377278,0.0
989.8828790248039,107740.96565947264,6144.714107149102,1,0,2,1,24,1.2298601977797676,0.0
242.84133942489788,123660.51295290251,61737.82271236068,7,0,3,1,2,1.0001568601695632,0.0
1989.4639283549998,47949.06119375276,52425.3434404329,1,0,3,1,2,1.271083580554763,1.0
4021.888833034055,198538.31671843395,77219.4428445076,10,0,4,0,8,1.0698076091658182,1.0
1739.160026300717,71503.25953717408,48214.56400051453,9,0,4,0,7,1.144599741394654,1.0
2248.7078640479144,63753.9086013058,26404.296812951525,4,0,2,2,19,1.7914847104750227,0.0
3394.1545291588222,119556.49620550922,32377.08251857766,8,0,0,2,21,1.3438300098341744,0.0
2569.025646845907,121325.39049713107,16539.734314123903,1,1,0,0,19,1.7245949245363816,0.0
4314.156145805555,104769.52543165152,58664.39202950666,5,0,4,1,11,0.5766735490439924,1.0
4336.8765914764945,161221.66487529327,57494.56782167285,3,0,1,0,11,2.3537174785334516,1.0
99.05794268121053,117831.24812386246,18450.051191781073,4,0,1,2,21,2.8206970290393643,1.0
3901.3292170918357,133648.2273746473,15203.677885035451,4,0,2,0,19,2.9911255763525357,1.0
2330.6313211962856,153036.88551932355,8929.379856568983,8,0,1,2,11,1.0014786656842434,0.0
4944.760679453132,34254.26726585733,73222.13226349541,10,0,2,1,13,1.4600573775258336,1.0
2441.998775583404,127009.51103265761,20946.377194503537,10,0,3,0,3,2.934155068039873,1.0
4935.134929672073,180313.06010882277,29500.591559888904,3,0,1,2,1,1.0303102743260704,1.0
3785.118337968396,32956.08629732377,24598.84714506678,1,0,3,1,5,1.848652037128948,1.0
1280.5941788358664,98880.95764616338,34849.09440103091,5,0,2,1,3,2.4982007164648996,0.0
2715.0551474704407,187458.6665349911,57981.757552451214,2,0,2,0,3,0.5712377434299174,1.0
4961.0714154189845,90036.24838803142,70035.8637969239,6,0,1,0,12,0.7627207674392886,1.0
4294.776508372022,107983.90011404095,17060.103713697594,4,0,4,2,4,0.9913994669538796,1.0
531.9661242665445,196862.03681753317,55853.75046806972,9,0,2,1,18,1.6388976031171882,0.0
3546.5413842094804,63885.05602159755,30147.284952671358,7,0,1,0,18,0.5380234273294133,1.0
1760.6189500605246,41093.38215125101,78500.59195889154,2,0,2,0,24,1.5781671450979637,1.0
84.56219630772318,176101.84044642173,26016.77526487392,7,0,4,1,19,0.9037855825258698,0.0
2047.230796683648,177639.10800610264,3553.857612605217,10,0,2,0,4,2.6243461831033654,1.0
1212.034387538608,110253.23189560224,42704.27799952808,8,0,3,0,2,1.7158484475764735,0.0
4103.402889076335,117415.21966113866,14606.293489247206,3,0,2,0,5,0.678023331906614,1.0
1719.7865137865392,172087.08283503214,6426.070865016731,3,0,1,1,12,1.6570929779298755,0.0
4146.242285071395,155555.11467968515,56766.730859973555,2,0,1,0,9,1.700618751791018,1.0
52.95979723223678,75075.33037689181,59383.96475315115,1,1,1,0,24,1.249232833166489,1.0
1573.7047926292898,32871.87036215814,38473.824009970696,3,1,0,0,12,1.4194165995859396,1.0
1243.7678108234215,111549.02763070278,55120.18479025645,10,0,2,1,13,2.9264255664498577,1.0
1206.1584372896243,176015.09543625903,44444.437515029305,7,0,1,1,13,1.118026643628005,0.0
387.5237678390404,182291.89503732757,51494.68529458874,9,0,4,1,18,2.1914659308900273,0.0
976.2651385319836,192558.45350294615,48946.205935473015,9,1,5,1,19,2.152629330617858,1.0
2799.9703709338182,179525.7503941728,54268.352832280616,6,0,2,1,20,1.5558437208162474,0.0
1492.2373105468353,128607.40440067672,18371.559947834186,6,0,2,1,1,2.830362551528014,1.0
2116.1041725292826,105582.95187013716,23690.409742825916,5,0,1,0,22,2.4238616266712305,0.0
1915.491057718583,161724.47391079683,36877.16251209228,2,0,2,0,12,0.552623277551897,1.0
4385.729378749478,155769.6778421514,37351.85672527735,7,0,2,0,2,1.7140488583361353,1.0
4531.230045102052,121484.38311384725,62629.70179219163,1,0,1,0,4,0.7849723084215048,1.0
2490.1370096965074,44845.65333493975,31289.31176067397,6,0,1,1,5,1.2172336138284654,0.0
1684.2719540622418,187433.8289537762,15512.897016557043,4,0,2,2,20,1.0967651222141581,0.0
578.6634848117,107452.43137528257,22362.879727812844,3,1,2,0,22,2.3888713110764037,0.0
4769.3442529413705,91766.74292576493,19534.479683585585,1,1,3,1,10,1.1228124957259151,1.0
348.1233772564724,137026.45717869117,59337.82148271369,6,0,4,0,22,2.982063002452864,1.0
1523.3688739629881,144552.45339838607,39216.150326200615,7,0,3,1,1,0.8207605472529693,0.0
1525.4276957915206,65816.94589515124,57564.56374376573,1,0,1,0,10,1.5291038981042668,1.0
1635.9863663940637,172279.60361769254,35048.915418337274,1,0,3,0,15,1.7234763372073878,0.0
863.2198741984259,79289.30592260424,71509.6413928007,7,0,2,0,8,1.5819986893185842,1.0
3926.649083072301,61736.26740543384,78731.06369465057,6,0,3,2,21,0.73331829024483,1.0
656.3644167316467,99087.97498526456,54577.8731701011,7,1,4,0,17,1.0643825145027446,0.0
3192.787962808156,154195.2137525691,69513.56690718886,8,0,1,1,12,1.801909067399715,0.0
663.0378321937964,194127.8903347666,42110.861572248825,8,0,1,2,5,2.4995525357554325,0.0
399.15140608513497,167577.81494314366,74965.8047072509,9,0,2,1,6,2.2209980406973324,0.0
4551.676043245088,189859.2242039326,67032.15939680775,9,0,0,0,16,1.8612073903101045,1.0
991.1373932775931,53902.98669300955,79366.95002598502,7,0,2,0,7,2.943966443436693,1.0
4115.188265070536,42100.055806825054,50978.217620239106,9,0,3,1,19,2.402426271743437,1.0
2745.9228119803224,124809.8095241341,62998.9190006536,6,0,1,0,9,2.66633965593903,1.0
435.3897720634095,79350.57211748583,44800.84677832244,9,0,2,1,19,0.5317910166127305,1.0
4779.468547618434,170769.3454047764,22952.248028899558,2,0,2,1,17,1.0404375833835682,1.0
1272.457776609868,144237.93813839543,30316.148176991344,2,0,0,1,19,2.299611612867758,0.0
4305.244459495402,195023.78787758504,71838.41693431135,6,0,3,2,23,1.1957530751343461,1.0
885.6095286335926,73314.70047432173,7307.991888093784,3,0,2,1,10,1.3849365724316085,0.0
4277.017266602172,112583.2994403895,48543.95122772943,2,0,2,1,17,1.976841109406941,1.0
115.48262388120523,115210.88116231006,31681.270502816365,8,0,3,1,14,1.8566548908088691,0.0
2583.313260018929,70660.05512575395,32775.32542642779,7,0,2,1,14,1.0519002599308818,0.0
3858.7407681367063,130315.87791296132,71111.98289386008,8,0,0,1,20,2.6967166090566552,1.0
4677.237811589278,105358.61763347071,68744.32284005944,6,0,3,0,23,2.0694485093248454,1.0
4550.550574222111,105942.66451827851,49110.862919080086,9,0,2,1,15,2.2134520406951497,1.0
4107.143104260842,91665.2301553222,24014.75125013371,9,0,3,0,19,2.57131369745765,1.0
4446.547180823455,32877.98991234096,39610.13865447585,2,0,1,0,7,0.7561084811477327,1.0
1036.1374448935287,118756.19027551413,34438.591321769636,10,0,1,2,16,1.6850912727195144,0.0
1456.7122637730574,86992.1320690563,30228.58824859214,5,1,3,0,20,0.7157798775476469,1.0
1480.3941983592397,30224.377727336047,10914.489548911824,9,0,1,0,23,0.6834031574374853,1.0
1916.4169584584092,82350.43030252845,44819.769277079664,3,1,2,0,9,2.3030737056090986,0.0
1996.937318406684,77366.81662525868,26241.00993633524,5,0,2,0,21,2.4742925905712245,0.0
2745.5488570406437,96886.18604801809,53882.21160541969,8,0,2,0,19,0.6311296440523733,1.0
841.4048286638848,52414.83823937748,27578.70305856587,2,1,0,0,17,2.606168544166599,1.0
3471.670985740647,116306.25018796435,36199.58897137974,6,1,1,1,19,1.2032467778459395,0.0
879.4543695573071,147714.8599280821,7031.74881296938,4,0,0,2,20,2.1372926578590503,0.0
1586.0269864175102,137131.5467392773,79425.43138272178,6,0,2,0,12,2.214164549441173,0.0
2541.5583965004625,166638.3410867624,42085.99951218854,3,0,4,1,2,2.2410351257438577,0.0
3992.3807795412126,106841.4089578038,4866.294750641307,6,0,1,0,4,1.9487909039573545,0.0
3710.3727045317,118245.5941577538,44674.760724608095,7,0,3,0,21,0.7830990389275947,1.0
3245.395064232085,167768.32994602717,70017.25794653503,10,0,1,2,8,0.7792501349284535,1.0
821.0776398718423,102709.19903927055,62486.5143384976,3,0,4,0,11,0.8523885455500377,0.0
2757.87446079711,149271.88948293147,56969.81467796797,5,0,2,0,11,2.8022969680876497,1.0
482.860183909433,103882.40268205862,13738.778404125687,8,0,1,0,12,1.0260771899157632,0.0
1917.9477251434214,101015.15306696565,53645.75508203537,2,0,2,2,5,0.8826393480406562,0.0
2096.9068249352977,159234.95616995724,62004.975106944046,7,0,2,0,18,2.971158948230372,1.0
247.06662525648144,59722.2756292559,47076.267925343236,1,0,1,0,15,0.5109474433286381,1.0
1406.2410923763605,87559.61523006752,71741.67334806707,7,0,0,1,17,2.441701531132662,1.0
4780.464862969122,68109.2870469733,24328.213197436176,1,0,1,0,9,2.612968819928169,1.0
4770.481408756963,91048.69030449151,21645.141879922292,4,0,3,0,4,2.155332320758795,1.0
1794.0189185500694,69163.71980222408,69956.87036058375,4,0,4,0,14,2.9371509583618063,1.0
263.34553929420406,128498.9572847313,51155.664710341836,5,0,1,1,9,1.3334986728117149,0.0
936.5199496744987,165689.03644503368,3111.435980116948,2,1,2,1,9,0.7199090934784753,1.0
1991.4780774960236,163724.22040704332,30191.118455351043,6,0,0,1,17,1.1017273084759178,0.0
4741.509504947688,91965.16397329472,69054.91090772994,6,0,1,0,12,0.7479364016021988,1.0
748.9353645090654,198089.2690020245,5103.602396414233,8,0,2,0,7,1.717587009457768,1.0
3829.4034261576508,130955.24199998613,3250.090476136184,10,0,3,1,12,2.9120796707538825,1.0
587.9785699047258,97898.05130231011,24656.96537043499,1,0,0,0,12,1.793927350280152,0.0
4907.225008086821,172041.67747104232,73378.0028497144,4,1,3,1,6,1.3134183705544618,1.0
1939.001670590218,154078.58214924895,72413.77377319126,2,0,1,1,16,2.7657572313131635,1.0
3887.4109675503273,157376.80726009776,42944.66982671611,8,0,3,2,2,2.0334503662590544,0.0
1745.8258599151025,63343.68945475817,45599.23907775094,4,0,2,1,10,2.8249965085627173,1.0
3156.960941936103,109615.13225265437,28564.61687142354,8,0,1,2,4,2.9129360243954423,1.0
1000.4796194631818,176510.78224018245,21767.72297614136,2,0,3,1,5,2.841625728396371,1.0
772.8040455199646,115686.46129688874,65772.0827743331,4,0,1,2,5,2.2304715602710705,1.0
4693.41749086225,146186.96638157856,11184.70425847239,9,0,1,1,7,1.7545770434421766,1.0
4592.354025626945,129948.73461582497,40526.28655765495,5,0,0,0,2,1.2254246130487254,1.0
4442.971254053768,173200.65391212495,51848.588981275505,6,1,1,0,19,2.853349692862443,1.0
3145.8955783246374,78375.34275947245,10983.38235856925,10,0,0,1,18,1.8624947134284744,0.0
4050.9276455205772,127830.79724068203,43009.74635137065,9,0,2,1,7,2.988453136967718,1.0
391.7328377113058,50949.89356166668,47469.139169258124,9,1,0,0,14,2.795730005852562,1.0
1707.2057573588618,147335.83203890955,60172.19665906709,7,0,1,1,15,1.4468161304709743,0.0
1602.8304675479233,154434.53251996107,21082.375784360032,2,0,4,2,23,2.688475598132423,1.0
3196.4443436654356,37282.34460212973,25586.217753388388,7,1,3,0,20,1.836867895774918,0.0
1811.9909786796704,144884.46381675746,46853.128290743574,9,1,1,1,15,2.35655186441526,1.0
785.10856913622,100497.32620818369,78700.73356858428,2,0,3,1,20,1.7023452065421294,1.0
3002.512023297041,51096.468938645994,19746.97507714881,7,0,2,0,22,2.9734757529799487,1.0
4081.2004073119533,101384.28310873949,78914.59468850672,7,0,1,0,14,1.497190259932474,1.0
1941.5112975768673,63019.59804824889,58004.375045195055,3,0,1,2,3,0.7394856097254289,1.0
704.7301397374845,100645.12046096381,66608.31936151179,6,0,4,2,3,2.6455690618198098,1.0
1023.6065766984741,95337.6347529497,9902.37765419812,8,0,3,2,23,2.390343170288083,0.0
1225.5423605884507,155526.57827912975,26132.354432158685,10,0,3,0,12,0.8154564331526386,0.0
1534.4930853229544,161616.644888281,7445.693533125541,8,0,2,0,2,1.7620362640232736,0.0
3231.83559900623,133194.87124537292,31609.118615244493,3,0,2,2,4,2.1965785409616605,0.0
3024.680148461709,33856.76317101608,78559.303813844,6,0,2,2,8,1.524525127320145,1.0
3495.595314756844,188273.78744206898,11106.025789888063,2,0,3,1,9,2.771713191260503,1.0
1844.38482343099,146659.65761639609,46302.70424258236,2,1,3,0,3,2.857896219651309,1.0
4128.788376805893,35813.2264866021,3467.437956663549,8,0,0,1,24,2.671223339232737,1.0
1060.2339227210132,169201.59286640002,57876.57683539283,10,0,2,1,24,1.8269963750569498,0.0
2371.751700214862,64045.24630205934,18183.837312647163,5,0,2,1,3,1.6339004969759907,0.0
4014.64667163008,128467.60222708815,12978.009358606745,5,0,0,1,11,1.9625797881907712,1.0
941.7853062764652,109327.84289153182,28950.371536380648,4,0,2,1,24,1.7926376825903279,0.0
593.8224130168755,101372.59300036303,62370.410941301576,10,0,4,1,6,0.7467932935371995,1.0
4424.235640055549,181251.33242114758,11209.207645963232,4,0,5,0,1,2.470160412109019,1.0
1747.5018306580198,104351.41956564451,20697.602676499544,8,1,3,0,9,2.8526428611309456,1.0
3435.157118299708,42808.49998743563,3651.7604645328342,3,0,1,1,24,1.7265962513199593,0.0
175.47559110649547,190928.58362654195,77567.94442756259,3,0,1,0,12,0.6538791810465321,1.0
3465.7320976267756,186490.98931073668,48595.21119914252,8,0,1,2,13,1.3070894138666098,0.0
1614.7014921575042,146353.5572288718,58432.27200162186,3,0,2,1,14,0.8064859845031631,0.0
325.9172252578366,109541.72978244425,53156.504179013114,2,0,3,2,8,2.9510197214696987,1.0
3068.573169663179,45786.11040039861,14116.071032964926,5,1,4,0,24,0.842283589951994,0.0
1241.9788895622075,164427.18015817096,48810.37530253755,3,0,4,0,15,0.7014934709234711,1.0
1964.695848156806,42831.24545208492,13119.000825877183,6,0,0,0,10,1.804830662905976,0.0
448.87502081824226,41662.16743217476,33895.206955160844,7,0,1,1,23,0.6625417797173665,1.0
778.4580929199793,121355.25321469258,46810.16146624756,3,0,4,0,19,2.085104512555219,0.0
1524.9873157044267,57221.80083138884,46033.845785866004,9,0,3,0,6,2.672635805121434,1.0
494.3095277727778,31314.145447859326,12168.653800671054,10,0,2,0,16,1.1259887822975074,0.0
4558.59001019726,101929.28326928367,5651.569662782208,1,0,2,1,10,2.817889958915516,1.0
79.93286376069317,53326.92937371121,64464.04216828367,7,0,2,1,24,2.11523042956938,1.0
2445.1080833783417,57287.62059771751,58896.02764869241,4,0,2,0,13,0.9062829109792065,1.0
660.0749177561297,43074.80858500689,9300.05565148483,7,0,1,0,8,2.1110664702120348,0.0
1573.0114929158453,64865.93813301369,12810.994947719615,9,0,2,2,4,0.6819279515818175,1.0
4633.994821100414,151632.31056164618,71728.95078200076,9,0,2,0,8,1.373830510958145,1.0
850.388038706235,167517.64222702454,62222.92542487705,1,0,1,0,8,0.5399327092172114,1.0
4830.869982605746,106930.7194849811,79704.34280868391,10,0,5,0,11,1.603924295973907,1.0
1068.6821660976375,116114.14869984101,22557.03358878667,4,0,1,0,1,2.580033985948524,1.0
3720.7522369108065,35551.355881014446,40560.83014289875,7,0,2,0,11,2.243296666077134,1.0
2756.052461241693,41783.76443312387,21207.387356801388,10,0,2,1,5,0.9969597086056357,0.0
4428.169701603958,73786.51336041788,50955.61066275285,6,0,2,2,23,0.9567106809632865,1.0
2792.266614740498,122462.73152123508,11886.896410031484,9,1,1,0,15,2.2604803532327886,1.0
2696.068134823728,155723.6952849488,12797.724301213548,7,0,2,1,24,2.1655412226572266,0.0
1017.5171018235794,132850.5204274656,8535.367638194442,3,0,0,2,9,0.8555856188634896,0.0
872.8353421557107,96661.735347754,56406.12833434086,7,0,1,0,11,2.180224417895638,0.0
4586.621298021795,50115.09241053349,41043.58846235692,10,1,1,0,11,2.45187103091419,1.0
1672.7990843076686,162731.44993082221,50565.30365930651,5,0,1,0,15,2.415768082653399,0.0
1891.807162066335,91843.6287718397,70706.18058738064,2,0,4,2,12,1.513998235209752,1.0
3811.1271092205225,155129.18246207424,60005.29332616262,10,0,2,0,14,2.5353583055956688,1.0
1727.1762379928964,117206.40312543811,38552.66469883521,3,0,1,0,6,1.4745308046171675,0.0
4762.709110863064,155572.5491055103,78795.41110635543,6,0,4,1,16,2.1142820111250744,1.0
3702.7424565440615,184239.22544693723,38131.719787931936,6,0,1,1,13,2.400787536126193,1.0
3007.2747507384292,186575.01772914635,11658.701838982055,7,0,1,0,5,2.3886938155506927,0.0
4410.431044696525,120968.15260010258,79434.41553845913,6,0,1,1,24,1.3674107266510047,1.0
295.5492463299396,116956.4220101586,4757.196211143242,9,0,3,1,22,1.9270348897196963,0.0
1322.4603263365832,75165.33913548233,45341.034080556914,5,0,2,1,18,2.0348555199959515,0.0
2351.9298543935042,189085.97135997954,26800.352629877612,5,0,0,0,9,1.0871206325589782,0.0
1173.5437703840291,107846.25842393555,41773.51562830783,8,0,0,1,12,0.5204932561865651,1.0
3732.3306771456523,51690.510678854116,46020.89734977816,8,0,2,0,9,0.7482108321830148,1.0
4600.07975371594,103559.83548651349,21487.384013443545,1,0,2,2,17,0.5864572905021338,1.0
2147.6620936580707,51599.052540460674,45878.12419176916,3,0,3,0,21,1.2466187715187542,1.0
1743.55637055388,115430.38632370275,61216.70562442639,6,0,2,0,14,1.31486195233618,0.0
4809.676124080953,125416.83752555607,23521.257467787873,6,0,2,0,13,2.6649782771938524,1.0
2252.019542496327,87418.4794539095,32523.812265170844,1,0,3,2,5,0.8123235193583094,0.0
2470.789582223952,42180.60441935239,23654.68737363246,2,0,2,1,10,0.9627275350922075,0.0
1790.6668680924315,190395.60105765064,66183.09928609159,10,0,1,0,22,2.0500671881909667,0.0
4552.264941410085,161470.02929218303,58823.63395913895,7,0,1,2,9,1.6728781488591005,1.0
2866.3296422451613,172609.78368587056,70082.12566581737,1,0,2,2,13,2.983146221003245,1.0
3822.764206549141,92367.627028659,16093.841753427765,10,1,3,0,7,2.404903641244443,1.0
4068.4432558368876,159341.27510330657,8665.632138300869,5,0,1,1,14,1.1758502740973666,1.0
1742.152757490428,112513.39217876302,12192.529797117848,1,0,2,2,4,2.303842181202989,0.0
2196.7869400358813,64184.19302902781,15398.411627466201,6,0,1,0,22,1.0708455576390055,0.0
4249.93528331101,51151.97407422626,44047.364871959784,7,0,1,0,8,2.203955341888324,1.0
1848.1139907952606,88658.64778474966,77760.22941793289,8,1,1,1,5,0.5913086506613492,1.0
3979.978910586664,53383.85895077375,30507.127079492217,3,0,1,1,13,0.9989930424859133,0.0
4707.9119967434635,199705.72595469168,76805.1367407358,3,0,2,0,20,0.7565779363240256,1.0
3134.8913466866347,38362.12833944375,5941.4612141668385,1,0,1,0,23,1.5723684431086973,0.0
3721.0550728868498,104994.41189274301,74369.15961672869,3,0,2,1,19,1.8834667858019278,1.0
4035.2316946036176,106855.89880636531,16948.75076248278,5,0,0,0,20,1.148575988296603,1.0
4232.94626203838,81107.42785888484,73260.57390038986,6,0,2,2,15,2.946272334494352,1.0
2005.51402239114,127129.76617018071,7329.51211889051,3,1,0,0,7,1.526455184223659,0.0
303.75412292119097,55496.0941057626,76012.8974571175,4,0,1,1,21,1.904429290974626,1.0
2039.2875426218607,163265.1046998297,18461.466352552285,5,0,2,1,17,1.6588146758301314,0.0
3385.0933374312444,86516.1121020985,26308.982625633373,5,0,2,0,6,2.6579309307437167,1.0
2279.234409614924,130528.2402657691,40802.56049592778,9,0,3,0,14,1.4267858174628079,0.0
3757.367596758973,151658.67013138309,32315.50785513159,8,1,0,0,14,2.857726280996837,1.0
1817.0630258698861,181137.1600073274,54399.65363326255,1,0,2,1,10,2.5124135242583336,1.0
3191.9834984649465,172083.86419687403,78060.19807825595,2,0,1,0,14,0.6891360576285117,1.0
972.7780340271742,133412.53477760515,49694.839791980434,5,0,2,0,19,2.7082155672755195,1.0
3759.378711392537,96026.84066526078,58554.376526614295,3,0,1,0,20,0.9539324121972715,0.0
2751.195045624478,115544.79391274387,9776.404273539016,7,0,3,0,11,0.6488747836161217,1.0
1060.118723305673,160684.91487439643,51341.55703839041,6,0,2,1,10,1.0541266028480165,0.0
1494.960308814146,179182.7422351104,37946.43283257382,2,0,3,0,15,0.7130062533646931,1.0
3755.61310748007,47642.92779003421,71205.24155981139,8,0,5,0,2,2.0554980335823347,1.0
2438.8761165245273,95425.5646238191,32892.25467251885,5,1,4,0,19,1.618734723938096,0.0
1119.3556299457075,161939.8217302951,55317.96909184377,6,0,2,1,12,1.6870829948794164,0.0
4837.992392332973,103380.79964097336,20567.83707594909,8,0,4,0,21,2.0414857106194595,1.0
3589.8688480935953,86478.71989126825,22971.68508136309,6,0,1,0,22,1.7459602856002432,0.0
4787.817421071991,99924.85845995584,31961.427181015068,10,0,0,1,18,2.97900329502655,1.0
2164.169974533699,132483.60695367964,26412.89238800071,3,0,2,2,14,2.059317288044788,0.0
2401.7466864240164,199966.87450274624,22548.670633035763,7,0,5,0,2,1.965532343663138,1.0
4494.878320115845,113808.7129477704,6824.490354362316,4,0,3,0,12,1.5360155206951367,1.0
2648.9942342146537,65444.06074222429,67429.46754493934,6,0,1,1,22,1.6159753106683181,1.0
3551.0306139330523,57683.917797446105,7951.217878628892,6,0,2,2,1,2.9737376930724158,1.0
1298.2557436028733,37199.45707099043,71327.14470142851,5,0,0,0,18,0.5137269247533661,1.0
2261.296020078071,124998.92993611465,12660.83495824064,1,0,2,1,12,0.8886371201032177,0.0
661.0768357612578,122577.25555310182,8025.153753824746,8,0,1,0,12,1.357594214878998,0.0
1069.6011775909603,64889.767552652556,46351.36682651367,10,0,0,0,4,2.7610317737808225,1.0
54.66990557477388,148205.9990969364,41688.01802825357,2,0,1,1,17,2.84482438386921,1.0
244.36200566086814,155988.19707704574,40825.061800055155,4,1,3,0,21,0.6440095749824475,1.0
4887.5549247258,74046.6949149589,47236.83321760763,3,0,2,0,16,0.8540593873209774,1.0
1249.6507909269735,88496.9598850552,25103.358671174992,6,0,0,0,19,2.7055703729473013,1.0
3333.38801204481,198380.18429903363,54047.09405408006,1,0,2,2,1,1.1807125967556646,0.0
4203.543509058077,93624.95953462481,41684.97091745311,9,0,3,2,20,1.5027476676141598,1.0
2775.769273220993,159336.2841985373,28775.246955714047,5,0,5,0,17,0.5114785958119512,1.0
808.0652754155832,106963.3225270898,66640.55135751606,5,0,4,1,2,1.7286449364362433,0.0
3654.1763648140236,164868.6207363659,59034.52441715668,4,0,0,0,11,2.6632567904864954,1.0
3021.2444799929362,160733.95059305016,33307.99632973589,4,0,1,1,7,1.4114863932264483,0.0
3669.6904172695067,143518.52428375106,68266.5694626232,1,0,1,2,1,2.7022971879085174,1.0
3860.2457831425813,175312.31887024848,73859.88525860662,9,0,2,0,6,1.3673112823131959,1.0
4878.2813200394885,189667.14412920648,44338.70256549591,9,0,2,0,20,2.1454184349387884,1.0
2889.1382361322144,128597.16447685426,19551.3386620829,4,0,1,1,6,1.2340823444999178,0.0
1741.123507818479,70369.71422786677,73515.99605411799,10,0,4,1,5,1.7868386883283123,1.0
3259.8995566561734,97766.92347949275,17589.930747354825,10,0,3,0,11,2.5707797296623105,1.0
388.78151075099936,158911.97129725985,6728.588434129724,4,0,2,1,22,2.6210162484620327,1.0
4492.1167256918525,140650.19247105782,28216.499683231075,7,0,2,2,5,0.6913185251166671,1.0
640.9360061240741,60225.717556092284,58976.40852350007,4,0,2,0,2,2.82324473639441,1.0
1672.8220475348003,38710.7219948922,74092.10464922331,1,0,2,0,10,1.8045592348224653,1.0
4087.9396340992985,146103.47090215102,52070.994804711874,9,0,4,1,14,1.0480236752748822,1.0
3006.6962727370237,72683.43408498871,76291.56811643283,2,0,1,1,20,2.578305560780947,1.0
1998.4958253733382,114943.94143393908,10112.55462424404,5,0,2,0,23,2.0880526058372464,0.0
2393.506513906356,156946.95132714103,7678.037178277545,4,0,1,0,20,1.7700039247846524,0.0
4280.009596350793,125653.35271157663,49522.780207262134,8,0,2,0,21,2.5292579881275863,1.0
1733.021710996466,44161.43912900539,77390.95683194212,6,0,2,0,18,1.0096322704722953,1.0
4354.765939820248,61548.640253204416,41709.54078951375,7,0,0,1,13,1.9529032533756945,1.0
486.26543333462286,67285.79128525624,6966.672397326495,2,0,1,0,3,2.9045242559196627,1.0
3895.1522641827223,73836.92311962362,20033.836517964126,4,0,0,1,21,2.092731760156534,0.0
4245.360783620945,126118.57663158572,21849.05379401434,4,0,1,0,4,1.9970165897087073,1.0
949.9973815448268,115674.18257031689,29014.99894354515,2,0,2,2,19,0.573640629015199,1.0
2180.215335242392,64537.20652191552,6357.460536138373,10,0,5,1,18,0.9566236627291884,0.0
869.2238845850953,41484.3233874668,72676.73793833955,4,0,1,0,12,2.030361246417166,1.0
3547.690438521378,59143.47476070207,42698.42374355513,9,0,1,1,18,2.2566598011134302,1.0
2699.971451905201,197344.82314516255,54661.671057466396,8,1,2,0,14,2.7495694589997135,1.0
3194.850566206189,109652.98146455029,8172.308440915691,1,1,1,1,4,2.6783378174948598,1.0
1022.6104864332452,177448.73579935913,7166.891020881004,8,0,0,2,10,1.3996269968927615,0.0
1098.1420171594766,174287.91933370335,48158.01844712214,9,1,2,1,9,2.2246621611363318,1.0
255.41176127403654,116958.32476868853,71321.79280882402,8,0,4,1,21,1.6597944630519548,0.0
1644.2342992188621,150136.9104382924,43693.11407388512,10,0,4,0,23,1.6925901713654912,0.0
2820.736073601691,62767.84177016109,70592.0762878955,1,0,1,1,20,2.8633659338277075,1.0
4296.777824286777,147027.4398375744,65446.32802525343,8,0,1,0,16,2.331969997114017,1.0
3351.2908649204696,76305.37847475921,8840.741506208898,5,0,2,2,11,2.92037856054154,1.0
2205.2118008287694,171450.55644820564,18550.725527698123,9,0,1,0,20,2.4371883781798216,1.0
4767.9445662509825,44233.10262851469,53643.72152496137,9,1,3,0,1,2.3140735932579153,1.0
3610.2637428503676,161433.57439049718,37149.6064563532,6,0,2,2,10,1.5689597713440702,0.0
4654.317754169622,46989.27411666532,25383.88565081288,3,0,0,0,10,0.7661824125970386,1.0
2661.5604676972202,179802.17027203253,35234.80691569439,7,0,1,0,24,2.0759058708406037,0.0
1331.576160226041,81714.76808295063,37280.372762838844,3,0,4,1,9,1.6708780900037388,0.0
311.4920975053738,141246.8720211977,73112.52331326294,7,0,2,2,1,1.9764071888177763,0.0
3644.12001484506,112875.38736544758,10966.287845281382,8,0,3,1,2,1.2058707890117988,0.0
650.4498401273939,92271.53469459762,24539.267504186355,5,1,2,0,15,0.9900352350924819,0.0
1548.7368849462375,139725.11164119438,44392.49087686897,5,1,2,1,8,1.162857280852862,0.0
2685.730994025292,191078.90669371045,56768.09335055556,4,0,1,0,24,2.1439127661650614,0.0
2843.862109509751,37015.857053685715,51559.07124986176,3,0,3,2,15,2.882458042126285,1.0
3022.8868250863234,186204.98550012772,75506.49080577938,8,0,3,1,17,2.979818757050292,1.0
872.9638852310181,133543.8813535723,64261.887211099434,6,0,0,1,10,2.5216368787307197,1.0
1929.7001538671614,167243.4311307389,45894.91683203114,6,0,1,1,5,2.893897713787621,1.0
3105.111424228985,95258.74208382718,19530.56725886008,2,0,2,1,22,1.209577499681913,0.0
4850.603379937234,110213.30572239433,37717.31581797246,4,0,2,1,5,0.5088623051154049,1.0
3651.774131613459,177704.62780619788,56390.432802974756,5,0,2,0,22,0.9851413361508996,0.0
4616.888597615091,100524.15486766992,67523.08746237855,10,0,2,0,23,2.0861301404472448,1.0
3822.9496886551765,120892.12634734444,76899.68928052383,5,0,3,0,11,2.748295457483302,1.0
2978.998996017382,33433.13692433659,49619.86299261966,3,0,2,0,10,2.787309699254538,1.0
1000.5156772249055,56961.660992467194,43572.7912824413,10,0,2,0,22,2.57662819656437,1.0
3350.0939768679395,139086.70635571596,4362.27808032842,5,0,0,0,3,2.4058948839171257,0.0
3135.72885150154,151886.0731808591,8551.628324563855,5,0,1,2,22,1.2604780327261533,0.0
3032.222393763469,129042.15925336491,15020.08481807982,2,0,2,0,9,0.7193527971846776,1.0
2474.4400465417916,54362.706166853815,7216.514701601362,5,0,3,2,22,1.812997359853498,0.0
2666.850189746914,105718.92285823192,33866.469387979334,3,0,3,2,22,1.338159402020655,0.0
1705.490509234615,90366.11028174227,28939.64797569316,3,0,3,1,5,0.8204250181141161,0.0
2620.597828579401,114262.42848596502,52076.27015586625,5,0,2,0,1,1.6457178315230954,0.0
1027.9017331084674,177955.93587419603,44246.21331087201,9,0,1,0,5,1.8139478831054117,0.0
4035.613266933865,161896.44457197082,48889.7484728652,2,0,2,2,11,2.435641518342429,1.0
969.5959257586037,44278.21523615702,39342.24462619937,9,0,0,2,1,2.520303382997658,1.0
470.58313495285876,181352.56362167594,24385.7604386778,3,0,2,2,16,1.671297562816134,0.0
2209.417830467929,110200.41569547002,76367.54925087873,7,0,0,2,8,2.8018398222467717,1.0
3308.621825555006,156456.56463061972,9653.5053015307,1,0,1,0,16,2.471655467513395,0.0
2216.69828342103,53806.66931493986,75294.60695882865,1,1,2,1,1,1.5812169559130138,1.0
1419.9329531589776,144022.31937019818,26965.32960858457,8,0,0,1,8,1.375626761509424,0.0
2812.947360257682,70175.42299360785,42474.9312932819,9,0,2,0,4,1.2947048090722535,0.0
1767.6615602903896,104524.75251395836,11380.858857721052,3,0,2,0,19,1.6592871878027293,0.0
4667.695066126834,32866.68791395775,8461.692264567713,6,1,3,0,4,1.3257628860142443,1.0
4617.093441037682,55773.80844818092,36074.999551332425,3,0,0,0,18,1.672068890503929,1.0
2536.7405088618725,45653.68383101536,60110.697981235215,6,0,0,0,19,1.9431606263631303,1.0
1673.0257703903796,70756.50939950394,23741.08787123827,7,0,3,0,4,0.9150453239612304,0.0
3698.8054490853633,47003.075304134785,46300.78744801965,5,0,1,1,9,2.4947347764112484,1.0
231.72907024117987,147624.7045253255,24456.07622025701,3,0,4,1,2,0.7815452666449383,1.0
2400.1065799160738,34936.78337556729,32923.205688764145,8,0,1,0,3,1.5108602721330808,1.0
1714.800801638151,135015.88510624965,72796.3665224845,5,0,2,1,13,0.9130504979240193,1.0
4606.652631257646,53920.33124034762,68899.6511631088,1,0,1,2,20,1.2598213188022975,1.0
109.4149849997786,190677.44772024246,42733.350843157496,9,0,2,0,19,1.6457171841298042,0.0
2786.4336348058278,188625.99242867524,21334.133315350064,3,0,4,0,19,2.3718821730124517,0.0
3716.2847262797986,68335.52742856366,17875.161280442757,2,0,2,0,9,2.0677174307427983,0.0
2450.8390382440043,134451.62069791503,76464.72618375,3,0,2,1,5,1.4018132462204955,0.0
472.7449993054722,34760.904310317936,18609.177931322938,7,1,1,1,15,1.9773631655173094,0.0
4863.683880638116,188404.0523186996,65228.959940265515,10,0,4,0,9,1.2408060693974177,1.0
2614.151635311685,118907.84239259065,31410.70613423637,8,1,2,0,6,2.5961943840148822,1.0
3090.2219093791064,37347.93574102243,78895.80826198435,2,0,1,0,10,1.7079416204899516,1.0
1221.2184244021612,88224.99881138335,31347.992007934667,7,0,0,2,24,2.291895657867837,0.0
2443.3155212786787,43064.408516409814,30066.78011812591,5,0,0,0,1,1.2798830965109613,0.0
2174.289985193693,96800.55469347117,52084.699423576974,9,0,0,1,13,2.1933535063098772,0.0
420.7344179098195,143887.4781674249,77036.79411026508,7,0,4,0,24,2.8169264203306037,1.0
575.4937500599627,109881.28436704473,78168.13964632533,1,0,1,0,17,0.769413917200309,1.0
4195.488972112934,95232.76970230727,57454.873277957864,1,0,1,0,14,1.976502179637912,1.0
1237.1087634226217,50256.69774187902,61104.69015399923,6,0,2,1,3,1.7523259755193044,1.0
1015.0434439182212,71639.63776792158,46381.96754992313,9,0,2,0,13,1.8524489183055122,0.0
2549.3116836881895,47024.3589155197,61194.73191318956,1,1,1,0,8,0.9865039469759308,1.0
3855.298300244439,167274.78438163231,69203.03343272823,3,1,0,1,23,0.5677492379478892,1.0
356.6352669659902,52990.77075740283,40429.33834601679,5,0,1,0,1,0.678176193100781,1.0
2905.1992022093664,131213.47231331188,50729.394237917935,4,0,2,1,23,1.210456011478696,0.0
640.0916920608381,88265.8703101038,44373.385532944674,1,0,1,2,2,2.635984251936,1.0
230.48220158681136,68416.3253913812,46310.23724170815,10,0,4,0,2,2.517151395768808,1.0
311.0825632029761,138709.63471365764,71533.68906029344,4,0,2,0,9,2.9885495267884825,1.0
4179.112335631785,107690.39259407991,30382.495925828905,4,0,2,1,1,2.351333200895086,1.0
633.9637939589047,98024.72943837506,19030.169971248062,10,0,4,1,11,1.3780551274758248,0.0
273.49925384084514,130784.84083167766,38133.56849106944,4,0,2,2,7,2.7956366769271317,1.0
2217.604441357416,113515.49684330012,19022.559667057416,3,0,2,1,21,2.476672895174131,0.0
4227.767686113023,81592.31545376533,41376.832775975476,7,0,1,0,6,2.2473667273340894,1.0
1348.9214636220445,125040.41892009278,72570.12411249352,1,0,3,1,17,1.8403772802015912,0.0
2137.477456753286,143814.75801361806,50542.38107715079,2,0,1,0,6,2.2925795000335687,0.0
247.61653619056855,34537.83695976523,68868.32970433698,1,0,2,0,16,2.8969263603282567,1.0
2272.9386449676354,109198.19391430481,15796.700810394408,4,0,2,1,1,2.6556993082465374,1.0
2909.184749153812,39806.15837920244,72367.26662536261,5,1,2,1,4,0.9861573032510652,1.0
2875.9899160731165,61688.92039157888,49337.61165934792,10,0,3,1,18,0.7440646781981753,1.0
1695.5121262631076,125286.48479325543,5445.503733016944,5,0,2,1,2,0.5414409275674452,1.0
1611.8892442825208,177252.11559514873,51750.15955694784,2,0,1,0,1,2.282045364185059,0.0
577.7869137361596,180076.96546204243,76257.56563209069,3,0,2,0,7,1.1972773262991754,0.0
1865.6516871990284,41890.48172356732,9095.85903660288,4,0,4,0,16,2.2955470373030824,0.0
542.498610921175,101247.86466874012,47849.122046157056,10,0,2,1,13,0.9603801034530125,0.0
3844.6499263246556,129111.10211077372,73491.85242096803,6,1,1,0,18,1.5918283007771101,0.0
4833.05777385352,55001.88377355838,3746.5279617468414,6,0,5,0,7,0.534005606366565,1.0
4851.868560500199,160123.4768466112,51580.29533786839,2,0,1,0,18,0.7716172321707133,1.0
4332.1019419081995,156519.9939343306,39567.476470984126,2,0,5,1,7,0.7035781720421365,1.0
3023.9211392311145,183567.97233015508,29718.177535943018,9,0,1,0,4,2.4764754301977154,0.0
3519.2852013572056,31442.622054185314,51320.30972579395,2,0,5,0,17,2.7609961345561054,1.0
1461.7687232680496,66836.32147813044,7058.0612832311035,2,1,0,0,19,0.9363223689567621,0.0
3172.313579854472,170621.7414217047,60985.85456412981,3,0,3,1,5,1.8112647660848054,0.0
2305.465269727393,143998.608640579,3344.919722817487,9,0,3,1,7,0.875515397926419,0.0
2435.985831895816,182046.27512874344,26634.052272011122,6,1,2,0,23,2.4481314950934503,0.0
3800.993973857032,39720.54127014531,41804.81510172024,6,0,3,1,6,2.551896148562555,1.0
1445.4958602063957,131483.87417179527,32030.71329362448,10,0,2,0,5,2.462908976058194,0.0
1624.2960778878735,126737.91773192461,26675.64701082985,5,0,0,1,13,1.1287432218366278,0.0
4626.976866086751,36064.650781290504,66974.3062010434,7,0,1,1,12,1.3439352994393643,1.0
328.3102595123126,117298.7530751222,74982.10821893699,4,0,2,0,5,1.0214179761597055,0.0
2453.8897771460347,133618.4529226871,70275.87673775342,10,0,2,0,4,0.5082793052869437,1.0
4568.363962018915,62519.83961435823,43227.21110484997,10,0,1,1,8,0.6615275693715925,1.0
3071.296888699877,76466.0291311927,71080.64148989819,3,0,1,0,15,2.9657990644983796,1.0
2754.7150173500536,138859.0488706153,73906.34051897886,7,0,2,2,23,2.7830566735987508,1.0
1286.2336871853083,109611.16109199292,34511.35657265458,10,1,3,1,11,0.6986259349696168,1.0
1749.2136708690189,175862.32178661556,24825.331181919297,1,0,4,1,5,1.6531819478402952,0.0
4267.63965823323,88204.90022156201,10566.420847625664,6,0,0,1,11,2.9364283028721982,1.0
2818.129752253868,75332.14192599419,39890.07792079064,2,0,4,0,10,0.6361928386214759,1.0
2597.9738590960606,197427.20985862328,75864.86287375998,2,0,4,2,2,2.1718853740246775,0.0
542.9195820231432,184893.08092211417,46189.87966141857,8,0,0,2,20,0.7662290658558869,1.0
129.33937445285943,34928.766649826575,54402.281837535214,3,0,2,1,22,1.369896707841048,1.0
4820.241684000893,161023.8646021162,11692.054023872264,9,0,2,1,8,0.617690014728308,1.0
1916.0815280698662,48756.9115502845,14051.014138953731,4,0,2,1,21,1.9959652607379281,0.0
3035.904657392546,34672.48312099306,38764.44117089479,6,0,2,1,20,2.25615991599101,1.0
444.5896122770607,76528.23771427931,76247.38952174688,1,0,2,0,22,0.6036110364122809,1.0
3431.4157143290804,75788.79944038772,30780.417402547726,10,0,1,0,4,1.76035850641267,1.0
4666.205208094507,169284.189598984,70566.27118145008,10,0,0,1,22,1.247551369445885,1.0
2899.5430023372273,150813.431810282,12262.221693779788,3,0,1,1,16,2.2730951694864165,0.0
674.2708457582823,196873.60264644242,50510.324933895674,4,0,3,1,14,1.7756585266603029,0.0
2929.52156099371,150957.19305300913,49247.1992221099,5,0,1,0,3,0.5419989563569712,1.0
3843.418704868029,101103.44405352815,69210.35575541067,1,0,3,2,8,1.1637201269784454,0.0
2061.761856041392,148817.70236068685,3255.386239177416,4,0,2,0,4,1.7186632634931032,0.0
4405.196852310266,199908.04142168837,17624.738374213055,5,0,2,1,7,0.7408305364497973,1.0
3260.980619118954,150724.12003562978,19915.947158070092,4,1,4,0,24,2.7140025351603123,1.0
4501.2821455315525,159485.83051665412,76147.38878298677,10,0,1,0,9,2.741416732945435,1.0
3136.351290674319,189522.0525823441,14834.41153278191,10,0,1,1,2,0.7814978764343395,1.0
699.8754614238799,49320.71442298617,5846.100966983149,7,0,5,1,3,2.708256241774844,1.0
1582.973969970686,149813.32988611358,44153.535095119216,8,0,2,2,9,1.931343848529,0.0
1048.884993849662,174637.01285446633,43699.00160739349,8,0,1,0,23,2.6640823269789298,1.0
4548.691163698469,192244.36203755182,67991.61633332554,3,0,1,2,7,2.0694432925397823,1.0
3813.980333073039,65864.77925098888,76062.19306369076,5,0,4,1,20,2.792287840914823,1.0
3398.17192610453,115667.93131312152,44467.999044790085,10,1,2,0,15,1.6495807409892747,1.0
1539.7832821765273,145694.3240995619,74609.55204631347,8,0,1,1,17,2.995444736378155,1.0
961.0216216485569,72069.51401522737,58837.254650086885,7,1,4,0,12,2.643819148586141,1.0
3794.4328855451135,132080.3867525466,23371.052855660044,9,0,2,2,24,2.0733795096363226,0.0
2397.0818321014444,73788.39302465989,74488.39474268233,10,0,5,0,4,1.4800188591834444,1.0
1167.6582831456142,86687.69349038004,54393.12456600436,7,0,1,1,17,2.0393661203838267,0.0
3102.278791918112,105058.17840684706,34885.3868211828,2,0,2,0,9,2.322410976027475,0.0
249.65256808533726,119962.31678691639,55378.64050780366,4,0,1,0,21,1.3567004301769359,0.0
1664.542757934855,106392.1981762756,33901.08773626882,8,0,2,0,6,1.8523624467869322,0.0
2369.3571232261165,113843.23836394797,11792.150135072863,9,0,1,0,18,2.725507370389604,1.0
782.3937538415589,80760.08856900975,58361.36353262128,7,1,1,0,21,2.8808550410526106,1.0
4924.039664074656,57024.065983847206,66454.74613714727,5,0,1,0,17,2.045375063453732,1.0
1085.0319547185907,38049.496145562705,59118.07732449285,1,0,1,0,3,0.875032308396212,1.0
695.2479937141644,63316.38282358351,20641.829417264093,9,0,5,0,17,2.4181968058129337,1.0
1057.4976257401372,128930.41905598312,76660.8960377762,6,1,0,1,17,1.1191297767077695,0.0
3856.852609140635,163639.6261265325,4944.601250219006,2,1,2,2,22,0.6623947414765553,1.0
2156.253013395622,58772.09156529207,28616.767897924325,10,0,2,1,13,1.4273918109243766,0.0
2848.808901775063,48454.41082135024,23027.117459186953,10,0,2,0,24,1.1719850888585122,0.0
153.9953270824857,157379.36129337252,6705.719526343524,2,0,3,2,15,1.7869577157974952,0.0
220.43497743790707,81876.91619133925,34241.18636012747,10,1,3,2,21,0.5058490768196734,1.0
2256.83647164373,191754.90466864992,50979.84269253364,1,0,5,0,12,2.199143424591928,1.0
4092.4434538480364,151434.0550037634,70956.5704883528,4,0,3,1,14,1.6042007163408631,1.0
4431.932449602448,85548.52803131525,79206.1081467432,10,0,3,1,15,1.1486641674599636,1.0
479.19750959841906,79222.26712492984,65222.89815313865,2,0,2,1,14,1.1780066407771899,1.0
2714.8973554000627,119028.72566612254,39088.39994088751,10,0,2,1,4,0.6057744879730724,1.0
4570.486947082389,43454.5936072956,58725.24079946136,9,0,2,0,16,1.0565322005707714,1.0
1970.4651342695374,50005.00714970083,67959.03172140234,2,1,1,0,8,0.7963307929846739,1.0
4156.3508655704245,59895.83982375273,38828.65412423846,9,0,1,1,22,1.5913284877129663,1.0
711.7934892772092,161703.01086177523,63449.19141996349,1,0,1,0,11,1.7356302072141285,0.0
4680.202723855604,117355.75107575081,40164.23621009151,7,0,1,0,21,2.5587629192332484,1.0
3769.545421779948,31796.4108716553,32760.19129750765,6,0,2,1,5,1.914326812905223,1.0
4709.605244295163,144497.80967025855,43508.99450934961,6,0,1,1,3,1.9683266570976128,1.0
3399.255306084907,102027.3303722845,55040.81479729016,2,1,2,0,20,0.7431872663006032,1.0
1848.8494633971636,116844.90204384565,58969.918336532,1,0,4,1,10,1.3765575202969609,0.0
4693.996803997376,66399.76138019905,30468.692704692305,10,1,2,0,5,2.4912857107047364,1.0
1414.0555427304334,123802.97882699761,46991.65936981468,8,0,1,1,9,1.960627849106849,0.0
1694.253984205576,196456.05075775305,73060.05730419443,8,0,1,1,3,1.4382985816227847,0.0
3519.0016691086144,42485.59747097945,78176.09330851927,2,0,4,1,5,1.5775876778816418,1.0
3838.315682650662,78265.95794295322,20498.103021164497,4,0,4,0,16,0.789731632955823,1.0
4650.547245053312,71309.59078634105,17847.999759927294,4,0,4,0,13,0.5655944549501913,1.0
1063.771924828237,72253.38282770052,55104.793774005935,2,0,1,0,11,0.8605712906726668,1.0
4000.0902743351585,94380.08078611414,34930.65920840518,9,0,1,1,17,1.2417711476136462,1.0
3705.802964314969,169078.66340650848,4865.120058196551,4,0,5,0,21,1.2079255430402238,1.0
365.78305345530947,185185.97729394585,29708.36403984088,4,0,1,1,4,2.2578653514238565,0.0
1966.7545489905244,64376.56486802547,65119.34524736341,4,1,1,0,17,0.9011330570221996,1.0
1449.689012447488,122301.48945117916,64401.87363950506,5,0,1,1,1,2.3979328552916086,0.0
1557.2276005524504,138272.82526813165,41090.75645887681,10,1,5,0,23,2.272703256831959,1.0
4915.587053795769,118710.67064185363,39388.500986340216,8,0,2,1,6,0.8785820226873965,1.0
3231.748196725643,103792.98701347633,47622.07306744706,4,0,4,1,1,2.1516640511006755,0.0
3602.496981077823,62635.83599607043,19893.546713395353,3,0,1,0,20,1.31971048130471,0.0
4884.257304709296,112997.29106387055,43505.35911660357,1,0,3,0,7,0.7658131223779745,1.0
1917.1488231653116,98206.5207109259,3850.5697243619256,2,0,0,0,11,2.0573642775662013,0.0
4019.1088338413892,165245.77162538585,39618.0857183013,4,1,1,1,22,2.4825938508121808,1.0
2200.928268357252,159812.74105770918,28875.930561295627,9,0,2,2,10,2.906123862253012,1.0
4354.1916754841495,52779.775804964025,54964.95965458179,1,0,2,1,18,1.875459513776063,1.0
944.2548294909508,45048.238935721485,52153.22597975232,6,1,2,2,10,1.9161233793991612,1.0
4741.046576468184,184386.1703486755,32324.362774076293,6,0,5,2,19,1.6580164349981237,1.0
1132.9199566338543,121036.42612396461,3560.0195738515504,10,0,0,0,2,1.2714819813998888,0.0
1664.7915095556111,175826.15933804042,22425.069463411954,3,0,1,1,1,0.8577540446682361,0.0
3793.1515588285633,39885.690496288196,51767.7844645655,10,0,2,0,14,1.250470557272323,1.0
1999.0879507487632,119507.65480867715,8572.74741234785,9,0,4,2,12,1.3348845295470684,0.0
3060.646314993911,121702.50747796019,11288.466481176716,10,0,3,1,15,2.3406646023635123,0.0
2250.638830293671,176319.3455321655,52821.69689166571,3,0,2,1,19,0.8217936808132588,0.0
3724.73118859442,46593.69969905028,61194.08987309551,1,0,3,0,22,0.9669265377121177,1.0
1180.2396992246238,70875.74582490459,27759.327516978832,2,0,1,1,17,2.930290122925087,1.0
339.3670368225412,99111.51336079223,40704.82604477526,4,0,0,1,18,0.677244783066563,1.0
1534.6505174916779,177193.05082139018,75819.77510374172,4,1,2,0,9,2.823322576291008,1.0
2397.8278910987297,189610.1635619964,75806.85428754965,2,0,3,0,1,0.8658941558082329,0.0
881.699258353759,198763.18533091675,26677.713633684118,10,0,2,1,1,1.841509199106235,0.0
1806.246583799124,193062.89269794867,65369.06637631595,6,1,2,0,9,1.4905573327786057,0.0
2029.9159405531643,31010.09849354025,48733.692066128126,6,0,2,0,19,1.5003538805420034,1.0
334.08962625695403,38110.418047158244,78112.30598797926,3,1,2,1,6,2.254257270783085,1.0
2937.3708785118124,55093.15925679007,39776.24486775443,1,0,4,0,19,2.1398681738577565,1.0
4427.499968457873,89306.55645094643,62652.42883719824,10,0,2,0,18,2.857602465777859,1.0
801.1274191176095,171086.06526778298,62146.55898034507,9,0,0,2,3,2.2958760278750376,0.0
3009.149666337494,181751.55320703168,41302.33080774686,4,0,3,0,4,2.0175839873318933,0.0
3340.459064308689,61761.849070079115,64263.5188008927,9,0,2,0,11,0.9396890615782532,1.0
2125.7066680754774,135342.90577535046,23100.10566463873,5,0,3,0,17,1.6915906110330714,0.0
3520.4330574531364,185951.537461097,12413.483794347623,7,0,4,0,3,1.742924604264088,0.0
2083.1211402805093,108834.39510832453,35737.60833845935,3,0,1,0,23,2.0971740825278324,0.0
2547.954575488303,47602.40723197327,75659.56056078602,3,0,2,0,2,1.4151379432726248,1.0
86.39757054441355,107828.32051438624,41557.334831594715,8,0,2,0,23,0.8634521534674109,0.0
3474.0145649667097,93885.13338896973,51914.953675813376,1,0,1,1,4,2.696183812784363,1.0
3323.646260776386,128201.85933122119,51060.5091049064,8,0,3,1,23,0.5810399543073062,1.0
240.08434276540558,104571.97634920762,13208.110779753844,8,0,2,0,11,0.8373771325065189,0.0
1872.8380316059088,32948.80756513205,33052.85994304519,3,0,3,1,3,1.6403867576983173,1.0
4896.207611918753,198979.6146803241,57434.30091498436,1,1,3,2,23,2.7219988331299128,1.0
2132.645984714653,122401.84041419705,77843.23759071593,9,1,1,1,7,0.7563300528533297,1.0
2534.6297554026164,110517.22843238362,15937.365848871013,4,0,3,0,19,2.3441249125344155,0.0
4554.154282890607,192284.95315568917,34604.025556111956,7,1,3,0,6,1.2163005773377957,1.0
3600.446285535494,56496.262489803106,10322.22258481016,9,1,3,1,16,0.6898165994382175,1.0
2931.247149064907,62170.3924326922,21662.987392992713,3,0,2,0,23,2.7374122567023544,1.0
3999.133172638309,167362.50734067318,32010.46943611357,5,0,2,0,21,2.9309853192270667,1.0
4328.613018957068,74341.28360425148,44629.530092330984,10,0,0,2,11,0.8296115418095924,1.0
2311.5959550994708,165868.6080695596,20753.649932409233,3,0,4,1,1,2.7401642944815694,1.0
2401.786406412585,76160.69209444543,20522.3249107588,5,0,2,0,8,2.1202550176155066,0.0
1960.952131476587,35641.89713825025,62892.90839379569,2,0,2,0,4,1.0036918436784041,1.0
4835.19539309138,117892.50306074171,77123.40804690986,4,1,1,0,18,2.1788163759914108,1.0
3500.9729587372344,63436.693801566435,27918.19851686213,2,0,2,0,3,2.5283585080846263,1.0
461.95417772995785,158833.86979852009,55975.38543494737,3,0,0,0,13,1.7345098158365586,0.0
4321.650135399442,139003.93764946517,22872.195524559895,5,0,4,1,6,2.7733362507122226,1.0
2428.771707139527,187012.45355624604,74452.32363235367,9,0,4,2,3,1.8212568155500335,0.0
390.331836791313,163108.02073517512,54813.481732735665,3,0,1,1,14,0.9635639276934156,0.0
2771.1004130583897,60731.91232292356,64806.11780709289,10,0,2,0,7,2.273260458325153,1.0
2114.9631809297252,166026.9002330154,6800.261326335691,6,1,2,0,18,2.192228505784214,0.0
4394.8595540699935,139095.29761838395,49084.9595545281,4,0,3,1,4,2.1010874926268928,1.0
1059.7732878664674,143721.77909930624,43626.14951459543,4,0,3,0,13,2.6996092353989387,1.0
4140.999816986306,171484.6906149253,25560.761832187964,10,0,5,1,11,1.8198642940308507,1.0
2810.559021367991,127550.09176211985,23207.108849413493,10,1,1,0,10,2.2605736388324225,1.0
320.32100090667177,109220.59744001219,47661.90977840667,5,0,1,0,16,2.8866502078069836,1.0
4860.634241561149,138228.97601098375,57399.393895556335,7,0,2,1,11,0.8444096130509846,1.0
2587.4454583108395,80652.76292292104,5554.3022917095495,4,0,3,0,24,1.4663049441942593,0.0
1489.8404284463334,61041.51228480688,46689.92180812524,8,0,1,1,14,1.0469403554603733,1.0
2373.5638678468276,134819.9324721119,16125.383728890405,9,0,1,2,8,1.3095878788984587,0.0
4296.39602841157,69754.2227445312,13807.930316729742,9,1,3,1,8,1.7764522680266908,1.0
1559.2704657060644,43585.568588923146,50980.20058329071,9,1,3,1,23,2.613525708393517,1.0
1003.7481626091666,30094.211379493165,26936.999025745423,2,1,1,0,6,1.4987760419066434,1.0
688.9026723078632,133414.29823801143,36947.77795138453,3,0,4,0,24,1.8947750226157651,0.0
1524.4040220315458,91565.29319164026,30719.908326862515,5,0,1,0,23,2.530594692321672,1.0
3911.238030848215,157892.86501448753,52921.896651744326,1,1,1,1,1,2.820325970247562,1.0
2384.5505077165453,93779.98771322743,39199.2219871181,4,0,1,1,6,1.3741589879796536,0.0
1176.033938283023,112620.58620049854,77186.31697692195,5,0,4,0,24,0.9448888393644392,0.0
872.6157480682585,99204.44537861543,30133.47245119783,9,0,2,0,14,1.9553577966789946,0.0
1697.0109087263766,140597.71448858886,60001.89420023831,8,0,1,1,21,2.739441827505901,1.0
4702.625645784259,90543.65754254459,22811.52770389443,1,0,1,1,6,1.1211999685884968,1.0
1747.9822273206207,193840.50049019253,42173.98813221331,3,1,3,0,15,1.7486181828643241,0.0
4941.214175975445,189144.98772175013,45547.87089645069,3,1,2,1,18,1.7149174065195425,1.0
2451.8907560385132,174164.74345173783,28341.41464183038,6,0,5,2,15,2.817731877018347,1.0
936.8613955362468,186451.04599736718,39327.100726272445,4,0,3,0,12,1.6417697231773694,0.0
4461.143454377871,106353.74703809647,24504.455118183898,4,0,1,0,11,1.8406444776149298,1.0
2328.7590970173933,121193.16745421366,3462.0601888966135,1,0,3,2,2,0.8456341449555564,0.0
3562.873150347396,156155.74073490157,19604.919226116665,10,1,1,0,2,1.645589590268443,1.0
4919.372336885302,148344.80723955197,56904.94128197645,4,0,5,1,12,1.3544852060038743,1.0
298.3679840838713,181415.36125293004,62364.15288537403,1,0,0,0,22,1.054153117041212,0.0
528.6380709484573,151776.2746336382,24575.620769696838,5,0,1,0,21,1.771683268771187,0.0
3616.2608702406433,199640.4003988383,34419.31090899154,3,0,2,0,6,2.4272190238675995,0.0
1445.0337663125863,89245.98597137048,5877.155830673054,10,0,0,2,6,0.9417480006975036,0.0
962.2919149029904,171609.61618070104,21253.843384521406,5,0,1,0,12,0.8539252975991958,0.0
244.84130510766101,148597.91988155292,62999.88481966704,3,0,2,2,4,0.8107359245567604,0.0
158.14122433169894,147535.69568655314,49660.94281040941,5,0,2,0,7,2.4077372376797417,0.0
3883.703735442965,85392.05112364981,18844.3301904866,4,0,2,0,12,2.4701976053555432,0.0
715.4454654792725,163552.30471191384,22823.033624427277,9,1,4,0,9,2.7217935859622813,1.0
2365.217049057197,183063.92379909186,65893.75577019613,6,0,2,1,7,2.9103284245826844,1.0
3049.189235138441,67153.2384584957,19099.483626757363,10,0,4,0,16,1.4435246711995406,0.0
2170.3414128157888,136334.4623098397,28730.144890229105,2,0,1,2,15,1.3511032311442275,0.0
184.17792906435386,96662.92094747178,54155.61925740761,1,0,1,2,22,2.9786967650317817,1.0
3928.332437810149,198223.1802801291,46205.65369952205,1,1,2,0,3,0.85535561929465,1.0
102.04046148118476,111401.57869138588,38487.005803003696,1,0,1,1,6,0.6042967621932267,1.0
3821.3549771685457,68814.42954548026,72280.0640054403,9,0,1,0,24,1.4628967483553015,1.0
4471.857244251208,94915.79628771154,19917.70562905898,5,1,4,2,14,0.7201272381480766,1.0
2192.557609233003,141152.52626882645,60089.33159645099,4,0,2,0,8,1.458118412467369,0.0
2700.9352418341014,42935.193129427964,15247.915727600119,10,0,1,0,4,1.528979366976971,0.0
2411.067793457386,132612.32643761038,50411.505178125175,5,1,3,0,13,2.0968395275519,0.0
1976.5826621860222,188308.20906041266,70038.01438267111,9,1,0,1,5,2.360357011821698,1.0
4442.751450083283,174561.67390183458,38258.43748181662,3,0,2,0,20,2.1194953767846334,1.0
4474.970877816453,41504.501231857175,58770.677053732325,3,0,0,1,18,2.267971696833713,1.0
1712.2910049755958,198876.2793856416,66170.2881809221,2,0,1,2,11,1.4224682357777412,0.0
3094.5952823727553,148783.57702965947,13474.034715575412,8,0,0,0,5,1.6413185647977953,1.0
4638.192432622028,57587.740133384024,57348.670936722476,7,1,4,0,17,2.285955898950753,1.0
4812.18956975969,32110.735158801996,73827.75884712808,2,0,0,0,2,0.8685192462800407,1.0
2569.3472500891353,59118.04816966573,47380.5369588769,4,0,2,0,23,2.2801167750176283,1.0
2291.4827861574176,172489.90651657555,17331.412828714216,7,0,1,0,5,2.878879867690828,1.0
1429.5368638462026,33678.685240677834,12774.574932348609,1,0,1,0,8,0.939180987506676,0.0
4796.415772292529,69635.0416150747,22999.62044593959,1,0,2,2,6,1.4860843913742756,1.0
756.9308071406934,158741.95120692882,10970.521714284558,8,0,2,0,8,1.9534244996921062,0.0
2920.156401436239,129638.79110268297,42531.343512048654,6,0,3,0,2,2.2953792851467383,0.0
1448.6238242172624,163065.0707612326,8367.260568418562,2,1,4,0,8,1.1300637322502194,0.0
1431.0910372215933,156845.58565055396,20202.156096989438,10,1,1,1,24,1.9614257192743432,1.0
2054.5945075121326,38602.23581070681,36873.1041812405,10,0,0,0,7,2.837636315711267,1.0
4994.02503228749,181726.94124600576,39491.43578095565,1,1,4,2,8,1.3936309155828228,1.0
322.0832188571192,68595.41182798568,46535.683356316265,3,0,5,1,18,1.922634279391547,0.0
2913.7820001074806,124076.71483905983,57332.35213180594,4,1,2,2,22,2.060211615568603,0.0
458.732182274622,139528.9866097224,6636.605254241,5,0,2,0,7,2.7182459240150503,1.0
814.8781084530689,58666.79585046622,9207.81331753531,10,0,1,0,15,1.2773829302127049,0.0
2225.8365617758486,195959.31363916566,7686.154688968117,3,0,2,0,9,2.6823827541496845,1.0
2576.7776501648846,112986.51253484254,35582.5742907981,5,0,1,0,14,2.18367246113816,0.0
1331.0224214043938,39799.25825155688,6222.291755985942,7,1,5,0,13,2.2923432694920254,1.0
1616.4627978283602,189334.54761223285,60448.25754601212,9,0,1,1,3,0.665764084545089,1.0
480.4867502668686,129665.53334285558,20171.013939962795,5,1,1,1,6,1.3913550534912402,0.0
1550.93793002904,148862.84365683398,75319.36198332682,4,0,2,1,24,0.7949944847027847,1.0
4834.464274933694,119279.8842888181,40453.08914247758,10,0,1,2,4,1.9039162391899485,1.0
4726.301539278785,171905.4523120845,37367.08293804953,9,1,2,1,21,2.5940727022026366,1.0
1707.6475361780758,35632.68857284585,63101.47933324152,8,0,5,0,18,1.5249671418978075,1.0
2875.7269845798696,75624.32209711512,57912.85675976032,5,0,2,1,11,1.064010149753481,1.0
4552.497185999175,109840.22058845767,49762.796153007,9,0,4,0,7,1.261520733994182,1.0
80.60992207243854,43022.61477333071,75006.29638127849,9,0,0,1,15,1.9329709140199105,1.0
4062.88367317108,150004.1337855319,35513.963096004925,1,0,1,1,24,2.4188329389754144,1.0
4744.429286305149,96922.78038945893,65256.93903446606,6,0,4,1,22,2.2246505382438313,1.0
502.06238495110745,76353.55834558449,32267.156822428027,5,0,1,0,11,2.855426207157917,1.0
849.1660458629591,30574.403957430088,67552.61692080006,6,0,3,0,19,2.709680737994918,1.0
4805.694198718209,152371.1529974921,22979.546430379585,10,1,2,1,9,0.76227994688675,1.0
2710.823711019714,171747.5825083865,25273.5646083745,3,0,2,1,6,2.259225886836342,0.0
120.27334063503233,97156.89106585474,55195.95411934396,3,0,2,2,7,1.484134614174805,0.0
1325.2783938794694,125917.05609567213,19378.92371128832,10,0,3,0,8,1.3403596085758718,0.0
2277.221187630855,68706.72640803174,20644.872400958015,5,0,4,1,24,1.6897021368645213,1.0
3479.8991095726,135773.59986762263,26505.207034340936,7,0,1,1,12,2.4156670047276037,0.0
3679.143871777158,32063.36791358409,55277.51526384894,4,0,2,0,24,1.5419684940496754,1.0
4977.336488981008,113069.46250678893,71482.88311658886,6,0,1,1,19,2.5526972960400087,1.0
1473.1804369496072,139514.9319129177,54941.70913677797,5,1,3,0,22,1.6798369782518956,0.0
2714.1895042489523,186092.60144905478,66741.69681449764,2,0,1,1,14,0.6509462415044469,1.0
2689.951561905045,94827.08891078833,44854.16540647417,1,0,2,1,23,2.0758686939948325,0.0
2057.9440342638254,160082.33450677508,8307.088043576186,6,0,1,1,20,2.451947506735823,0.0
887.35137451998,131606.79509039514,10735.898286154552,5,0,1,0,20,1.2899556049194392,0.0
4888.409987760021,187592.0591972637,45688.18233425249,9,0,3,2,7,1.0553555000910229,1.0
4273.920073999601,97724.2048621032,28240.67458544244,7,0,1,2,2,2.100445463184663,1.0
2516.748490056474,84246.20777840796,19983.741670044583,1,0,2,2,11,1.3816048073537122,0.0
3036.0648422859476,180814.13977800444,38901.7834023018,10,0,2,0,11,2.764475304885072,1.0
1174.9422151203285,38371.54823940915,54320.24904963122,6,0,0,0,8,2.417043092501258,1.0
2741.745998439147,53185.51679872506,32644.3799756611,7,0,1,0,6,1.652982288049729,0.0
3490.1021589513052,44008.75387928756,64795.75380111531,3,0,4,0,11,2.9389156691759735,1.0
2600.0767905136145,173328.69261798845,59866.28998599731,9,0,5,0,11,1.361262009348127,1.0
4951.911594395459,31803.261972954297,59588.445926286644,2,0,1,1,5,1.6115539829515144,1.0
3076.1411984262445,176481.71643449817,78859.60610515892,1,0,0,0,10,2.1223418965141505,1.0
1886.3198773312367,106715.52521311535,25732.70825761588,10,0,1,1,1,1.7800808723648414,0.0
3872.1525366983988,30684.297405175028,52643.87014824893,10,0,3,1,7,1.3609684990513555,1.0
893.7894323291282,98279.68012604711,68871.83219234414,9,0,2,2,4,1.544474762993537,1.0
1953.3532778460194,61756.14297765605,47623.38141137114,7,0,1,2,13,2.6592010402937136,1.0
1767.44680436905,136148.0828702677,63791.66756088523,10,0,1,1,20,0.995523388769963,0.0
2187.4451207834973,145490.9942866799,34912.81830967325,1,1,3,1,15,1.2940535338213808,0.0
3919.8101383471953,112879.68696884997,48467.83361541996,4,0,2,0,16,0.9962977245853215,0.0
2446.6565092088667,36888.3193247439,7286.312245933277,10,1,3,0,3,1.7805235439928309,1.0
3980.3715288165154,141541.89674242432,78904.10564851062,3,0,1,0,21,0.9022411247232884,0.0
2903.620070542336,173146.5932129386,64601.42307152813,7,0,3,1,22,0.9278428390664429,0.0
1743.243701554899,152455.12714548825,69898.29851562162,5,0,2,1,3,2.5857330573660606,1.0
4059.3947812331885,171092.84622240416,56460.65941700685,9,0,2,0,8,2.2575689269111727,1.0
1229.5338692378034,64086.61900365087,17325.85252626986,3,0,2,2,16,0.9712613786080757,0.0
1160.6957500089877,181110.94974160203,5389.190066188485,6,0,2,1,2,1.466664939434171,0.0
2547.289474071437,84772.88661015368,69578.55879567305,10,0,2,0,7,2.7922161672559898,1.0
1341.2037675123402,32278.818422838474,33517.46033768148,2,0,1,0,1,2.6752772410346792,1.0
94.98082300852079,173376.57987594203,23317.595455073835,3,0,5,2,9,2.136229974463945,0.0
3259.0727601290673,190109.61572400355,46248.81783059872,4,0,4,0,9,1.2099584888813095,0.0
2579.9144162883704,141444.8935609493,35409.18623063039,6,0,2,0,21,1.4332200392101286,0.0
2255.3131817411477,69344.2271787822,53178.28166794189,1,0,0,0,18,2.133126043228502,1.0
4836.494147360661,72796.55892803016,40252.07894519755,6,0,1,0,22,1.9011813370677881,1.0
2877.4359606164226,109320.78848405532,56686.951813900836,4,0,4,1,12,1.9015683449081016,0.0
4323.986310057453,182631.2835322413,68713.59175220401,8,0,4,0,12,1.558427420221559,1.0
740.2786692155429,55431.60154508492,18057.889843595756,9,0,1,1,5,0.725576640384218,1.0
2867.571992490667,170415.52382919277,28366.331803542485,8,0,3,2,11,0.803868943229417,0.0
4346.49915231797,79521.47747987555,36634.800165939196,8,0,2,1,4,2.5883035767540568,1.0
2936.373498535495,167459.64880294664,77078.50049812814,2,0,1,2,16,2.710310007385544,1.0
3604.1701817286576,186446.10359226156,31130.688243156368,10,0,2,0,12,2.734247423248855,1.0
1891.6156606704265,102673.95823903443,32344.688418632475,2,0,2,0,2,1.6864624700525208,0.0
507.6251093334797,92058.61119794025,53317.384267886206,6,0,1,0,5,2.838785202976651,1.0
2316.6064608790034,166377.6242251213,35278.377661526094,5,0,1,1,8,2.594294105876463,1.0
2002.6729846523447,120012.09000449697,76244.2284142496,6,1,0,2,16,1.460400985064858,0.0
4341.947902775789,146356.3382387435,71874.09455660918,9,0,4,0,18,1.0575373972694033,1.0
1257.7767466447376,135880.9702834005,42532.47588872682,10,1,2,1,23,2.3214132222851,1.0
4835.334426298785,55991.10375961538,52647.69301398444,7,0,2,0,3,2.3132602470321677,1.0
4792.7836930322555,173614.36124922548,7468.353265038782,5,0,3,0,6,2.7254475465098964,1.0
1275.7766332036215,63281.76894023315,56571.25065849465,10,0,5,0,4,0.6261677229315888,1.0
1772.8571796127364,188487.96449203274,57454.46721707548,7,0,1,1,22,1.3814229564779237,0.0
4483.00091732573,72597.11954176513,30658.34576452702,8,0,1,0,11,0.5871674099461852,1.0
4834.779993435732,154759.76545653614,19915.582039145997,1,0,1,0,2,1.0259208735387666,1.0
2245.023559038418,78391.41689391065,73461.0369399103,10,0,4,0,21,1.499014952984091,1.0
1638.935375922444,84023.51945976686,35856.277361994835,7,0,2,0,13,0.807675128898317,0.0
2654.165365595133,82700.31497299191,53335.37006973172,4,0,3,1,13,2.55571547750624,1.0
3454.4575715103874,157141.68318443414,5566.317213171709,5,0,1,0,18,1.0072036082786737,0.0
1403.69885110615,124658.57005479683,34883.171826416394,2,0,2,0,24,1.5283454019893281,0.0
3695.5422143644105,180101.91749407453,65928.92844806876,10,0,1,1,13,2.5041990676826287,1.0
305.70391771747313,82253.36226468763,32843.35203085506,5,0,2,0,12,0.7918143188075526,1.0
294.0077391838614,147638.72874964654,49443.409330539514,9,0,1,2,9,2.0490506555543178,0.0
1962.1241404704488,158001.26194272883,19158.89663730954,1,0,2,1,24,2.8512827445803164,1.0
1799.6923007005669,55751.959215092895,35072.47496064608,3,0,3,0,1,1.6357194734078608,0.0
1612.3844160674037,98100.1907443679,74428.10429009538,4,0,4,0,5,1.1003243819479664,1.0
2480.5478252111047,112078.97403956989,46616.784726979866,9,0,1,2,4,2.8580022141123806,1.0
1637.6312324422777,90466.85628204363,72448.72235015573,2,0,3,0,4,0.6354618423738405,1.0
1001.676696417055,84759.14131475348,72455.48606069484,7,0,4,0,14,1.27899398907218,1.0
1581.8742679885745,146691.38197959913,75699.38063268493,9,0,1,1,11,2.54333842675994,1.0
4875.776150410663,66697.28760211307,71945.15782616811,10,0,2,0,23,0.8848411370851224,1.0
2085.0114141245003,150596.4266926919,3252.6469337931494,4,1,2,0,14,0.710209590670142,1.0
2251.328245448762,188957.5133864242,74919.14665178295,5,0,1,1,12,1.645016830585928,0.0
2903.8977002581432,126083.57860021769,13584.376809573982,10,0,0,1,16,1.3294285624760493,0.0
4917.5368036504215,133943.8202457106,6074.321335558593,4,0,1,2,15,2.492898232532554,1.0
1245.926318357027,41718.55936109515,7264.917162510067,7,0,2,0,10,1.342861672879156,0.0
3422.3464471355474,176961.0736150308,29866.547028585384,8,0,1,1,4,2.174562747195856,0.0
3594.1242330315345,78526.12382397713,50801.91456569711,8,0,1,0,1,1.9004858549867296,0.0
3056.255863125676,134558.69813985605,33977.962131962806,3,1,3,0,19,1.9924825127446013,0.0
488.46278120138817,196449.0688566164,4967.67991800222,2,0,1,0,8,1.777854099971161,0.0
3400.5177653465034,131235.44209737732,39689.16283145303,6,0,0,0,10,0.8386518812975564,0.0
367.2688196290686,153200.61286894418,37044.06715481926,1,0,1,1,7,0.65508468162338,1.0
3000.9061152719896,105704.33509803782,61277.39344362681,9,0,5,0,2,1.8597460666106191,1.0
3710.926827247626,40262.19339755975,24530.193178758753,7,0,1,1,23,2.1235595208552844,1.0
1094.3009585687546,165591.88941326406,19749.90038216627,8,1,1,0,2,2.313321278308304,1.0
4216.028937336731,35949.803014877565,22707.299741100218,7,0,1,0,22,2.30535168216847,1.0
200.2513373883711,149111.83091093518,26387.966342498297,5,0,1,1,24,2.3507794300842293,0.0
4226.873675108615,33896.66743543828,49135.69524927182,5,0,2,1,19,0.5508050371530331,1.0
2328.628800681687,176591.890218034,39307.462379810146,7,0,5,1,12,1.0587447375674246,0.0
1127.0603026616402,56798.1260916067,28940.88151878746,7,0,2,1,19,2.323978074406094,0.0
712.2018177201417,117426.1542252337,31822.19018784324,2,0,2,0,24,0.8089544439822358,0.0
4768.870479532744,131515.61976213503,31561.121832241162,2,0,1,2,12,0.9664519349750886,1.0
409.69465852672573,107782.71925348006,77875.31549269444,7,0,0,0,13,2.149005405535582,1.0
1035.512428682832,87929.79318931082,20940.768080077345,5,0,0,1,16,2.5204450844063517,1.0
1771.7206197935775,109528.4303507652,65990.74014096391,2,0,3,2,8,0.9062039659208888,0.0
3120.162502357546,82940.67815979698,57532.2344942904,1,0,2,0,10,1.8770688337985437,0.0
2746.765372116687,104480.79900374674,3428.8904314733954,9,0,0,0,6,0.9533607516863125,0.0
671.9352874409542,91015.2084696652,79474.56879566258,8,0,1,1,15,1.02147650084523,1.0
1484.1535195041624,126254.8199962147,61245.83153878517,2,0,1,1,17,1.7049376257312048,0.0
1231.8212668758192,70447.1075816472,55548.61814901093,2,0,3,0,11,2.1846841934786894,1.0
1107.03712972719,198071.61433538212,34210.00249110107,3,0,2,1,19,1.9354707419949957,0.0
2085.164465575936,115147.89207496814,45750.6378464003,4,0,3,0,10,0.7310574163777401,1.0
3534.9556903287016,63007.55316046664,22501.858966395204,9,0,2,2,23,1.2139025890557438,0.0
1126.3920144753179,111101.34742643632,5732.222196218706,6,0,0,0,18,2.8454134600148584,1.0
1865.0604545297579,177290.57201922013,67373.66770033991,3,0,5,1,9,2.06910660080254,0.0
1985.0412628637532,33707.15483114725,72029.30601345022,8,0,1,0,9,2.145307914542837,1.0
4883.45982070528,145524.2002482391,15510.23901929647,6,0,1,0,18,1.0278635143208807,1.0
4775.598466551391,123154.52545496776,63603.319380121444,8,0,3,0,6,2.8955857898891058,1.0
4010.6810346227758,58824.85904292304,60068.75584299572,10,0,1,0,16,1.0162768784493705,1.0
1246.2116580549666,168970.9946818365,16734.875149078965,2,0,2,1,12,1.1279045478311893,0.0
386.78470475376497,92710.38580358095,35480.81779825913,8,1,4,1,2,1.7752415220616546,1.0
1618.6754817170925,79946.34489863626,35552.35990422596,5,0,2,0,17,1.7399314340726753,0.0
1370.6330196974627,170781.28261567318,61517.247889504135,10,0,1,0,9,0.5815695889604828,1.0
2554.3327107246496,138549.257852583,67499.88974475628,4,0,2,2,5,2.3594478181047416,0.0
3899.7531548355755,182704.04422472016,10297.684347135568,3,0,3,2,17,0.7411351580955088,1.0
4298.698547450347,137080.2296241039,46348.631087623624,9,0,2,0,15,0.6350883228025479,1.0
4232.077222782017,155939.0018484596,61654.63426352417,10,0,2,1,7,1.7679044528664087,1.0
1830.3940280541854,172195.80236413417,63536.6757430172,7,0,5,0,19,0.6206195784432856,1.0
3451.8100001303806,39305.73810468928,14395.501381141486,7,0,5,0,6,1.0016870244214509,1.0
1598.5292777448892,161928.32300779465,43463.896022611145,6,0,2,0,4,1.4773707462669554,0.0
351.4824390141544,134330.10191442806,69032.02038992812,9,1,0,1,12,2.007792039738963,1.0
3522.748064734564,41816.32540758285,27525.93039706688,3,0,3,1,19,2.4568662511333823,0.0
98.64638522044984,116458.24671768157,35734.00121620838,1,0,1,2,6,1.2238773718022526,0.0
2075.453807919518,44017.873257272164,64935.6053728976,7,0,2,0,24,1.6779565791418571,1.0
1680.4273830452748,155111.02429294778,9877.603131149697,9,0,1,0,22,2.8852063860446995,1.0
3482.2188156683196,122905.29136264011,69180.98332145132,6,0,3,0,14,1.4755367693261865,0.0
3842.9150901638754,192107.50136009054,26959.067188272296,10,0,1,1,16,2.2741190844407226,0.0
1555.268448057855,61133.01316720087,3111.674377516791,2,0,4,0,22,1.1784086467279065,0.0
4067.553721502025,133025.68692846433,21030.254169339587,8,0,1,1,5,2.058035475310069,1.0
1504.8879644994222,65968.96287698354,9891.549348953999,9,1,0,1,5,2.511825554758536,1.0
2259.315481933478,134391.04740365772,10113.637838710798,10,0,3,1,17,2.785561543126716,1.0
3648.741708719963,152850.4494013456,56348.35152897955,8,0,2,0,4,2.843801205749094,1.0
3479.9551346627036,152791.73598602158,19476.177844207992,9,0,2,0,11,1.2550831105924283,0.0
4937.47393794539,168562.5784160437,74975.16194922765,1,0,4,0,24,1.0022023707871826,1.0
1164.5470698688628,175103.53875291382,42766.230087530406,3,0,2,1,6,2.5350969458986294,1.0
3328.4736720209326,43136.193465420096,38427.565862528725,3,0,2,0,23,2.074039612883579,1.0
3067.9254459650983,88355.41670230869,36439.830902951675,9,1,0,0,12,1.5361771566208076,1.0
4579.737349725648,146810.82846116697,56329.248254715654,3,0,2,2,11,0.5906856000989718,1.0
823.9926011421315,114759.66885650606,37824.23271431785,10,0,1,0,9,1.269293077610069,0.0
3771.400909755318,62414.91094831456,12902.227429339771,1,0,2,0,24,0.7783606272289041,1.0
2862.9296505304033,123960.62692833865,70773.25790933825,3,0,3,0,20,1.7299031737901276,0.0
1409.5960554501319,99264.06097024445,35986.44186727572,2,0,2,1,13,2.5684982604240414,1.0
2398.4528250285116,96306.50720123187,8698.35232886169,9,0,5,0,23,1.2814870033108847,1.0
1702.194155495499,167658.13196406284,43761.1810373276,1,0,3,1,15,1.3939861723500873,0.0
2917.6013438028813,99291.71675147081,52845.70810108916,2,1,3,1,3,2.457967457809197,0.0
4450.553023532596,34497.26593167211,24219.84974014741,1,1,2,2,5,1.6401995207868565,1.0
2868.0596728404,39870.76761148551,64626.21139088586,9,0,2,0,19,2.1704692824767147,1.0
3177.025970716591,175561.48708757546,54572.74014487701,7,0,0,1,15,0.9715627211377632,0.0
2617.801843217812,193302.13770212862,53076.270033361376,1,0,0,0,7,1.1273536765802392,0.0
303.26925690510575,147029.5871974703,35403.52137082015,10,1,0,0,3,2.087460469798803,1.0
1202.6498565366664,91942.60999701364,77067.47820866916,6,0,5,0,8,0.7798620723282121,1.0
2485.4085606888098,189562.05368510366,24112.565932092068,5,0,1,1,13,0.9381730356035185,0.0
1585.6646545362887,142676.5246838751,47483.32357818985,10,1,3,0,16,1.2940391970182978,1.0
949.7298089179113,173536.7033638874,26797.247125391554,5,0,2,0,8,0.9511496639943788,0.0
2545.45756749627,160194.89168629158,60349.96597880966,4,1,2,0,22,2.9386255251008273,1.0
1647.9084775668591,94453.68368134071,6679.944257999351,3,1,2,0,9,1.1403336716709487,0.0
1327.6328337084028,111379.37414463353,6533.827826378791,8,0,1,0,2,2.8864887701409008,1.0
2346.727816329885,61642.46624257691,65436.294652946934,7,1,4,0,22,2.6159430249461724,1.0
709.7570775067571,79642.39707492478,36438.64840190267,5,0,4,0,20,1.3315379553148046,0.0
4642.341378723266,162281.36241870868,29270.86420422739,9,0,2,0,23,1.8720052281343214,1.0
4345.125384700234,181976.3266201284,49779.568387501065,7,0,4,0,1,1.344913199649072,1.0
3552.7218994156497,153158.27195274,57046.24947791096,10,0,0,1,20,2.2577624779898646,0.0
575.7584465628582,109079.52843162851,18492.503707019307,2,0,1,1,13,1.4051329287135448,0.0
3890.5924096249805,44706.57571975708,17278.205588164332,7,1,2,1,13,1.665815145611676,0.0
4049.388774139644,39681.1512787362,76777.60757751088,7,0,3,1,11,2.2971190798032453,1.0
3850.4348576859716,93635.34598418514,48404.15159161184,4,1,1,1,10,1.5411034119389917,0.0
614.1311412402438,108849.69219050273,33038.96875165864,8,0,2,0,20,2.2233824058412806,0.0
3237.344387485435,133550.50577626046,64711.010489552,4,0,0,1,6,1.4255660224443996,0.0
4179.907738959523,31103.218635789526,43437.239825899625,7,0,5,0,16,1.4984154229632123,1.0
2907.899336037355,198252.89137927207,21608.036398842767,4,0,3,1,6,1.3034155666238985,0.0
3249.7165073790406,91869.61017868729,18918.618534401183,8,0,1,1,22,2.9735828617888505,1.0
2318.8992231602156,174176.09284619064,33558.16349507627,3,1,5,1,20,1.7622547435865807,0.0
2667.1012334260604,120944.33996311875,69211.98124001073,2,0,0,1,21,1.0550000184741324,0.0
220.16544884103982,52174.70727066891,7731.489535407937,10,0,2,0,13,1.9178466870143702,0.0
3212.8669587677587,165586.1439308687,19826.502058116763,6,0,0,0,12,1.672542507352252,0.0
453.163703811238,150670.60273637893,71772.69005164954,7,0,1,0,8,2.447217221179936,0.0
2203.322241984106,119664.13443796877,12373.561810632289,7,1,1,1,3,2.8394234267033562,1.0
1498.6427334536688,117474.0255267426,51481.18030634096,6,0,1,1,13,0.7768377814191216,1.0
2749.86835354798,44871.53297765777,19440.375345318935,8,0,4,0,22,2.953015805159167,1.0
710.4108608398751,141494.3212575586,49651.7472584154,6,0,2,2,1,0.9122724423359625,0.0
3473.634839767925,184911.67647823095,32499.02084700587,6,1,1,2,10,1.183265078424807,0.0
3985.3071077959285,45851.63626763092,10829.121025186374,3,0,2,0,22,2.4384154806874268,0.0
858.6045262286246,74796.94661031384,47850.58020166619,2,0,2,1,15,0.8886287890095732,0.0
566.3497823918167,183392.3554851568,55594.29152551312,7,0,5,0,11,2.54374448725882,1.0
770.3016397974278,78338.46466936485,55380.99166036682,6,1,2,1,16,2.183724143134264,1.0
4391.781431397583,141170.42427058748,52051.649498598636,1,0,3,1,24,2.513227926959808,1.0
2664.536845693963,120919.0880403345,41517.308132037026,2,0,1,1,21,1.908579372424983,0.0
2362.941930237138,131375.69285065655,42999.39149816808,2,0,1,0,23,2.9603631325402473,1.0
578.2235045566537,100684.11326813303,51944.28845521289,1,0,2,2,21,1.9823433304143858,0.0
3265.302233446961,80998.54999413088,56149.97085449136,3,0,2,2,3,1.4888618570547403,0.0
4346.597979880695,38250.68662404372,53425.50889001665,5,0,2,1,9,2.9161090129118192,1.0
4149.520053151092,156527.7596800079,48194.808498335784,4,0,2,0,7,0.6840909981242855,1.0
3148.9708094549665,156835.88857301854,14999.601829917117,2,0,2,1,24,1.7866113400189998,0.0
422.62964742578447,144023.37581338294,19217.47346395036,8,0,5,1,16,2.0802100940505053,0.0
606.3652845212641,139417.74398033548,23037.249619721824,9,1,5,2,23,1.3635441816019735,1.0
294.07948619363214,71431.91246847945,73813.94759573767,8,0,2,0,7,0.7300302840847621,1.0
1324.522121637723,33798.6387402695,61473.422068366424,7,0,2,0,8,1.5251061075069587,1.0
721.5242624438698,167481.61747052474,45570.74510433962,10,0,2,1,24,2.526449744387705,1.0
1337.2377992495478,113493.55106829057,22408.383497891606,2,0,1,0,22,1.9278912021039822,0.0
1956.0373758088604,82162.48221944511,11538.64728980118,6,0,5,1,20,2.3946984587868996,0.0
4717.764781152122,47328.42415269691,72204.46040045805,4,0,0,0,5,2.2941872706143958,1.0
3071.3614959193756,40662.67045323603,71735.28321836461,5,0,2,1,6,1.2163941807339937,1.0
4183.120239130663,89307.34270518014,11523.56086856825,9,1,1,1,9,1.133801782660579,1.0
3566.2399285260444,166805.3010103799,64385.6832894302,9,0,3,1,5,2.4774801692741093,1.0
606.8904961068272,186183.03738675118,37391.67033686327,4,0,1,1,9,0.925407435929188,0.0
3692.8060115510466,182447.731984221,27945.45382795159,8,0,4,2,24,1.9133024507710867,0.0
1411.739463717666,186400.14190744134,59911.049288070455,5,0,1,1,10,2.89105356941226,1.0
3213.5838426237965,184313.30833198826,50303.37466167625,9,1,4,0,6,1.813694483892429,1.0
1737.761769532793,119628.2077720673,63062.318284686975,2,0,5,1,1,2.516753525946018,1.0
4988.477703160063,67300.65855467366,8723.322268736156,4,0,3,0,13,1.140344827504711,1.0
1354.5798235090501,165667.91908225947,27531.200536724144,3,1,2,0,5,0.6450586988207105,1.0
1431.6958303326348,66331.20572493842,27587.39748208865,7,0,1,2,19,1.3706393870304827,0.0
4656.827665033871,75425.23704861675,28390.988106157944,2,0,4,1,16,1.9373055996643398,1.0
171.9898029497972,69653.23470983324,41690.95019357302,3,0,3,1,15,2.0998130406902975,1.0
3498.6104899723246,117547.00862828699,24792.06283723295,9,0,1,1,14,1.840440472053582,0.0
3640.3656341425967,84710.67638874358,37217.53797673902,8,0,2,1,14,1.5822998252635125,0.0
4190.073958181477,56206.52843630805,31318.874669887016,2,0,0,2,4,2.9634910656497047,1.0
4873.474587660453,107039.48002196,59617.79569757937,6,0,2,0,7,2.2212594814707423,1.0
4879.229499825429,178564.2305934784,49469.56126697886,3,0,1,1,22,2.8845319365388935,1.0
373.1199499539963,126993.98534149528,53329.46628843329,6,0,2,0,15,0.941421970203224,0.0
4118.1046476268675,179317.0530008898,19214.95984436362,5,0,2,0,22,2.998861226315405,1.0
3249.2341716040373,63298.271463453355,28063.66673017048,10,0,1,0,5,2.257512176247602,0.0
3254.343565146801,58385.55852433418,4629.73946612972,4,0,4,0,1,2.9298656509387677,1.0
685.3321367427393,127848.11136873144,11344.852461574083,7,0,3,1,19,2.0149801873641393,0.0
3268.426473905984,108765.91326286642,23409.175863144326,10,0,2,1,21,0.8850174676774915,0.0
4913.288773976176,142229.34907998267,8040.706540255621,7,0,4,0,18,1.3701929041858136,1.0
4563.501919220263,165086.55447455286,49402.69482731209,4,1,4,0,14,0.6324960159592339,1.0
2223.69677098401,157722.24026087,79856.01892613455,3,0,2,0,2,0.8786253537732829,0.0
247.74246776616698,190184.39952195538,10762.771483034916,4,0,1,0,4,2.996004412641624,1.0
1843.3527755010139,97703.58955669196,66234.72637553341,2,0,2,0,7,2.789599046517926,1.0
4140.632042422749,65085.74618219073,12148.851039416331,4,1,4,0,1,2.7545277558606682,1.0
3522.4205522525717,123655.14879114057,54583.37944732558,4,1,2,1,12,0.5050857863011888,1.0
2323.751095190084,48826.33043250155,52523.13543554432,5,0,2,2,1,1.6263594531454264,1.0
322.7525990362139,79104.69096637734,72509.20398046235,1,0,5,0,14,2.45503557662685,1.0
2163.128902725348,65340.96939473456,11773.812253399452,2,1,0,0,24,1.066529978711245,0.0
2371.6734516035235,97415.83185550375,27289.22388830613,8,0,0,1,6,1.5501904986313422,0.0
4646.349887825973,48906.81775037661,9990.0415473108,8,0,4,2,1,1.012285045453305,1.0
3223.376212731689,35413.096573176634,34368.5160869414,8,0,0,0,23,2.231685204712947,1.0
1592.681937440512,141654.9807871054,73192.67436392326,5,0,1,2,2,2.260072522042808,0.0
2650.3254090310706,133742.32630926682,63177.28263176292,8,0,4,0,17,1.206800678299309,0.0
376.97377371969236,150421.0191265724,58663.30773428958,9,0,2,1,8,1.6932313403062678,0.0
4864.2127664661975,142265.69484612846,44043.117874428055,4,0,2,0,18,1.629267697506008,1.0
1832.2965145570938,49430.0957942052,71028.40215983527,4,0,2,2,22,2.444947791495573,1.0
2415.443406820022,79483.40983385987,37607.01846458228,7,0,1,0,17,2.187930824718187,0.0
1808.6556724727668,52019.5236830599,14525.796366749144,5,0,2,1,16,0.6705533993648354,1.0
3428.4330640751905,173305.30834825573,67494.0621803,10,0,2,0,15,0.8776618089744893,0.0
3328.0491837314853,156973.62141043897,24532.151259982966,1,1,1,0,15,2.599914998993164,1.0
3590.8454371192215,64259.59049610121,7129.782658882501,8,0,3,1,24,2.913883415573608,1.0
1377.3089865790082,88022.57088328188,12704.928361496935,4,0,1,2,23,2.090955379709498,1.0
1612.5589817621267,194324.54868491643,49897.53654694941,8,0,0,2,12,1.4119263390805654,0.0
669.9935939262293,131007.09083954075,49745.311221930286,2,0,1,1,17,1.0527056677016364,1.0
3294.7743606382573,166196.45154119673,23034.104173316657,4,0,2,1,24,2.358897140568357,0.0
246.9957803114801,74980.47591068395,58992.87139184039,2,0,4,2,18,2.095997196628583,1.0
3008.5275608411225,65708.99643048189,62570.29196576415,5,1,2,0,8,2.7722461555218536,1.0
4354.994630015588,163265.87790391324,73878.7022122886,10,0,0,0,9,2.757829907377168,1.0
4459.619134033686,146598.31738934483,48040.18739822425,10,0,1,0,15,1.267960778274743,1.0
2272.73691383131,145766.24796599982,63015.59903936311,8,0,2,1,13,2.5072981451162915,1.0
2323.5532566547154,123947.87891096296,60988.675342415794,7,1,1,2,5,1.1339884588212996,0.0
430.9974558896859,125808.3182720133,22851.296731973853,5,0,0,1,21,2.4549798507702114,0.0
3370.286875943027,155068.57590206314,26887.39645119977,7,0,3,1,23,0.9202656581014053,0.0
4115.234130845585,75900.4217906032,39843.1444729711,5,0,3,1,1,1.3692595374915821,1.0
1261.0425202933295,89970.63919568248,4466.000499752134,7,0,4,2,21,0.7148589048436345,1.0
2135.439364085155,178178.25098840936,25899.62853314471,4,0,3,1,12,1.2394362894712816,0.0
4202.254716988088,82507.08417206682,39488.98124750632,4,0,1,2,1,1.2953874598712356,1.0
4391.746314928326,122872.62713448083,11321.335736648067,10,0,3,0,24,2.1716928911645956,1.0
1253.7409023079183,149448.7088811363,12723.243358684658,4,0,2,1,24,2.288137598166051,0.0
2775.324640979753,199987.22056164002,38669.228651775265,8,0,0,0,17,1.9700931158344612,0.0
1002.841095647344,103999.52635420643,59284.3074321167,1,0,2,0,2,2.425206245527703,0.0
554.299882490805,102775.78902624044,67198.6676808926,10,0,0,0,7,1.628931800764059,0.0
4560.04648189019,173240.02450372349,45066.17010786564,5,0,0,2,23,2.0697850208739985,1.0
4111.51214594894,166935.52891417677,39555.672041098296,10,0,0,0,3,1.3981460178206022,1.0
3812.172763925711,154282.89989487326,32589.60377140115,2,0,5,1,18,1.8033196877061706,0.0
291.3932781250451,108749.03835953491,17857.07241769568,10,0,3,0,14,0.8526605354425236,0.0
4226.457523915775,85069.65042732169,14285.274216706082,4,0,2,2,10,2.027473559012462,1.0
2218.3181757316497,133484.18203942425,63976.026777959225,5,0,1,1,24,1.0123601516098306,0.0
1744.8558603145052,178957.95983237895,38805.510680349886,8,0,0,0,7,1.6521639138558353,0.0
2755.0579870756133,180242.16789545972,63854.65890194111,2,1,2,0,14,2.1636285927534455,0.0
502.1985514816013,48444.71866197453,57214.39376434849,2,0,2,2,3,1.569595416537001,1.0
3795.4004192943744,102819.54824823562,17929.98540752017,2,0,3,2,11,1.05788905894441,0.0
2933.0536305970645,109002.73255378741,42293.65934426438,8,0,0,1,15,2.16548768806247,0.0
973.6209795221793,196194.61247903804,37189.28054254641,3,0,2,1,19,2.6313333961108865,1.0
981.7493888567757,145259.66259123938,35638.25996898365,5,1,5,2,23,1.7509988804700174,0.0
962.0308252847374,99231.890934552,44777.97078869367,2,0,1,1,12,1.8941217623779596,0.0
332.16181838207325,34429.84061755081,78620.30638280872,6,0,2,2,5,1.4771649227837558,1.0
2959.60232438984,126115.4772168633,65593.34602064738,10,0,1,0,9,1.957992888896941,0.0
4209.7234790631155,46332.915858520544,72585.85723554016,6,0,1,2,7,1.738262230206728,1.0
136.61615923757358,171856.49274911973,5282.247904554891,2,1,3,1,15,2.3664439704934916,0.0
292.57299260780405,157928.17229696154,13805.900243022958,4,1,2,1,1,1.10065465623358,0.0
2885.2128696003815,108286.55718439039,9526.80183729139,2,1,2,0,1,1.7155489786625475,0.0
4106.503642660959,102965.83252208895,23268.7873900263,10,0,1,1,6,1.2905699135484276,1.0
1667.3575083147362,182547.62414669068,37025.72188143209,4,0,3,1,21,0.73605831628146,1.0
1780.5912740982246,79037.91957108182,52438.100069503496,7,0,0,0,5,1.4662553642076812,0.0
3001.9151626090406,72333.39355815103,41564.00750406836,5,0,1,1,11,2.8829020489263977,1.0
1407.3538011645276,189663.56358037956,72545.16144831176,10,0,4,0,11,1.6512216137901043,0.0
181.71141208453645,167571.79224809204,75368.90883482751,4,0,3,2,14,1.8640566230499367,0.0
3689.3811646029003,169506.35082142308,15591.113242204336,10,0,3,0,8,2.355593367839322,0.0
3146.967069060193,63182.94842690734,68674.29486038844,10,0,2,0,24,2.961993952993841,1.0
2924.7421953255125,54360.31854325885,40092.609709024175,3,0,1,0,14,1.5294374590661037,1.0
3721.3364385095247,34425.023468912936,37906.36929143859,6,1,4,1,9,1.7941885997403524,1.0
3392.3926459320855,70297.0565161756,63440.32983331175,2,0,2,1,11,2.921281267243591,1.0
1069.1158414826896,161612.3835914352,10171.819196455497,4,0,1,0,11,1.5719597359428177,0.0
1794.7811823695881,70806.53118990546,70951.97081127428,8,0,1,0,20,2.475828499753549,1.0
674.2452013091937,153947.55821112896,54656.47830016633,2,0,0,2,21,1.6095850113341241,0.0
692.7922164185111,72824.40511246165,70395.14378966583,9,0,1,2,16,1.069100503015185,1.0
3397.168944464869,97199.72465161419,79574.77348348695,2,0,1,0,12,2.840822420578223,1.0
4300.070529563366,197137.58928493943,42886.342831508504,8,0,1,0,7,2.2801350153049347,1.0
4815.526290112638,71617.99431830304,10181.189238987532,8,0,0,0,3,2.658842939168015,1.0
3160.3182318697495,93983.0066407055,15822.33744567826,7,0,1,2,12,0.7902161408338572,1.0
961.301550636737,81184.82067908632,27918.604676681865,10,0,1,0,6,2.2622611518291795,0.0
572.969209972207,48636.24767610039,10973.576544372636,6,1,0,0,19,2.1010107791763577,0.0
4073.612309106951,113282.00416224024,65781.32061260828,1,0,1,0,4,1.7099304654956113,1.0
2914.8445579819963,94377.41276661039,25858.82452952317,2,0,1,2,10,0.8552401584128545,0.0
3110.510854017913,148130.8045872376,78143.23647752963,7,1,2,1,8,1.5369498345764463,0.0
3918.2373393358107,168991.07298176285,57099.54025875289,4,0,2,1,10,2.0442169114346043,0.0
3531.2222772756354,122522.45146425856,16354.138509677938,9,0,1,1,16,2.193681036208701,0.0
4180.5683516376785,35473.39175484727,39655.283814683404,3,1,1,1,11,0.7924526905014779,1.0
328.25883202639847,135216.80055990268,38950.08506576573,4,0,4,1,4,1.609562486015283,0.0
3750.227151895199,39416.424103559664,40923.39769168981,3,1,2,0,13,1.5637962121011766,1.0
4261.721148744372,134780.57501183424,44248.22013950604,7,0,3,1,20,2.4656112459592054,1.0
1466.368460168656,146455.09137576204,5400.327338465277,2,0,2,1,23,0.6030217184079602,1.0
3220.2140062666017,63620.49669497813,55845.18668225901,10,0,1,1,3,2.4637235229481047,1.0
1605.102215993012,169288.84528270108,40513.76669721013,2,0,2,0,3,2.4588093472729593,0.0
4791.956779088147,184884.47236758826,63904.33571288982,2,0,2,0,17,2.2427337783619814,1.0
215.4466835557436,168224.78389934934,65781.91714105316,4,1,1,2,7,2.749383862359606,1.0
2919.9745769731276,81868.56233605396,20751.204393362244,8,0,2,1,11,1.662921746717399,0.0
874.1925578950996,129729.31211575786,6728.566874861891,8,0,3,1,4,0.7402260766202922,1.0
3575.4900156269355,185518.5753625087,57149.00692064884,8,0,1,1,16,1.3287506988037827,0.0
920.6569029223773,84513.00345788448,78287.73471171832,8,0,0,0,7,2.0281234457707162,1.0
1215.1471463968699,169404.72978512227,37392.66496672938,7,0,1,0,16,1.3072393084413867,0.0
2497.1355146765027,31610.772314488408,22990.186338706877,6,0,1,0,18,2.082368926174078,1.0
4578.433002484547,30619.939473394967,15063.735882928035,7,0,1,0,21,0.6090578633411023,1.0
1097.9861421324556,159150.98225762445,25133.31099907505,5,0,1,1,12,0.6758550586010623,1.0
763.9881045346125,159446.0889616106,28249.805455601632,8,0,1,0,23,0.5262897938654005,1.0
3806.9353176774516,164126.12193488993,35638.35524445376,2,0,4,0,9,2.9398971371223435,1.0
2528.0666850529583,188104.5624409876,53466.34848752316,5,0,2,0,10,1.1541061281215872,0.0
4563.336306289769,50044.073009448315,24033.555318177485,7,0,2,0,4,2.488883283763852,1.0
775.7420579412193,69437.44744722702,6925.21078708805,9,0,0,0,6,2.7171109669473252,1.0
3247.3430704640446,183633.23646354728,31742.453091099407,10,0,1,0,19,0.8940233017065903,0.0
1202.7517734514845,60130.15362130008,68883.48044424884,1,0,3,0,18,0.9978043253052913,1.0
825.9641218256146,145978.9754880193,41373.06633559505,9,0,1,0,12,1.4558985585581627,0.0
3432.975605028489,120178.7100069386,77288.34934639656,3,0,0,0,18,1.7601584476715089,0.0
2988.7388685482297,44142.92506475623,41778.85789383235,1,0,3,1,21,1.8368557466349904,1.0
3786.3959188935396,78494.82253006058,24244.208902982282,7,0,1,0,3,1.4642096243001095,0.0
1581.8397534086027,118463.27679496453,17885.177787881523,3,0,1,0,18,1.9655699752573228,0.0
2267.4596990918403,174899.5198362518,56478.38625248938,8,1,5,0,2,2.340212679284637,1.0
2057.0847978355714,150281.54323449451,44301.3590048626,2,0,0,1,19,2.250306409791351,0.0
4921.242846634245,135720.1374473386,49507.91753264899,4,0,3,0,17,0.5755200587309823,1.0
1496.63233585997,114325.59129004052,61144.762778728094,2,0,4,2,11,1.9832410611664493,0.0
1509.3453298164961,80776.27724840282,58894.566748396755,4,0,0,0,13,2.281563006201655,1.0
1805.0136337016065,50271.6349242744,6338.974112953478,1,1,4,0,24,1.0016818695052263,0.0
2844.7407023870915,99542.92587623624,64798.03670771717,10,0,2,0,9,2.009049445422699,0.0
1298.9975841055389,34848.14396491974,44018.15464298178,5,0,4,0,17,0.7770647526030384,1.0
4580.685204877406,65879.5011753646,33161.55687273749,3,0,1,1,13,2.1623720293935085,1.0
1365.1435460880043,103522.17389835218,44388.99582264142,9,0,5,0,21,2.051019447432507,1.0
4484.287871222964,101162.88156422556,50158.761531214026,4,1,2,1,24,1.1023966580628248,1.0
562.201565050594,37530.223269488706,14511.985860282368,6,0,2,1,13,2.688315214822459,1.0
3299.985376878279,130140.22609929951,35140.98544013627,9,0,3,0,2,2.5164526179383686,1.0
4539.578316269306,123446.32349505015,28840.13818449015,2,0,2,1,17,2.3475167462953985,1.0
885.3097200712361,43277.73168355518,29981.48875098896,7,0,1,1,5,1.6488930032367581,0.0
4843.218452491312,190337.71891827468,10032.790257362733,3,0,1,0,14,1.0672307237671812,1.0
2291.772634056783,46895.07242164622,15307.948576017741,1,0,1,0,17,2.4554496021845376,0.0
4731.289786783071,175321.80571034714,15461.069204139047,9,0,2,0,6,1.0363721670366126,1.0
3400.259215968733,30052.65442555101,31738.305228066878,9,0,3,0,9,1.7173385796459122,1.0
1542.8550058740802,179987.78615771513,71875.84895535895,4,0,2,0,24,1.4467400213309538,0.0
982.0974983396768,33352.35447473313,18864.107637912588,9,0,2,1,12,1.0049984248240666,0.0
1553.488478814242,158828.0454216597,35046.82309095995,7,0,3,1,22,2.0365811144239387,0.0
510.43617585024117,91487.43792104299,26993.924978033618,4,0,1,0,20,2.9551753558941476,1.0
762.1464333994824,155496.85602317436,63628.51506645303,2,0,2,0,23,1.69068825538216,0.0
568.0691797150816,98296.68492224635,6859.735288702844,5,0,1,0,12,1.7488301277376888,0.0
2143.570541520711,42054.3467964131,18133.84145626356,8,1,1,0,22,1.4318417192763628,1.0
3988.112962475053,160476.13821721188,19219.398761319168,10,0,2,0,7,1.0707042278543153,0.0
749.8485933708839,42112.95650463205,79458.1356241188,10,1,0,0,18,1.206435677010584,1.0
695.0861442030626,186760.47411340705,46949.67638340538,6,0,1,0,23,2.6895538043425815,1.0
3234.9733001107875,38665.586084582435,13699.786357530902,5,0,2,0,20,2.870302343551935,1.0
1026.055760741928,111485.29722115763,23959.333724295542,4,0,2,0,5,2.5655852560197916,1.0
533.1696886395084,152915.85324463528,15922.301247465168,6,0,2,0,11,0.5661141148596558,1.0
875.9004621176093,96851.89901464642,12594.551860697495,3,0,5,0,14,2.0194959952665155,1.0
4622.4704095900415,66929.69068071389,64383.016187407724,2,0,2,0,7,1.873181136170405,1.0
4116.282701242144,159045.4634373246,41172.952406847326,1,0,2,0,11,2.4369112666724706,1.0
1802.6195836577158,163330.09981408349,51603.180537356166,9,0,1,1,2,2.4513994961014625,0.0
3296.3127982705946,186858.14727224244,28506.346018383694,1,0,2,1,17,1.5952787665910368,0.0
2709.5145846567884,93948.06877328322,45634.52162718437,4,0,0,0,15,1.218827889456125,0.0
3401.7651042386915,116062.79486454556,22832.815504324677,6,0,2,0,21,0.7432582541944633,1.0
3429.2222046906586,91731.83528383225,26718.79316947408,9,0,0,0,1,2.0283053168774106,0.0
3162.233374546965,73703.90971473258,53222.32171623844,4,0,1,0,13,1.1840183141197742,1.0
1367.2017742596774,157675.60346139345,14576.95969578073,7,0,2,0,6,2.9115974671492775,1.0
243.08178277594973,87740.81365288243,50526.083155894565,7,0,2,0,2,0.6168701343351821,1.0
2305.0555708510387,102785.40513869985,68622.0808645808,6,0,1,0,2,2.910725674005838,1.0
4460.320729218984,98624.52179608474,12272.588415919217,9,0,2,2,20,1.7393768903925408,1.0
2869.011429666951,151152.4083599468,72104.51860388838,10,0,2,2,10,2.016472847777529,0.0
4170.335656424444,186025.25643881556,9117.317383014914,7,0,3,1,18,1.9588389149257794,1.0
4958.540497658079,143348.53042225415,29866.010475602223,3,0,0,1,12,2.3817685832396247,1.0
859.9002104844675,110169.04133601954,50009.21727332558,6,0,2,0,19,0.7272589752060178,1.0
3474.2993137528124,162464.86950561017,46074.936529127335,7,1,0,1,13,2.719630237681378,1.0
3387.753189815122,138965.1251007634,10422.112582071377,7,1,1,0,8,2.477615756392944,0.0
4900.779464423478,40303.76071002829,64516.313919510685,6,0,2,2,23,2.625413967534403,1.0
4928.723633066362,46262.80969120308,77932.80357218446,3,0,0,1,16,1.7134493950114809,1.0
3449.059128034441,36445.88049251767,16954.578267150297,6,0,2,0,11,2.2445098512680226,0.0
1255.8932203118616,107658.77545507437,71925.08467579064,2,0,4,1,23,1.6431605946407244,0.0
4002.8513987464653,170395.08383762403,45874.32704260479,10,1,2,0,20,0.825891523101583,1.0
579.7942143446386,83224.13878972986,75066.90038589021,1,0,3,0,4,1.2550145733792442,1.0
3914.461555649562,95307.23112572188,16558.618798090603,8,0,2,2,17,1.1960263093653716,0.0
4555.470814516248,184611.1084225414,63985.64727481569,3,1,4,0,8,0.9150885994151012,1.0
1945.0253041037545,172273.5857038313,7603.181309290498,8,0,1,1,1,1.1032899926737874,0.0
3171.6447101662484,143058.1791050352,71006.12640380993,3,0,2,0,20,1.7462849277482404,0.0
2179.20652387929,75356.64295568272,54910.27550937179,2,0,2,0,3,1.555531741015906,1.0
2216.937022191236,49897.0520570354,31509.618362027115,8,0,4,1,13,1.3229104431371823,0.0
1586.3359010851943,32729.99985561933,17665.94540933446,3,0,1,2,1,2.7668037970825043,1.0
3822.541621229107,48191.814342751546,65873.04858967477,8,1,0,0,23,2.446772697454409,1.0
4684.0739926242,79741.39541607027,49449.581747400494,2,1,5,0,23,0.5062988008583678,1.0
4706.716753210582,123804.31080851426,30752.020676996108,4,0,0,0,2,1.9259043698521412,1.0
915.1673601309225,40880.01406790577,37175.358509793754,9,0,1,1,5,2.2496856748065097,1.0
4379.9810658000015,53158.722314136336,66643.78451757299,1,0,2,0,8,0.6335154096058155,1.0
3700.2856350642546,60783.71939234997,29097.393888478815,2,0,2,1,17,0.7849990809525347,1.0
1301.5451334169318,137436.95580716204,9901.71621446451,2,0,3,1,23,1.1964049457675046,0.0
383.05883396149704,134684.26582662115,73168.7272596674,9,0,2,0,23,2.034586481635558,1.0
1376.586471077671,123630.173483266,32825.46795366866,10,1,2,0,2,2.8078084958731444,1.0
4565.430772068552,72585.24219830974,29825.838355871438,5,1,1,0,8,1.7146319458346375,1.0
3184.234440734073,93090.34750718444,18738.770653447333,4,0,2,0,11,2.9557543295697326,1.0
3619.220571444466,46437.25177741631,72101.53798458261,10,0,1,2,19,2.8418506043367002,1.0
1322.9041379900245,68498.30263886933,19747.910693963207,10,0,0,1,13,2.0933999813768467,0.0
3610.9713700953603,182609.88850033868,52023.810836106546,4,0,4,1,7,1.6449602948828452,0.0
189.2014560757226,196547.59689409085,70818.90589382393,7,0,0,1,19,2.2039549046123863,0.0
1907.8406615764184,140102.12955885008,5688.348324447739,3,0,2,0,6,2.4780041462455493,0.0
3152.4290752845395,185859.95964398142,66816.96130811507,9,0,4,0,13,2.8576775727800325,1.0
773.1779994295351,139266.12306824228,34616.15547011263,5,0,1,0,17,2.383792155064028,0.0
4123.867693512327,35643.40263792988,53664.04229542131,9,1,1,2,20,1.4788887531637496,1.0
1213.4049291189972,199449.63944768952,31675.151368367653,1,1,2,2,23,1.7332571993438501,0.0
3278.791508451309,46821.89128671093,56554.75173875703,10,0,1,1,23,0.6175341152290563,1.0
2055.7258557478817,146049.10624566034,22580.708420942836,8,0,3,0,4,0.5718620807458265,1.0
3000.4157976143533,72982.1545227143,4688.651767525513,2,0,1,1,11,1.203788656916775,0.0
581.8802355130953,96636.78919418322,75979.63863867242,8,0,5,0,17,2.515247275334458,1.0
133.71835961195626,139808.8114161595,4260.317831086374,4,0,4,1,1,1.2981098739509034,0.0
4552.34391553249,104202.8493823102,66455.64530178005,2,0,4,0,11,0.7922890543081416,1.0
1384.668543397555,72592.8300182918,16023.594685830483,2,0,0,0,19,1.3903218909748771,0.0
4107.401163763272,86855.8517693152,33200.957602356146,6,0,1,0,13,1.2639370654973732,1.0
4996.7839873373905,88063.17987693998,66331.91299096629,3,0,1,1,23,2.973292428574994,1.0
1096.5847270946103,193085.06376639634,18856.775574050593,10,0,2,1,14,2.928389654588738,1.0
1362.5951688576101,165764.21270698667,69659.48562542775,3,0,0,0,16,2.3423175520346575,0.0
3331.155948791595,107953.29115149802,41327.43831084641,9,0,3,1,14,2.572326975359225,1.0
4828.970741273075,63969.5564580319,31193.816629230296,5,0,2,1,7,1.1346441443468998,1.0
4583.281023544182,167872.73874465152,54007.70649869788,7,0,2,1,5,1.8441862078106093,1.0
2539.2338243246454,56721.0201734235,29287.00859253373,5,0,2,1,9,2.9962372928846293,1.0
3985.795898507287,65778.57691414058,29741.20364271949,2,1,2,0,11,1.3080355066824767,0.0
721.9419728445102,92222.27661282569,59481.532102249344,8,0,1,2,18,2.965477478469578,1.0
4888.319011809861,179659.1932948383,26857.081289511305,9,0,1,0,9,0.9706446376961768,1.0
4823.548508478133,52403.73366779875,18459.493923290735,2,0,2,0,9,2.0503527141834987,1.0
860.4583415018963,50779.81278526943,65188.75185573605,2,0,2,1,6,2.454849703923281,1.0
1532.1444677753777,113975.74801189522,65013.569596996844,4,0,1,0,20,1.9829465160530872,0.0
545.7672376584962,76989.7919859247,41314.09918542893,8,0,3,2,21,1.2722637836494317,0.0
1395.0021145459896,126683.75008018718,43552.48244454754,5,0,3,0,6,2.5349608141381093,1.0
4088.981157605273,106778.23639614799,56597.90018410818,5,0,1,0,4,1.0043637604914422,1.0
1922.6622554680343,103943.04807970686,42214.120465707376,7,1,2,2,11,1.575715851766963,0.0
487.564987376454,49035.40498278886,35112.07684063091,4,0,1,1,2,1.1993497525127879,1.0
1744.0163476555776,53978.44734247283,79606.85288384942,9,0,1,1,12,1.7384770743045659,1.0
4907.847504494336,169583.3581659645,14368.312944647038,4,0,3,0,8,1.4685346787884628,1.0
3166.9337965330546,180600.06538719655,48640.05440146927,8,0,5,1,13,0.947744862456718,0.0
2109.996684710481,69896.20059049255,71211.45300782584,3,0,2,0,4,2.3547194477016156,1.0
874.3656418114865,49288.28525921074,55915.558170945835,6,0,4,0,9,0.9415525627520065,1.0
4931.575146554289,39080.83422886681,70831.09402979436,1,0,2,0,16,1.8641130462053999,1.0
4113.202595852487,133410.59433612245,28897.77346730979,7,0,2,2,2,2.5114454872516765,1.0
1443.312647132051,151610.04612503495,23943.45917203842,7,0,2,0,19,1.7081725395617557,0.0
396.8400438198878,93377.69816454494,68547.97379146206,2,1,1,0,5,2.7171482609446516,1.0
330.2965090189123,145544.89747340872,33346.82236628046,5,1,0,1,20,1.5720237137687936,0.0
645.8718400523925,151202.99864511943,57645.53887541297,4,0,2,1,14,2.9267733148229667,1.0
2924.804488891387,189008.1878374739,14376.640537886798,10,0,2,0,11,0.5622577181859402,1.0
4647.378934967187,41028.51843196823,61199.53565400395,9,1,2,1,3,2.477679435660719,1.0
2508.8799686296234,62689.592949283564,45271.66397491494,2,1,2,0,20,2.269648060350834,1.0
4222.580138158176,41649.41789148798,23683.09627310549,3,1,1,0,9,2.0276787267305614,1.0
2257.138768306049,177558.96866713878,41076.80522483569,1,0,1,0,5,1.2402656554832123,0.0
3557.488551550735,164739.81720570664,56664.65918965717,10,0,2,0,23,2.0267858944029316,1.0
3672.7700495681793,127689.15200571263,3915.2534812485433,5,0,1,0,24,1.9864271714840012,0.0
911.1203442215264,44222.779708701135,52084.96352868797,3,0,4,0,18,0.8735062780930359,1.0
1838.0194919302683,76463.10097113234,44702.48992704213,4,0,2,0,9,2.699612505592565,1.0
3204.6456748632186,80612.37416994787,19962.03491649841,4,1,0,1,9,1.8365384413696777,0.0
399.9482105126126,125326.3433226209,60979.54269616715,6,0,3,1,2,0.7226384067413928,1.0
1839.6239294266352,73867.46198624163,26366.495816756487,10,1,2,0,6,1.478919732650416,1.0
2697.2573580919025,42403.176865202324,24318.291729085486,7,0,2,0,4,1.041293153394589,0.0
4981.311240570962,154229.5913150609,39283.81287294785,7,0,5,0,1,0.921579085783699,1.0
2398.9411349810816,80843.63598141992,55063.52523852208,8,0,2,2,13,2.8659194605637,1.0
4089.4809477159015,106903.6100939611,74521.14014247159,3,0,4,1,5,2.1870780381800365,1.0
2188.7330610797576,51703.32794699191,13884.507721172005,5,0,4,1,14,1.253962385928674,0.0
3992.134076967559,166433.21157707853,33528.045297883495,10,0,1,0,14,2.1958789692071647,0.0
2997.3032680195365,126140.4190770898,8158.198623472505,6,1,0,0,19,2.507600964622048,1.0
4438.647435436872,183269.55645567668,61408.40755532417,6,0,2,0,1,1.2923293671774654,1.0
2084.165634133044,114230.16572110666,37475.43250546478,8,0,3,0,18,2.9620339936199684,1.0
3041.3068781163206,190042.36420903954,57433.54340949025,5,0,3,1,7,2.7036301817830872,1.0
3168.5924690631955,181617.59474482542,27808.97064617412,5,0,3,1,17,2.492827510311211,0.0
2116.0455619123427,127998.17559806976,68012.4275882869,1,0,2,1,3,2.2881206641040848,0.0
764.3446162530336,188761.88448547677,44181.76202448883,1,0,3,2,1,0.5968486569876525,1.0
513.1190642160609,84925.08704007388,75657.80228042144,6,0,3,0,1,0.556009355219302,1.0
132.52417546818384,92159.16765971592,9068.727214090632,10,0,1,2,12,0.9120418858238448,0.0
4373.9946080138125,37731.25172202628,42599.315489739725,10,0,1,1,13,2.792318552031039,1.0
1220.550815581538,130164.15414985502,62017.05394182279,5,0,2,0,24,1.0433297070698695,0.0
1096.958408944752,152727.07488791866,49211.75390166833,10,0,2,1,22,2.252838279834097,0.0
3693.375232109024,161498.26234115753,4785.948812866893,6,0,2,1,4,2.9497536838625873,1.0
1634.0797597825892,55468.76862783756,77870.07823247882,9,0,1,0,15,2.843187947050372,1.0
2554.921227438591,105507.04229312505,25966.304366844175,8,0,1,0,24,1.500740146109336,0.0
854.4297732224087,60066.74605596566,22194.39571021142,7,0,3,0,23,2.2027624374621317,0.0
4800.741321236747,142561.64930522232,40395.81042170662,7,1,5,0,17,2.398244808216432,1.0
4265.327930085325,56850.883311700585,44746.17427929787,6,0,4,0,21,1.873803458690096,1.0
4325.758633676766,183707.82627253275,62004.186594416555,6,0,2,1,6,1.8075743554389914,1.0
2063.530055431426,69207.88976244026,33282.071639742164,1,0,4,1,22,1.0587538242110797,0.0
3823.6880078505055,79538.38526900162,36876.94898759034,7,0,0,0,13,2.1897630992214094,0.0
762.1869691794118,174654.07476566994,44191.91352690499,5,0,4,0,7,1.2345101350277004,0.0
92.66406282931237,107939.49372477304,33367.80668010633,7,0,2,2,5,1.2715139747455746,0.0
148.86601626123922,34079.310786012415,73420.20209078901,6,0,3,0,11,1.164265718605539,1.0
2953.6786001525743,114079.66270444979,68546.40143083742,8,0,0,0,5,0.6645650530138207,1.0
2304.204780977307,44372.36701462092,38032.97452099663,3,0,4,1,1,2.6091323342528763,1.0
2614.1759770971726,197508.6021768428,3015.0043999734194,8,1,2,0,13,2.657659851223713,1.0
86.94254506523606,129978.96697745241,72371.95615575461,7,0,1,1,12,2.309387278085657,0.0
2142.298767304257,73610.54499386634,12573.916154838824,1,0,1,0,14,2.819352604099264,1.0
3604.437397944261,125832.00552309502,21827.45596994156,3,0,1,1,21,2.0783331301996766,0.0
2241.3338247388074,43067.40757489832,14731.81889613566,10,0,2,1,1,2.0990750947920263,0.0
3674.4850712455,165981.5217256989,16845.79888853883,4,0,1,2,13,2.7191969227765878,1.0
1203.4438737643322,187305.76915690783,64821.57041751727,9,0,2,1,18,1.0213558708566297,0.0
4075.052922184541,178655.5459950471,47621.611008276166,6,0,3,0,17,1.5886684824917747,1.0
2962.7346402445887,88098.79239075567,76619.32756065183,7,0,5,0,8,2.2603452196672835,1.0
1093.277342178036,85380.58033937265,20821.92044892617,5,0,1,0,8,1.1716417861280108,0.0
1221.766355476473,35964.893906771,40393.88792610502,3,0,1,1,8,1.0715584114943864,1.0
3158.7507996192085,140738.06097915582,78261.98441935019,5,0,1,1,17,2.745678934526852,1.0
4158.2009864015945,120933.81331226513,66636.15059915726,7,0,1,2,20,2.990018995298533,1.0
2107.357521044318,108088.88312564803,59103.407292277814,9,0,3,0,12,1.4660207957129279,0.0
1328.5871241815814,184297.26206690018,17551.09050555098,9,0,2,0,11,1.0915108764037738,0.0
4341.707454207472,58539.413184083875,62244.21587004814,8,0,2,0,17,1.511148744368516,1.0
3362.8780441666327,31643.265337331,29762.51443988567,5,0,1,1,20,1.259630710438458,1.0
2268.0231620512286,42463.79686053012,43851.34107260034,7,0,3,0,7,2.5543972034894926,1.0
2465.105966632544,67973.14443065271,49905.41340404459,4,0,5,0,10,2.7524068327746063,1.0
1061.069516285162,35658.54337478768,49921.00578736756,10,0,2,1,23,1.4773038249879593,1.0
3152.6730188209776,115483.43080933303,58942.30733734076,5,0,5,0,17,1.9989407154235492,1.0
1825.7754271872986,83395.37738970827,53951.06113344983,4,0,0,0,18,0.6969091140530438,1.0
4978.443624538028,60682.11137158255,8264.557706915417,3,1,0,0,22,1.6554712692125513,1.0
2426.9084005463446,157514.29274127257,38215.72099808126,1,0,5,2,22,0.5170944924851615,1.0
2455.1337506385853,64756.725459530106,54129.6637174384,5,1,3,2,17,2.177736689729674,1.0
2850.966347682826,146892.86716894485,25791.45962676111,2,0,1,0,20,0.9400517560262087,0.0
4587.942215437796,89375.03399409862,27105.364915662005,6,0,1,0,11,2.6951040876526915,1.0
4014.049594305764,117010.71931263428,12591.701177105397,5,1,2,1,9,2.0750719120147347,1.0
2283.093845499315,188757.39677472436,35233.35392006386,2,0,3,1,8,2.8203304786913046,1.0
3607.56136656534,36349.77791868818,78985.94344157545,8,0,3,0,11,2.8454176755552694,1.0
2951.86571896477,115044.96627116852,24969.590819178877,5,0,0,1,4,0.9229083615677767,0.0
2487.216891071182,175251.9032556951,43920.64073682955,2,0,2,1,19,1.7829134708439052,0.0
1001.9630752825351,129955.62222295925,60229.268463989494,1,0,2,2,8,0.9886516626281723,0.0
2346.48450410171,77067.98788407663,4039.289858088841,2,0,2,1,9,1.632846816129084,0.0
1266.8020057617446,97605.79297465584,72333.84608906902,1,1,2,0,14,1.6252356813296358,1.0
4578.46864176569,145645.15688385768,32764.364223820266,10,0,2,1,14,2.339374794266181,1.0
1710.2637268069172,181438.02203334653,69921.93097674563,10,0,1,0,1,2.9403068907387473,1.0
4763.706871940193,36981.28353692397,5998.96973525981,3,0,2,1,15,2.0724208564863913,1.0
2688.6236859688206,42161.59972136399,14216.09349350304,3,0,1,1,8,2.540084532101009,1.0
3176.1446744469936,85258.75901362988,27834.76799477206,10,0,0,1,5,1.5091533524600589,0.0
2737.5552002221725,69572.54635437143,29600.556525872464,1,0,1,0,19,0.6820578030126363,1.0
690.4340539851694,75038.25065780903,68280.15517315728,7,0,0,2,16,1.7866797162881405,1.0
1910.3150340893078,67615.89976639976,3862.4858848941108,10,0,2,1,10,2.7598331046955025,1.0
540.7732557742385,63290.25830537681,52365.60678816532,7,0,0,0,11,1.1006436765216663,1.0
3133.62251870774,52206.0743677796,13111.057585748371,9,0,2,0,5,1.1571518709304898,0.0
2262.0272662421726,188772.20240519047,66387.60510475081,5,1,5,0,10,0.7619616804308436,1.0
3901.0256092761374,54512.20886404602,62950.14147875925,4,0,0,1,16,2.9920505523223317,1.0
1141.3288809468806,64748.64171014115,41493.91911066244,5,0,1,0,4,1.5368360222162887,0.0
864.6019892252078,71865.17307673357,19376.91636445289,8,0,2,0,1,1.2471850798615056,0.0
2061.3445432706503,188612.5284321715,51856.14510434784,8,1,1,0,24,2.8169300039237526,1.0
4636.597646930986,158471.4027121844,15031.890459638715,4,0,2,1,15,2.5281035447477933,1.0
3566.587984311438,164248.9031536375,17631.832029634315,8,0,1,0,7,2.692414730739839,1.0
2123.6719427249473,47808.90412154466,51255.122471352544,4,0,1,0,20,2.876035801081869,1.0
2610.497240283837,172172.6787526642,79324.59034882407,4,0,4,2,4,2.6419651831545665,1.0
466.85440532663677,99392.82390896106,71611.68446844607,8,0,1,2,14,2.9641360291031336,1.0
4923.6506870617595,74679.91445610608,48669.266541643134,2,0,1,0,5,2.0983656990589936,1.0
3348.716158239849,127877.51419845279,44467.331195091625,4,0,1,0,17,1.102230794971045,0.0
1462.7501388939413,169771.09398884478,79875.63576062435,1,1,1,1,4,0.9178324684230097,0.0
2949.7515513654594,162370.86568273458,45149.58036780982,1,0,1,1,5,2.0056634970580225,0.0
591.9377120415202,181299.57203879245,35348.97219087718,8,0,1,0,24,1.3971997390516493,0.0
4830.891510597538,187782.47162262545,73035.7762547013,4,0,2,1,17,0.8281080619190219,1.0
915.1856900226614,70480.75214271742,21032.190781935195,6,0,3,0,11,2.4931597233027407,0.0
3257.75007437331,102055.84200877618,10509.50125285429,5,0,2,1,4,1.3744698709695153,0.0
1264.9995895677057,32486.8516648619,51824.932645860936,10,0,2,1,15,1.6129211747170167,1.0
3601.928844110252,179484.6820750602,10380.421800193673,6,1,3,1,7,2.0294641571833845,0.0
3895.265767839391,56277.26575071049,31732.43734537793,4,0,5,0,5,1.5049859217218338,1.0
3383.4276581115914,176450.71809825802,35615.45868979248,4,0,2,2,14,2.6656745327983633,1.0
3091.7723282632032,85995.84473772137,45160.43116279095,7,0,4,1,1,2.9560538463652897,1.0
4467.722015062458,92582.71029679349,79357.7850225931,1,0,2,1,7,1.4631792233621126,1.0
439.2022193993023,36652.48326225609,20015.59269665492,9,0,3,0,13,0.9459412484893202,0.0
1688.0280906119663,85569.39426010434,31933.241145032225,10,0,2,0,13,1.1953119002819053,0.0
1279.0230241726874,181021.8260762149,13182.489579620667,3,0,4,2,1,2.184896758432659,0.0
4940.669112223837,34343.0581906727,49786.241504559075,4,1,2,2,15,0.7056894604008253,1.0
1977.4794093510238,99075.67041794331,59030.83503770318,9,0,2,0,2,2.186540115413555,0.0
3676.4328612399736,35337.93706816599,40119.91538916267,5,0,2,0,8,1.8191475652484907,1.0
3439.3895612109727,93056.98226854103,21929.00765832777,4,0,4,0,8,0.6133868849189266,1.0
1099.8021255130197,59348.9089326495,50808.39672699457,6,0,5,0,24,1.5267889900856655,1.0
1233.038517047179,72877.12685562324,44515.14469940141,1,0,1,0,14,1.0764352124242795,0.0
1442.3585895875187,179191.72343744122,16181.300702086266,10,0,2,0,22,0.8254890188387058,0.0
2085.0800273839272,104128.36750572147,34237.50633866403,1,0,0,1,23,2.8522565178209422,1.0
1209.9090749701077,76545.65853832508,36510.17605591001,5,0,1,0,4,1.2275763528782628,1.0
147.27483959689664,130187.52425159312,78661.56704040033,5,1,4,2,13,1.735142485478652,0.0
4402.9956311956175,54158.183171539,68395.00907597518,9,0,2,1,5,2.030111565022977,1.0
4829.768665335376,74096.5732615455,59546.55069706673,1,0,1,0,14,2.0724005713356837,1.0
1740.7734158062613,122862.15449249104,71435.83096372696,3,0,2,2,18,1.453502056799559,0.0
1725.6090531560906,70378.9171141717,59632.299248811054,3,0,2,1,10,1.1737932905989528,1.0
85.10447323313639,145451.71535814845,72561.94284468147,4,0,1,0,4,1.912232184682166,0.0
3417.2409072353516,113553.52138411884,7200.589845722115,7,0,1,0,7,2.4866777609110597,0.0
4135.927483955713,161238.14194329744,38117.09811355257,7,1,2,0,4,2.737481272509709,1.0
775.7110867820156,191201.57107281967,60511.171813621186,10,0,1,1,22,1.9787146497222827,0.0
840.3484293673962,49686.83118905932,47913.77633897104,5,0,1,1,11,1.8219917951689075,1.0
3960.9120873586166,86893.05169737263,16487.794639610576,9,0,1,0,11,2.914781860663841,1.0
3100.639204353016,84323.34068932911,29217.890662697137,7,0,4,0,12,1.0076756301365029,0.0
272.0597602571992,55701.09628733322,27468.626877055227,2,0,0,1,24,0.5420529780758155,1.0
3131.607602788294,167751.53334669003,23123.712315193872,3,1,3,0,15,1.7313011315404254,0.0
1579.142728076642,159179.3796865943,29421.437620575387,7,0,2,0,5,0.6448223229929252,1.0
1875.1895195806874,112352.33004184783,42643.70321150632,5,1,0,2,8,0.6479801307435008,1.0
3860.170520569557,121421.03222508363,68824.91490831225,7,0,2,1,20,0.5823345354590186,1.0
4064.1292037294224,40122.50346042436,60136.51500431923,9,0,2,0,11,2.0457921778876496,1.0
2031.7653028571617,124436.24989559775,67314.22720924999,9,0,3,1,18,2.064478760812326,0.0
4738.407033231456,164528.0590833382,71037.48833135764,3,0,4,0,18,1.1391965045833432,1.0
2061.9904538627575,127550.68750925572,35043.58511951576,8,0,1,1,23,1.6245138786973266,1.0
3870.588374389044,75102.0829204712,29644.023870059533,6,1,3,1,6,1.5471226496587804,0.0
2445.1924595930823,143483.2062968373,7437.000389680459,4,1,1,1,18,1.7323670845413148,0.0
4492.785016284316,91453.0330940921,74647.85488448544,4,0,1,0,19,0.998781085354977,1.0
4543.418156068385,122628.45832857498,8068.372381237083,4,0,1,0,14,2.531847987504666,1.0
482.7131989618651,112886.11175741721,60067.43468352622,7,0,2,1,11,1.220449676413768,0.0
4685.641989985617,94799.75016408061,32114.339443850215,6,1,1,1,7,1.316796453398351,1.0
4136.397465526057,152209.25666700298,76056.11963643735,2,0,2,1,14,2.1266855894665193,1.0
3966.9880358477008,180258.9390375999,35309.35561192794,5,0,3,0,16,2.9538447761933067,1.0
1044.5111314433361,30886.12814107724,65878.84305431317,5,0,3,1,22,1.01102178942741,1.0
4035.3400833355913,188714.80826916243,24764.4220766031,6,0,4,1,13,1.3947236712989133,1.0
4258.157036690932,116957.57313414825,26029.831227776194,7,0,1,1,6,1.4356925795313529,1.0
1481.2941555480472,149124.4196617551,48854.99456063943,8,0,2,1,23,1.8230001445847055,0.0
4763.687387893502,175456.17624989912,79844.66279547548,10,0,4,2,15,2.5877018768651183,1.0
296.807724675863,109407.6276934259,42853.076184398116,8,0,0,0,5,2.3139430623382067,0.0
792.0508035733413,171945.59247203133,75095.76500228337,5,0,3,0,17,1.0135364494785981,0.0
2711.0266333549957,60195.369307384375,63541.23677515204,2,0,1,1,5,2.2818500909699297,1.0
2900.172732055433,57058.48086156846,64281.55219164709,10,0,2,0,18,0.8151430436912733,1.0
3243.492912339472,141770.1327055461,36568.91916291483,8,0,3,2,10,0.9794574914951653,0.0
133.99719011155895,177924.3109437953,32763.75326330565,6,0,4,0,19,1.4844084819955115,0.0
4803.815534379545,181712.45018112668,17777.979222992784,3,0,2,0,2,1.3619831045542805,1.0
270.71105903401275,139435.87792413193,77223.47755774132,4,0,3,2,21,2.6744174725608874,1.0
758.1566659808418,119333.16913558397,76873.30815817414,1,0,0,0,16,2.9925169265969807,1.0
119.37186175398205,86336.82490840775,60524.21554188408,3,0,2,0,21,1.0077532949219534,1.0
2855.9492448057686,196600.07065188634,25811.438638655552,4,0,2,0,13,2.143555785433737,0.0
4664.721075408813,84348.26673326257,21878.824606355727,2,0,2,1,21,1.9561132988421501,1.0
3346.438472098298,156511.63822937084,79122.98866379615,6,0,2,0,22,2.423286200866463,0.0
4122.154468978115,120436.90598385013,8123.796763329668,8,0,5,0,19,2.2492030411869703,1.0
115.7419571199714,133447.09822930893,67954.45049488079,6,0,0,2,24,1.1887420367054786,0.0
2732.975727474644,96891.69360006646,30370.266037150548,10,0,1,0,3,2.6019372122919187,1.0
2324.836738652333,194019.93133028212,35252.96841899598,3,0,5,1,18,1.6971123930530905,0.0
2519.8913238929254,127185.99543687608,67062.27895366045,9,1,2,0,14,2.8323588355543317,1.0
407.45526740918035,189423.8971779943,9976.432232412568,4,0,2,0,22,1.9007822604055231,0.0
3437.955037293072,31290.5407495654,30271.0652460598,6,0,0,1,7,1.2270373925660913,1.0
2540.9410535502407,127353.99914249056,76305.86934205712,4,0,1,0,12,2.7404626494835562,1.0
3837.486806813257,151921.77125329615,56828.075283386745,4,0,0,0,17,2.565637349134563,1.0
2452.188638605491,156663.62909757707,61130.31569005356,2,0,1,1,12,2.8673455142533624,1.0
789.4390993208387,183846.06990288582,61327.90817357168,10,0,2,1,3,2.733838774013677,1.0
3258.871922685219,30748.273530643666,7663.8964036237285,2,0,3,1,23,1.1129985520463412,0.0
903.3124924205728,30056.127074110995,18646.984681053196,2,0,4,0,8,2.5382711052816256,1.0
4368.353088606334,110284.7883351866,40827.270718253305,2,0,1,1,18,1.9854631760335386,1.0
3084.9253833927455,34979.92985091301,31347.567900603888,8,0,1,0,21,1.5082917870151817,1.0
828.1592236069235,195670.53412260368,34640.24657122972,10,0,2,1,21,0.5190738350490516,1.0
4813.573384531974,67751.07967203663,63171.44815417679,4,0,0,1,15,2.244048684078222,1.0
2615.909043509837,110353.0039920236,4130.301100215616,4,0,3,1,19,2.634716809529769,1.0
410.8473367646923,40393.397102078015,53857.87832673539,10,0,2,0,13,2.0104179332751464,1.0
3152.822876854583,118748.23074911395,3008.4878487403294,10,0,5,0,16,1.2768011860212427,1.0
1303.3345897134107,94592.54127505946,7855.5064693707645,3,0,1,1,15,0.6441000940304998,1.0
4028.282586792647,37592.204909128035,34438.03122749705,5,0,1,2,11,2.1474403898023544,1.0
4098.2192641526435,86971.12533835821,67753.03602497125,4,0,1,0,13,1.5093199171598042,1.0
4895.789411480576,96544.12343788546,14164.673948463456,7,0,1,1,21,1.7421382558321228,1.0
2534.2541785712933,198286.6535167398,45705.84850290309,10,0,2,0,14,1.91072224258201,0.0
2302.036554652299,65340.59822629383,55244.9024656593,7,0,4,0,13,2.421424361361053,1.0
3779.704246960079,122612.53461291695,20674.032081256362,6,1,0,2,8,1.8419650111097772,0.0
705.7297488925365,197843.64336376687,42449.42965575789,7,0,1,2,11,1.8149993552489967,0.0
2757.2317932759647,164643.26534982296,73178.36080164081,7,0,1,0,14,1.7031486564945137,0.0
2753.925620647712,198872.4751499551,42441.59645314602,8,1,2,0,19,1.5691351730709788,1.0
492.89195791141674,194610.71349222877,15113.875757648895,1,0,2,0,15,2.0575245133752773,0.0
2119.021223259222,113221.72215600623,51341.70084494095,3,1,3,0,22,0.5609988090639899,1.0
4273.759752907649,148383.8944779962,48599.41386065558,3,0,3,0,10,2.308027924225092,1.0
4287.960428873568,48775.33157999569,5075.516504456104,5,0,2,0,4,1.2866712826316404,1.0
541.226441352421,104995.30025795632,9975.76924256263,10,0,2,0,7,1.4315935734711207,0.0
499.06836960176275,167533.15218533858,15072.16434585783,7,0,3,0,24,2.0355545361420573,0.0
1350.3426111595797,115907.00456611438,13494.258972263984,10,1,1,2,6,1.1184395829602896,1.0
4380.092009642268,149458.83557892943,22978.86433319185,6,0,0,0,1,2.1469436428276474,1.0
688.0677961138198,156777.72609732707,37966.10988913873,4,0,1,0,22,0.8192140713611344,0.0
3613.984173005859,73089.75401129195,31622.1549382218,6,1,0,1,20,2.123687826328438,0.0
550.769817084861,178868.89340023615,71580.04163815397,7,1,1,2,11,2.293115392386631,0.0
3134.532376051736,108169.81325456042,50132.424524287955,4,0,1,0,19,2.2488691982094875,0.0
1812.5331306397668,65731.46761566243,70463.11494706191,8,0,0,1,3,2.435443085860805,1.0
3955.124116681042,177120.69990403543,43582.02801865511,5,0,3,2,3,1.7921972184588115,0.0
1206.7677216855498,101029.19703806312,9920.026243079177,3,0,2,0,1,2.661917200915759,1.0
3214.0490554803014,157553.11452455237,38673.13357811548,2,1,1,1,10,1.0838798460816899,0.0
1216.6285461506304,123165.6222776708,66296.5061068621,1,1,3,0,14,1.4583542639126912,0.0
3582.6184014051614,94918.19787986507,17945.990071867323,4,0,2,2,17,2.8912601546052414,1.0
4374.706271075706,167678.9905565568,10023.499463954031,2,0,1,1,2,2.4723405788001687,1.0
677.6689056774622,129359.88837958421,28366.474852046027,3,0,5,2,14,2.3565552073059473,0.0
4339.648658547742,96395.55741259539,32945.13295929075,1,0,1,1,5,2.2780244039346886,1.0
2988.197509350775,48631.637956971594,26581.84108325464,6,0,3,1,7,0.7762262691027648,1.0
679.1969297917686,182225.70334034035,13413.540493090812,4,0,5,0,15,2.876588541634898,1.0
2166.3321840305744,36029.82950808331,22314.669198572017,5,0,3,2,21,1.2312182480412963,0.0
846.2584527512346,176741.84922256955,55535.74515436249,8,0,2,1,19,0.8609326858303255,0.0
3516.722049889519,91193.45923013643,32716.49575457362,4,0,4,0,21,0.5465631519236026,1.0
3806.3972653688506,138687.58979523898,51706.307235628796,6,0,1,0,6,1.4668872452081483,1.0
573.6927753503549,186773.9530520665,44295.3910537424,3,0,1,1,20,2.1815145418368433,0.0
2555.3922708384894,55790.12463566273,45277.076369040515,8,0,2,0,4,1.4794703419965567,1.0
4082.39402732829,126381.58085859774,22138.31596198029,3,0,4,1,14,2.521866999842416,1.0
4684.007055677433,159953.58660293266,43158.813523149984,7,0,2,0,1,0.9539205402518437,1.0
2591.9134403717617,158789.25156223975,4816.7929674665365,7,0,5,1,23,0.9243064259446289,0.0
4753.882156876465,119357.42548191568,36244.26815901932,3,0,1,0,8,1.1658283744670106,1.0
2701.6604037573475,136205.7081840979,47091.957385623464,3,0,3,0,20,0.6356925735702386,1.0
2001.2429482695443,158779.58900258358,17013.662844266415,10,0,4,0,6,2.5976442414633545,1.0
4248.605486336833,172974.69841876,22755.004981169255,10,0,2,1,15,0.8373739281852486,1.0
2490.2644167675408,159508.22646889684,19903.888525802693,8,0,5,0,6,1.4501435020851159,1.0
2385.917427294389,90180.84034081125,8432.962555437662,3,0,1,0,15,1.6574335481230922,0.0
2477.04682257865,199443.48817981462,29785.013727786933,2,0,5,0,1,1.0872455110362775,1.0
4241.585759255239,103865.45793228174,78380.36401679934,5,0,4,2,10,2.711421269297195,1.0
4168.110631355858,34158.99946901868,30248.791297697975,7,0,0,1,4,2.339397894616771,1.0
2047.4239625790453,91644.88176952855,38461.319881447125,8,0,2,0,14,0.5703601369516355,1.0
1699.834306359099,51723.10227755335,53287.71832364089,1,0,2,2,22,1.5966441517880576,1.0
2485.0437189936897,50645.24467382375,52934.32684002125,2,0,0,1,12,0.8444389152016097,1.0
2885.2239231986896,77860.95681817204,76141.91346143406,7,0,0,2,20,2.0973687499562694,1.0
1229.769192608585,39073.83401013434,69032.43881073264,9,1,0,1,16,1.7331502190593913,1.0
3980.0776693421735,147047.0720296257,64134.202907096726,3,0,2,0,20,2.521275555087369,1.0
2458.0896903754933,42578.110314323865,76275.29638492991,8,0,2,1,7,2.210365654799525,1.0
1703.5254646788,64559.22442411255,20768.934682204213,10,0,4,0,7,2.5463262324794544,1.0
578.7639151717535,45792.951464000296,50513.17298587803,3,0,1,0,24,2.6908293464645814,1.0
1232.2835439978544,40738.514253515285,71314.15103760603,4,0,2,1,7,0.9515981208066231,1.0
4748.941800192119,75517.78314172209,51058.63818741384,2,0,0,0,6,1.9588945183210758,1.0
1560.2434497566567,127222.8245022629,78261.37654472895,9,1,2,0,19,0.8979619057074885,1.0
885.8534823668248,193996.5445959631,10727.158970791184,5,0,4,0,15,1.1083718414037218,0.0
2330.330318692216,178844.63123943307,36828.448715076425,5,1,1,1,23,1.068594336803764,0.0
1570.084329633231,178908.7673257052,78256.94390896498,4,0,1,0,22,1.3827689087974067,0.0
224.03828884241105,59931.39612640179,32226.738199884283,5,0,2,0,10,2.469672121038011,0.0
1649.5688255331154,75034.22289462942,59945.84088264644,1,0,1,1,12,1.2934211661024348,1.0
2743.3376885003695,42986.86385520197,5341.023383055986,10,0,2,0,8,2.3627746762008495,0.0
2780.9762414988363,162339.61778558145,56502.457826534104,10,0,1,2,4,0.5020248118741382,1.0
1814.966659825599,41868.77125254553,74966.25840462354,6,0,1,0,7,1.9465403529519243,1.0
2264.148643450373,124638.26403954506,32468.38395963021,4,0,2,1,23,1.2030046322406378,0.0
4829.3136952620935,72138.84729507162,4640.087520373569,4,0,4,0,3,2.354703008789932,1.0
1917.8749622900425,71385.7577848866,5149.0549384522565,5,0,2,0,8,2.9777433894358984,1.0
1328.2227256369158,198423.25939209288,71685.79453975386,1,0,0,2,13,1.830725635557089,0.0
1255.1618681304626,158652.56718635134,58633.740246412155,4,0,1,2,13,1.832310120709591,0.0
2315.934832885464,172279.69090947852,11214.851585446648,10,0,5,1,16,2.93604034342941,1.0
3809.624736148873,127237.05650848214,7203.451332942136,3,0,4,1,16,1.3980708234199826,0.0
1069.6415117329425,178072.42885693736,64971.55299839191,5,0,1,0,2,1.4907259166965654,0.0
3561.015829346802,139733.39165828,65359.26872601265,10,0,4,1,3,2.2415467589800397,1.0
154.69162557961062,190849.52981537872,12280.181663987772,5,0,5,0,15,1.7330120646296205,1.0
2123.718241020533,77827.55962775825,26217.07109942503,8,0,1,0,17,2.4222039320746998,0.0
3890.532072753795,131204.32278309215,63062.0069721895,1,1,3,1,2,1.5284030051619333,0.0
1726.7281310834355,147322.32914927165,43456.72946345849,3,0,2,0,17,2.222287816548029,0.0
2840.498652154727,96799.34185472713,76657.03427584805,5,1,1,1,6,2.4252924802573386,1.0
1064.6472024882585,179550.35700868905,40041.823691642385,3,0,1,0,11,2.1070620022939948,0.0
3722.877186074553,196566.53772770625,55125.76119254447,6,1,1,1,5,1.0054639151107443,0.0
308.78156118036014,113940.81353335247,42253.31916210199,10,0,4,0,6,1.7905962587315547,0.0
4270.086092133727,96408.91131673765,75608.34316774852,3,0,3,1,3,2.91618582042692,1.0
1031.0721127872573,110229.44785459798,33696.75008920588,6,0,1,0,23,0.7606205447531915,1.0
4378.270256956237,174965.24677442838,20694.327048752202,8,1,2,0,4,2.2629633501355473,1.0
1795.0197444375608,139729.6323380885,28150.807241636474,4,0,2,0,15,2.4703043918472107,1.0
3627.283693648709,37611.30332807616,68663.69072072265,8,0,2,0,17,2.1875668479958907,1.0
1630.1652240416329,122168.88477577153,41341.269390434274,7,0,3,0,3,0.7815444212153553,1.0
4534.262772611505,32941.02086596487,30277.427369672405,4,0,2,0,16,0.6869522405256494,1.0
676.853771315953,162351.01307057892,44908.02167933018,3,0,1,0,21,1.7667597591164808,0.0
933.6729568993636,85813.08650221884,13258.687460316862,5,0,1,0,23,1.3025202664632949,0.0
2490.4991195360712,110241.271959946,3412.6664561708985,5,0,2,2,16,1.4762775648936377,0.0
455.5952732388233,165775.27800429743,24605.020644398788,7,0,2,0,21,1.1820382949661177,0.0
1020.1019142737215,37896.298938579464,49585.44042333276,1,0,2,1,1,2.549197856461525,1.0
4721.643591949472,56952.06105057377,57799.41926392682,9,0,2,1,21,2.625111825497218,1.0
4883.6238226820415,97653.26399566952,66649.04440910142,2,0,3,1,11,0.5407932511617806,1.0
1912.4836801855886,69087.2778027453,74353.09407337416,9,0,2,0,1,2.5332955135512,1.0
4620.265804018982,87443.24238176073,34732.65071628714,9,0,5,0,7,2.183389999761809,1.0
2746.882144583487,199689.70544171907,60019.79356592401,3,0,1,1,9,1.6359723002598918,0.0
1385.2252060751468,170320.45438754783,8749.815625250816,7,0,4,0,13,0.7068800464683324,1.0
3526.873669348963,180263.30854321845,7429.809905450167,3,1,1,0,22,2.171725589715598,0.0
3311.5639425455433,189299.2877061818,12609.445382934058,8,0,2,1,20,1.1584228262468002,0.0
4946.17032958823,87959.09965341326,37539.820532968704,8,0,2,0,6,1.8741924124001335,1.0
1361.9840726759523,80503.08282540036,19268.670764403745,3,0,1,1,17,1.0544186736946775,0.0
3376.6945381755904,69790.62373725272,25093.220529211816,5,0,5,1,20,2.6946313749400077,1.0
307.5175873957621,171119.87492238084,52886.7733604473,7,0,1,0,6,1.37282368151071,0.0
612.5478915487611,145523.81658848142,30606.20776781914,1,0,2,1,2,2.216750810197131,0.0
69.39595600791165,70149.23702208913,45917.60994428771,3,0,3,1,3,1.7338193729930047,0.0
4997.330371245382,94088.95096577733,34755.0892687176,1,0,1,1,20,2.785839027366703,1.0
4021.254800880015,116140.9998685757,16010.632675026107,2,0,5,2,6,1.069756979671353,1.0
3944.278922931027,119783.80973653813,8699.539249703848,7,0,2,0,19,2.888259617802232,1.0
2573.1440726764895,181083.7138537915,21189.825138861364,7,0,4,1,1,2.380848266593273,0.0
1535.3320603819277,94696.24260102678,7442.936150810415,3,0,2,1,22,2.252623493327422,0.0
798.7582080902458,184449.0851850871,50633.12091151513,6,0,2,0,24,2.6014602274557768,1.0
1459.1399572899952,105032.48525436423,64270.25531288973,6,0,1,1,16,2.1291921110121703,0.0
1911.0575485492386,156883.35471470014,29160.039154279864,2,0,3,0,8,0.7754280537124681,1.0
3793.7349800524557,188143.2343974595,32807.55126213159,9,0,0,1,16,2.2460602958824465,0.0
2721.3258550706046,184287.86967375528,65846.71183246661,8,0,2,0,4,1.5942983181643324,0.0
433.5439514496393,39681.9874402658,20141.194252764144,2,0,0,0,22,1.8837645751347845,0.0
139.2435943466156,64969.730146016875,12175.340420005314,4,1,1,1,15,1.5208295737317226,0.0
556.5442886936125,111073.92234048677,41586.09503449366,9,0,0,0,14,0.9277701906883156,1.0
2081.968632802028,103364.22929202823,52756.64305405926,4,0,4,0,1,1.7119729143473879,0.0
4669.30493939264,138951.58302232518,49173.3907285789,7,0,2,2,22,0.657088042368345,1.0
3205.142281985647,190600.53864032007,57968.224486111925,5,1,2,0,1,0.6342660914889968,1.0
4019.0382043838,49108.8009172513,7369.841027322839,10,0,4,1,4,1.8330202183392443,1.0
2358.554242797515,106815.97307282088,35971.524182394714,6,0,3,1,15,0.9507745616319087,0.0
1840.2471118154617,62709.876440813685,21369.93034381837,1,0,1,0,6,2.0591085444043076,0.0
586.5818449472825,181998.29172765109,61452.33698504386,4,0,2,1,4,0.977350096292646,0.0
4385.868459821714,193978.63158628097,70200.24727264691,5,0,5,1,20,2.513076102287998,1.0
3926.642143688119,111379.28592135952,24662.852042093946,6,0,1,0,4,0.865658858623058,0.0
882.1845831087393,47681.75061378392,10331.792088344437,6,0,2,0,10,1.609904698880708,0.0
2585.6897911874894,163500.09334285444,22513.953073337558,5,0,2,0,7,1.6643564773259805,0.0
2462.5052992101623,148514.02958370783,11008.653657536815,3,0,1,2,6,2.050325638746978,0.0
3144.2031857983166,90294.04052375277,27826.50679073594,2,0,5,0,23,1.5056836801245201,1.0
4733.625125256743,180859.27057472378,44441.29053078058,7,0,1,0,4,2.1420514866707716,1.0
2919.868636724274,195891.4212630602,77973.4334886619,1,1,0,0,13,2.4162012162121043,0.0
2724.075470554162,124835.15435213322,33751.509585054606,5,0,5,2,11,0.807178171652355,0.0
299.09851802658653,126173.7449285297,19943.074136805826,4,0,3,1,21,0.68346795734161,1.0
361.39200628921844,80577.29586934223,15843.7340085543,7,0,1,2,9,2.193654780739944,0.0
977.366617067605,129366.0261171634,16324.061992678053,2,0,1,2,8,2.6333326985942604,1.0
210.730319874154,104739.19448922391,17830.02161113236,8,0,4,2,10,1.699400957646846,0.0
3729.5968330715614,81372.47457776882,61694.56073538342,9,1,1,0,2,2.0813290556002713,1.0
3630.4850047701175,41421.48340906322,7699.1337802963335,10,1,2,0,24,1.245248204277222,1.0
723.4783604366326,72960.33615055124,79800.00843461363,1,0,1,1,3,2.686285161192531,1.0
4188.59055893664,63635.290445202954,43246.85211980211,5,0,5,0,2,2.4287550390166235,1.0
816.1908724882543,122147.13737417132,44908.935861163576,4,0,3,0,18,1.9679553599446782,0.0
1540.819155636926,132283.90369981097,30532.41865986957,5,0,2,0,11,1.2664988004544495,0.0
1282.4356508487567,133457.1931320228,56149.66267473328,9,1,3,1,20,1.5951486142572262,1.0
1892.9201379365866,95990.77017776544,39302.13824782142,3,0,4,0,1,1.1986500741945811,0.0
1310.5856411553114,101609.05472653432,28337.718942270334,1,0,5,1,5,1.5788108972518184,0.0
2470.3070858703377,171820.5330389088,23415.657085519302,3,1,3,1,7,0.6244590256974367,1.0
2066.6690127056927,110959.57829791761,74275.14293386099,4,0,3,0,18,0.7641150294477148,1.0
4933.5189793576665,197921.4664633108,25406.192659036355,2,0,1,0,5,1.0430476630904604,1.0
326.83543313471705,104734.92910150703,36602.280976097834,1,0,1,0,20,2.7599930923893603,1.0
753.7978131173905,140428.76058503264,29976.287962968054,1,1,3,0,6,1.6635062448624565,0.0
311.4881748475823,38561.70982887728,9635.769711958768,8,0,3,1,1,1.7014339831673748,0.0
3147.91391516276,141067.78715119784,17316.94837513457,4,1,4,0,17,1.8217892770876984,0.0
319.82092319791195,174742.48705055105,17591.652100131418,2,1,1,2,18,1.7504685535205051,0.0
4190.3767000118105,190217.83255066036,56411.012608003424,10,0,2,0,4,0.7155211103554064,1.0
2584.0962218755426,199544.50397876097,34307.0765673673,3,0,2,1,17,1.3087397507005758,0.0
2658.687741678592,77970.36976036962,63211.50235644072,8,0,3,1,13,0.6686973126743768,1.0
2829.8928131753614,127812.91102037186,57589.22117373009,6,0,0,1,5,0.674072973664219,1.0
895.5278462157431,106622.05754046506,17787.832012494902,8,0,3,0,22,0.6930542608746786,1.0
1028.5670004167132,125848.97169777907,46344.60284924775,10,1,1,0,4,2.7435945797114734,1.0
1628.1457482213732,56767.00272227393,60203.98114575782,5,0,2,0,23,1.0474209639544534,1.0
2987.8072583181647,175545.42734131005,51744.30510763067,3,1,2,0,5,0.6682961024984297,1.0
1090.082990904062,184626.7203685799,49201.27112277453,6,0,2,0,9,0.5071391503461904,1.0
625.8420493096431,106442.48272919684,59950.03832985913,10,0,3,0,13,2.0331592025502006,0.0
4852.07858777124,77673.07646750807,7372.11692273563,8,0,5,0,9,2.042439463380288,1.0
158.80998330763342,53941.68270101209,59319.48994683033,5,0,1,1,4,1.162345621076318,1.0
4023.352156413307,146240.02021222675,23994.455262813983,5,0,3,2,14,1.2001672682678408,1.0
3950.7739903963593,83079.41273552498,47034.163597220264,3,0,1,1,22,1.345476723206896,0.0
1521.2098635332252,184621.55688527608,21657.484591631073,3,0,3,0,2,1.3852378169054478,0.0
721.3517492362014,144072.12072362792,67588.9530599265,8,0,2,1,18,2.4425115145622067,0.0
770.8618011918459,139766.50527962093,40003.070281158216,1,0,2,0,19,2.8490110723328015,1.0
3502.286505324103,125098.35970270094,52506.47332592373,4,0,3,1,2,1.9705235672828403,0.0
3231.8926258765596,37781.977702883356,64144.31734770806,9,1,2,0,9,1.4800798848488157,1.0
3924.591087544364,188426.8140665498,71939.27464049506,6,0,1,0,14,1.2369840287591687,0.0
4690.531803375568,136749.3738609082,59368.78147433926,6,0,5,0,12,2.57372277204985,1.0
3475.0404481696305,198990.53717512876,14455.180366661241,10,0,2,0,20,0.7252010729184273,1.0
821.4651059296451,121350.5888113908,68798.99245810555,7,1,2,1,5,1.5829665461350242,0.0
1255.040952988783,150718.85162405623,50630.49952164397,7,1,2,0,2,2.1632502576906303,0.0
4218.858967821917,39555.62483725777,49927.63139528107,6,0,4,0,8,1.1263878024107137,1.0
1086.0650753793325,137395.15005997985,73943.22310497896,9,0,1,0,24,0.8364084382005208,0.0
408.985468924683,159990.43397036073,22160.029786273,8,0,0,1,23,2.129480259532737,0.0
3531.23626750914,162347.43012493473,21448.246624040567,8,0,1,0,7,1.998852283813161,0.0
2042.5054596762031,160918.98087914853,42515.90371151207,2,0,2,2,7,2.0482298657022855,0.0
4604.198260102223,68468.0466399235,60816.45612318462,7,0,1,1,8,2.945536538918704,1.0
3268.7626019136246,195817.7411928884,37437.5345335952,1,0,2,1,20,1.307495848007066,0.0
497.57394006872073,199180.9605062396,51809.637021714974,10,0,0,0,22,2.9645501996182397,1.0
4741.89000790562,42851.29877747221,37844.40376514935,8,0,3,0,24,0.6171423773654181,1.0
1329.8584550192172,189195.89187799874,49999.812897496595,3,0,3,1,24,0.6010327761827223,1.0
1719.2018275111145,79206.36303174279,66314.19730125576,9,0,1,0,4,2.6466339971198507,1.0
2041.189047733533,147178.293897664,16896.705599001096,5,1,1,2,1,1.3049196492128996,0.0
303.5602672013506,87478.85652514247,56544.14711846077,7,0,3,1,2,1.393147203484993,0.0
2507.751340041494,194518.23497343066,63631.78192904011,7,1,3,0,4,0.6279309912941368,1.0
660.4265308226966,47255.65591160103,37427.57837609725,9,0,3,1,9,0.5059411228053191,1.0
2034.8031171073412,114616.95888258392,27888.985434224778,2,0,1,0,3,2.0822909920493746,0.0
1786.0134505608173,102768.12463015268,4042.9129421789603,4,0,5,0,21,1.8067362989315934,1.0
3875.5584129611916,85423.98688725743,64377.0867197252,8,0,3,0,1,2.319329371901791,1.0
4025.694032582019,139740.77844962527,28251.27674577108,5,0,0,0,5,1.0687342583327868,1.0
809.3937678259856,52279.476381683475,30512.829144419866,5,0,2,1,11,2.6186735782560753,1.0
1864.4283775271697,151832.6110827285,28872.474558608545,3,0,2,0,11,1.155520030065179,0.0
1898.0981471075668,196700.66104681385,41402.92847255003,5,1,1,1,11,1.6197807293493056,0.0
799.481697483621,166774.98145966712,57092.46713786894,7,0,4,0,15,1.4203977529908531,0.0
4002.344850003393,176202.84799462272,62433.46108703934,4,0,3,2,1,2.6379620113899187,1.0
3550.780225260345,91138.24634043043,33227.94547104319,8,0,0,2,11,2.5525338257418615,1.0
992.3898421703219,85230.72310180718,54058.85669847802,6,0,4,1,6,1.6042481893337759,0.0
1865.2734475393054,117898.22029732265,58492.68727089127,6,0,2,1,17,1.3936104798160929,0.0
573.7348730397454,37773.52450958636,25862.634539158378,6,0,2,0,18,2.463647523897289,0.0
3159.6226556105676,190710.88285761053,10439.853154356182,4,1,3,0,11,1.0346427338507251,0.0
650.7910265156673,54443.47941275267,71889.26048962362,3,0,2,0,9,2.852347048397569,1.0
4930.374134693343,183512.2166585757,55137.929827182656,10,0,2,0,12,1.2949213597666893,1.0
3914.3762697049187,44208.977740060465,52904.50148347444,6,0,1,1,13,1.658460302594164,1.0
1981.6808204407755,169846.23770535522,7535.493671322304,6,0,2,0,3,2.5207566842860296,1.0
2913.8914647828046,55833.62939929657,65976.22542780233,2,0,2,1,4,2.487878609645125,1.0
4561.141990271223,36482.37439555036,46586.17001862609,10,0,2,1,21,2.232832680901404,1.0
2792.7914379593394,152313.2065440995,68287.1001334526,9,0,2,0,16,0.7895249294704663,1.0
913.7675076698781,77645.10102965281,78041.21114773063,4,0,2,1,23,1.1054435536064304,1.0
1924.5816101267385,151464.34597333943,76696.72470777865,4,0,2,0,4,2.28386436310033,0.0
4223.567081897239,124364.49258037936,68918.87967204598,10,0,2,0,12,2.6485085150920273,1.0
3238.8544291486087,48497.25633911115,3842.9477850154053,8,0,1,0,10,0.9205200389479715,0.0
3271.0857024523116,188462.11246119783,71200.99503424564,3,0,1,0,13,2.9729541992823663,1.0
4340.766354158021,106893.40970979119,8779.798164728703,10,0,2,0,6,2.053020262741394,1.0
4475.166634439398,154856.03722577696,68541.93570361107,7,0,0,1,8,2.553055277620931,1.0
4602.97323030821,115173.49724265627,24573.40328309502,7,0,0,2,11,2.46378854694626,1.0
519.5035066031228,132741.4507434048,49975.26206706931,2,0,1,2,17,0.7680744642545085,1.0
2743.4237097173495,81471.51070063771,5931.253798540734,3,0,1,0,6,1.356569380008859,0.0
3715.522130030677,64061.251680586545,62380.990601103564,4,0,1,2,15,1.6460438424330288,1.0
3796.787883378718,122236.93457937153,11601.371411938804,2,0,1,2,13,1.1501574580685463,0.0
3053.245199751519,104837.22540507033,34622.98921903443,9,0,1,0,9,2.2059816856767274,0.0
875.5973091591871,96319.24628376863,65943.34217904821,10,1,1,2,15,1.9035950161556658,1.0
3997.2317420112386,144336.4231660859,56541.872731141804,6,0,0,2,19,2.9523483643720585,1.0
3614.551100898981,147386.1274418931,3465.287658071152,1,0,1,1,19,0.956790983148796,0.0
476.37206916772965,37806.409535514715,34033.48975977626,1,0,3,0,10,1.9029021935386412,1.0
2345.8586321381626,87586.56402142427,6228.418806267118,8,0,1,1,5,2.7503289020550015,1.0
911.1881276329277,99999.97353848415,54859.48928302212,6,0,2,0,15,0.5989157374857206,1.0
1720.5113762792107,46471.667397908575,77609.03386500575,10,1,0,2,3,1.7442478692577172,1.0
139.5014064181429,70103.14733870902,53455.117197158455,7,0,0,0,16,1.0325008895636294,1.0
2031.6328486332534,38779.105527868625,20276.677196051794,6,0,2,2,5,2.8956015004955686,1.0
2771.890759723242,199361.1567648935,30352.943469123587,2,0,2,0,5,2.1635225418142077,0.0
3116.9338344940797,155214.72450487356,78202.09278570201,3,0,1,0,24,1.1823288060000399,0.0
3334.277208387115,44866.52660546813,20252.035726490954,8,0,1,2,2,2.974595786813794,1.0
4189.641999857176,33442.39456431566,46237.73862519208,4,0,0,2,8,1.0456905135862171,1.0
1116.5413910148636,152278.92602588763,33834.943268494346,8,1,3,0,17,1.3275235993627357,1.0
646.3850210704163,104662.66816605338,62160.27794047307,3,0,1,2,21,2.1878795873809915,0.0
4265.109000894732,163755.44054097793,69788.97394245131,2,0,1,2,3,1.9187641108793616,1.0
825.233433718617,186990.92642912522,29244.47012497285,7,0,3,2,21,2.5611953390151405,1.0
4875.062402614167,131881.0661327833,53850.52000485246,1,1,0,1,1,2.173261964718225,1.0
4220.564235523253,61808.43189593302,45276.672708865,3,0,1,2,22,1.9454520499148389,1.0
2529.339199153516,162972.98612789693,24440.22573426837,2,0,1,1,10,1.3387974993482374,0.0
4908.036053364025,192487.99633964367,23939.44181660113,5,0,1,2,16,1.2395666149299795,1.0
532.0148090846208,128639.31880019252,44474.636859987404,2,0,0,0,13,0.7448980206587723,1.0
1550.1755178167532,145939.5660377247,14858.221261987084,10,0,4,1,6,1.5073689706964664,0.0
3209.2108544510265,87370.69815623442,65432.3620291503,5,0,4,2,13,2.472912118102931,1.0
1782.5339989422348,94859.7080922529,8313.372618430956,3,0,2,1,12,1.2112665735186827,0.0
4645.44413230492,154891.26463502087,10282.235438040356,9,1,2,1,23,2.7028117171269783,1.0
374.84913648019693,187721.08672915926,29351.425787399603,10,0,2,2,5,2.503391714379372,1.0
2769.5885687017744,136928.0258281399,12093.065381179269,9,0,2,1,7,2.994076167952391,1.0
2974.7880236058168,164274.14444250907,39628.90163667292,8,0,3,0,2,2.314501947426333,0.0
3281.0042126972594,59177.95296061342,33775.04356402402,5,0,2,0,18,0.6230816327800138,1.0
1315.5478054924815,66033.04534385551,58579.35428320021,10,0,1,0,10,1.9835527695983743,1.0
1854.603816223329,120445.89676167631,76381.31995114847,7,0,1,1,24,1.2544401259869684,0.0
4226.218621841639,60014.212681282894,61024.011024912696,2,0,4,0,22,2.8713239146064624,1.0
1014.9667064022912,137949.16193755702,16817.547041806534,3,1,0,0,21,2.2801720883120877,0.0
4142.995843508143,79581.04151709883,75035.13898075903,2,1,4,0,19,2.456889091801309,1.0
2835.144343368575,164560.54517337162,33194.27430658617,10,0,2,2,20,1.903379455700504,0.0
3822.8281804107064,167378.75892443839,39512.58079137229,1,0,2,0,24,2.9174392048392503,1.0
3582.356463004184,108843.86747841003,35461.37027753894,3,0,1,0,10,0.9265884894003247,0.0
1077.1819021551512,60737.807956398,24602.12079315436,4,0,1,1,7,1.4732314557993798,0.0
2865.6230453476705,139951.74338392855,71918.41016040626,9,0,2,0,13,1.750121074265118,0.0
4345.229606385207,198773.79310480968,28582.39267403944,2,0,2,0,13,1.8834910489857686,1.0
2188.97537216955,135840.45265022898,47551.92816532507,9,0,2,0,11,2.440920872783462,0.0
4834.624312605418,36081.69742138134,21482.585996823425,1,0,2,1,19,2.321271205509152,1.0
2288.464745503504,32939.97588040404,64397.90385730389,9,0,1,0,22,0.6368574776020561,1.0
756.7889015060292,84461.53498369205,62613.29678374736,6,0,3,2,7,2.3093440006981893,1.0
1977.7016663844825,63283.247166268826,25816.034660422385,8,0,4,0,2,1.155857946232699,0.0
4760.926911633159,168218.7052143624,55479.66363204593,3,0,4,2,12,1.5402224796858155,1.0
1632.6182042322785,173616.9633961201,57198.262048311124,8,0,2,1,13,1.6254617929202078,0.0
4347.0858913419615,73965.19112278095,46313.379040067,9,0,0,1,4,2.2339257851557246,1.0
4412.190874325354,85359.61208148176,49246.0754349186,7,1,0,0,1,2.2032672506878033,1.0
1783.4232954432073,70161.98451156949,47233.007148391276,4,0,2,1,20,1.4462089599631298,0.0
462.125407350629,184425.0330531149,9303.559107603112,6,1,3,1,15,2.5330870543363075,1.0
3636.5616503361503,115450.38688578799,54610.43154296144,6,0,2,1,18,0.803710913729125,0.0
1591.9858801192308,141543.29749394336,39172.67575757923,2,1,2,1,23,1.0817990238641781,0.0
3925.4718905749833,100631.95473893256,36761.21060168884,2,0,3,0,15,1.5617394717519062,0.0
2241.141498889144,137272.41289577028,69219.93984619866,5,0,0,0,17,1.047134159340135,0.0
2452.070374595977,95595.41404269513,4788.456936506063,1,0,4,0,22,2.8189607806729438,1.0
3900.651563405257,87745.33441396832,22351.248682824145,5,0,1,2,3,2.819496806434627,1.0
1942.6984887550582,137861.61243949164,12348.06948789147,10,0,0,1,8,0.9265165236587992,0.0
2243.480359348427,130480.55326832818,5721.260434948883,3,0,3,0,24,1.5330953764530753,0.0
1912.1428204096296,79899.75220855144,24227.12882104796,3,1,4,0,23,2.9800034572178737,1.0
1868.3355506225357,55389.23655431048,79112.67300519018,8,0,3,1,7,0.5485457110266716,1.0
2653.435555662224,92658.0379524834,23807.64633698318,3,0,3,0,1,0.6082334392198092,1.0
4053.557250280696,100583.59865412457,54105.348124274395,3,0,4,1,19,2.607321019763451,1.0
1840.753144016701,136876.33668218282,12109.014533135552,1,0,2,0,24,1.4554406517650014,0.0
2645.060866661797,185469.88981826685,49342.26751363671,8,0,2,0,18,2.326865450388187,0.0
3370.1002609408743,36151.41558059727,78805.07420165012,10,0,1,1,1,2.045516178338856,1.0
1383.7252592030923,71422.37213211364,25471.48930645583,10,0,1,0,11,2.2357997371601055,0.0
1423.7378842668431,62931.71018752526,68301.82246091988,6,1,2,0,1,0.9934927858053826,1.0
4670.394978766101,115390.04947794322,79812.99628822324,8,0,3,1,15,1.8677255096829826,1.0
3631.4961379888887,103049.13719733717,48318.664831497284,3,0,1,0,8,2.1157903762452417,0.0
2907.074047305379,153936.39604943205,26823.884732958722,6,0,2,1,13,1.8804109786109673,0.0
3256.214269382029,71210.70513262684,54861.907012235024,2,0,5,1,3,2.8617299097270985,1.0
195.0322433619209,131064.72217745896,68053.31188268364,3,0,2,0,7,0.540716787283468,1.0
3109.6096795303993,180255.73481199308,16193.96870807233,4,0,5,0,13,1.03673150581836,1.0
2572.0689224597995,184815.2157861118,37843.7138157919,9,0,4,1,18,0.6840663064716752,1.0
2751.4609149082066,192993.38280325528,27577.453679535753,4,0,2,1,24,2.908642710331844,1.0
1829.1479428125447,161454.39585359805,24818.64276610325,7,0,0,1,12,1.0849259342525104,0.0
453.29579367906234,184017.94406401555,69283.23707699329,8,1,1,0,3,2.350800452539518,1.0
1007.0292063796584,69870.24823749662,35467.35852528157,5,0,2,1,10,0.8641479825631546,0.0
4756.186330402725,63588.76053958109,29108.878318901283,2,0,2,0,5,0.630459934911164,1.0
2073.0628332411234,31102.974242689495,49470.31168980306,8,0,1,2,23,0.9774633569558004,1.0
2360.0816213627777,150163.5407629467,19893.921632078356,5,0,3,1,9,1.1904963392317804,0.0
310.913459774523,189369.42192833655,20701.79877374208,5,0,2,1,1,1.6456903266377632,0.0
235.9528362427039,61779.00865708499,43062.23227710585,7,0,1,1,5,0.5555640145661035,1.0
3600.0481628814505,138280.40782256942,34514.000105756175,6,0,3,0,1,2.043188351024938,0.0
2713.5685873995008,156898.1590677022,25713.643562018984,3,1,1,0,2,2.1406351014090683,0.0
2568.09462187052,187694.4199751696,7154.23718510587,7,0,0,0,10,1.2273174266709457,0.0
1253.46642559221,139966.23808292768,43099.61637516616,1,0,1,1,4,1.162138477098667,0.0
3736.516121568115,194949.93456728788,65878.90883128278,4,0,0,2,3,0.9759855599090992,0.0
882.7710665870349,88594.43397213312,68556.04480702645,4,0,3,1,10,1.0379983097476648,1.0
990.1769811220491,89487.8507411393,21128.878438908177,6,0,2,0,15,2.1258468275996965,0.0
2330.5252481739635,122312.12670243875,49172.3727039566,6,0,2,1,21,2.0144264364402753,0.0
1467.0853174541076,95195.3197897042,68902.86082864642,10,0,2,0,6,2.787180775678898,1.0
1274.9417571040744,30242.373808880548,34471.896477272385,8,0,2,0,1,2.568729874166601,1.0
3243.9263405389916,154401.24426478785,74774.5349326797,1,1,2,0,10,1.9399409278879294,0.0
3272.3101388317955,157791.89705134218,72529.34674297557,7,0,3,2,2,0.9184608697304879,0.0
4131.35949550965,156985.68279675097,19026.310101248324,4,0,2,0,24,1.3089237923779322,1.0
2117.6574065162304,88653.51332377932,22940.292133315692,6,0,3,0,9,1.6900100469937993,0.0
411.7712005794437,118789.21046289922,16894.0338957396,10,0,3,0,17,1.551746953888253,0.0
1404.6486053612155,91195.4980900338,18096.185062012075,9,0,1,1,16,0.6610332629757958,1.0
4901.027042824244,32726.18800520978,72905.38071235934,3,0,2,0,2,1.3955835277343307,1.0
3001.4799474018755,125616.3200161412,74697.61900783196,8,0,3,2,16,0.9691883933413871,0.0
3563.1985697650503,51039.31323428187,6996.087571255083,3,0,3,0,3,1.9372214639110672,0.0
86.42125664580195,43607.0250955449,48707.45838675977,6,0,0,0,19,2.82611379199599,1.0
2615.118374303478,158434.84167845384,46445.83034003301,2,0,1,1,13,0.8495956635134045,1.0
235.76685478242547,31616.054411077956,33072.16879778341,9,0,2,0,6,2.652835833195567,1.0
2867.6895498526674,193031.43541348344,51640.71464737924,2,0,0,1,7,1.155302747540323,1.0
4607.815705698573,117593.41189913807,75947.32256433545,5,0,1,1,12,2.2223400345847617,1.0
4843.674695977019,197112.79322004522,16109.625969605255,6,0,1,1,14,2.0184518587137363,1.0
2725.735743175175,39859.58732036043,12271.640048167083,4,0,1,2,22,1.0453778711079686,0.0
2318.113785998469,129200.02330720525,5571.073953831126,7,0,1,1,15,1.4235396650093204,0.0
4727.834616530045,89385.5961159049,31015.164703691047,7,1,3,1,2,1.8668747411097555,1.0
3384.368668383641,173392.0237784286,28997.392734995683,7,0,1,2,22,2.779728196750891,1.0
371.25143371512684,91407.86498982867,36173.115988215584,7,0,2,0,10,0.9607317081411997,0.0
2355.341609454113,74282.88843974934,41754.87237783307,10,0,2,2,17,1.3592899160746315,0.0
1239.2128413983044,175784.03160698526,61352.447540345005,10,1,3,0,23,2.9859865109523405,1.0
2375.5313911709736,93691.02558105436,33192.731065228916,9,0,1,0,15,2.474008874373873,0.0
2304.5545814314905,32861.66437629545,28457.209420814983,2,0,1,1,6,1.4605394850017492,1.0
2931.616773932973,96349.14714268674,66669.66915999127,5,0,4,0,24,0.8554836144801277,0.0
1816.0139272287936,141268.78573186015,68434.34364033154,10,0,3,0,2,1.7518530875743412,0.0
863.1387248068439,73241.12159708492,20922.979250588192,9,0,2,0,1,1.9594350152927325,0.0
2543.4112012202836,103437.89071227674,27229.730348770743,2,0,0,0,9,1.1458644098882482,0.0
4159.504277511523,39641.57350797834,66533.9605600768,3,0,0,0,16,2.2800569510790067,1.0
3336.8605289346315,129975.77455737273,9114.43481092789,7,0,1,0,16,1.8526096914313548,0.0
1724.9209363298185,158570.13705626695,28090.20209008682,9,0,1,1,14,1.4175166620765194,0.0
4680.838962656343,100263.13543818875,37522.95824214631,3,0,1,1,23,1.224130833550375,1.0
4565.427477683452,101439.54757624821,17404.51437044397,10,0,1,1,1,1.2124001935159994,1.0
1086.274576951289,45008.02475943579,16853.39313902376,8,0,1,0,2,2.4745675398334956,0.0
245.11704634579672,64329.94696703704,35714.37846704171,8,0,3,2,9,1.7454771668728328,0.0
3719.478106336273,56294.80153174515,61098.17280458389,4,0,3,0,16,1.207339077278362,1.0
4146.670793678309,111886.92067246145,67697.93942516731,6,0,1,0,5,2.471141967192006,1.0
4840.929601459208,119973.44196162753,78401.10212528535,8,0,5,2,18,0.554525576291504,1.0
4454.690150737138,191319.8223183242,8696.771857062366,9,1,3,1,16,2.9883783342287242,1.0
3022.647102621753,42449.35572712976,19684.52948824144,2,0,1,2,5,2.721735611171622,1.0
2673.759079101285,131977.55543635803,61260.49786358322,1,0,1,0,17,2.3574059607506714,0.0
187.81320374980214,119504.74964580103,44626.100366285966,5,0,0,1,10,1.1659948177364243,0.0
1270.9494118816503,117759.62664909096,28231.3425951062,10,0,3,0,12,2.7246955613636326,1.0
2325.0930210779857,178437.0788550805,18830.40391603775,3,0,1,2,5,2.5412777229248293,1.0
3161.0943054136605,64941.5400182327,24596.771476468497,6,0,0,0,23,2.503447079121755,1.0
2808.396574926133,36931.456638033145,36055.249173173295,1,0,2,0,8,0.9383624755883458,1.0
3726.048148924368,144286.15629781273,16640.64390196452,4,0,3,0,11,2.0386800570559043,0.0
1434.8463078908521,88676.76890311662,77245.3986025098,6,0,1,1,3,2.749992928199828,1.0
2846.5154078797427,32990.28575612918,11284.310234190327,2,1,2,0,16,1.7611444691873983,0.0
486.30410478442104,72733.58123937034,78889.46245566987,8,0,1,2,20,1.878936797493178,1.0
2097.6443417368746,82585.55161685802,67825.7830220518,4,0,2,2,11,1.5194224756704553,1.0
3763.296123125275,134862.52405332116,35582.67454855791,2,0,1,1,18,2.174904798225878,0.0
3482.334224473768,59339.58498837626,59965.85774789218,1,0,2,1,17,2.65086538136015,1.0
4953.681549002286,100219.23915207766,54706.67376462172,8,0,2,2,10,1.7761140858483964,1.0
1425.5610736393921,112020.82555103154,19423.092682067683,10,1,0,2,24,2.922442144664142,1.0
2516.037030911197,108070.35653189545,29108.396631158874,1,0,0,2,23,1.5089241839351935,0.0
1681.1755481812838,195569.9303333529,42510.43733602026,7,0,1,2,11,0.803488968855804,0.0
2230.985414592915,37735.72042435034,52114.00185135497,7,0,1,0,15,0.5364216880150661,1.0
4291.903142853471,191664.59169690788,44802.91356445986,6,0,1,0,8,1.9475829558314102,1.0
3436.8349221830085,128929.32637898566,39420.034497498484,8,0,0,1,5,2.5335172849708254,1.0
4418.08389717053,165273.71154487252,37122.72505602731,10,0,1,0,5,2.6211388980928296,1.0
1057.379986242838,103166.74506273282,41366.36644571638,1,0,1,0,1,2.9093218606095657,1.0
4373.137533315118,107152.43981368668,36445.06702813971,1,0,4,1,9,1.8157580334657508,1.0
345.8232571830029,179485.50483269,44682.41597102013,1,0,4,1,14,1.0254917266313806,0.0
4448.566438163904,182308.86436962336,71374.86802659334,6,0,1,1,3,2.195650160027545,1.0
1678.9152083306033,70577.10984332059,51727.8571052051,7,0,2,2,17,2.732300315816768,1.0
1607.208785399629,63871.11935938509,58641.80737411759,10,0,5,1,13,0.9642159297106835,1.0
2584.8384546583866,114359.97955789168,49006.20129726979,9,0,2,0,20,1.3696828261742016,0.0
4706.416429229997,183047.09461170758,52512.36154587817,10,1,3,0,20,2.4578763212847425,1.0
286.5177551729566,84800.36587904996,47532.93679050987,5,0,3,0,24,1.0866439923017115,0.0
1793.5433266001892,140842.48460765232,5068.722209078386,1,0,4,0,10,2.746492782509957,1.0
4290.031343982512,150385.7869159022,79969.07542940154,9,0,1,0,10,2.605864398747065,1.0
2010.4696633055603,162374.6930320065,5587.911496393044,5,0,0,0,5,1.7627927728146466,0.0
1035.8266431054817,125867.15784656376,33426.39663399133,6,0,1,1,15,2.9943115491989944,1.0
2152.731197590488,98417.38030742483,11093.907229017874,9,0,2,1,10,1.2379441262697632,0.0
1958.484882383763,194392.7180958254,10463.490683951799,2,1,2,1,5,2.828672369482395,1.0
4581.310197260182,133926.22806148496,64101.57527893524,3,0,1,2,1,1.227454639781231,1.0
3821.575159928331,153856.08597765604,35796.285010571926,7,0,1,0,13,2.236469505651346,0.0
2550.3220009328315,88647.08376829932,64687.6805390049,3,0,3,1,4,2.388022993611309,1.0
4942.434305271777,143891.3607705236,24004.558242424027,2,0,1,0,24,2.126082660062326,1.0
2353.1237798158204,73825.6025679014,22747.634969080078,7,0,2,2,8,1.84117400483843,0.0
338.2772625603624,71666.47597986815,22344.816399713585,8,0,3,0,20,2.1315921086538054,1.0
1348.2578929841752,151502.7743076025,50443.213233409784,9,0,2,0,3,0.557853826800392,1.0
2208.5488770855973,118637.10516469897,65754.9530181112,2,0,1,0,20,2.702704903230989,1.0
826.6679895232945,146157.02377180627,37824.097775793525,2,0,4,1,22,1.832016806539063,0.0
4740.447375304013,75804.54342717558,32202.164579363343,7,1,0,0,3,1.7105575614238115,1.0
3845.902044197977,131782.9679796442,77965.625673527,4,0,3,2,16,1.9367321796625778,0.0
1378.0216421174746,105468.72044952914,11990.060772896188,5,0,3,0,12,1.9267683625436736,0.0
2974.4824409136836,131483.24876373974,40470.71651745673,1,1,2,0,13,2.3223922918730966,0.0
3621.1733276923815,79449.55448151729,34453.55699497045,6,1,2,0,19,0.7186360272428262,1.0
4709.33069808865,151626.66382035107,10555.74793719056,10,0,1,0,9,2.8518837228698413,1.0
4414.094978418283,167007.99224710913,23651.42788079288,8,0,3,1,16,2.85173028405467,1.0
2600.2015193841576,74185.80055581301,5189.973368591626,1,0,1,1,19,0.5313475178279526,1.0
3884.530467975437,81105.49517545916,70525.4802516877,2,1,2,0,1,1.8104022458613724,1.0
2832.6165314465457,142396.2258522458,49804.41373226089,7,0,0,0,16,2.332090549896112,1.0
2785.8842557254234,148249.4796316025,65756.42433600931,2,0,4,0,19,1.1992878321754992,0.0
617.9726937740498,149696.9463475665,43159.69283503022,9,0,4,0,24,2.097777584302767,0.0
674.3814071799527,146058.74581189227,49162.25686548586,6,0,3,0,9,2.139921139099627,0.0
2671.1913943611644,96777.3118819316,56965.79479130569,5,0,2,1,13,1.0431821159367454,0.0
1380.8646476460826,97125.12464862532,72916.89531474454,7,0,1,0,4,1.0264047622698076,1.0
154.13266717931972,73318.99601954484,10064.895362590123,10,0,2,1,6,2.3810023681696877,0.0
3628.054059306051,56661.728982381705,28483.026394650973,8,0,3,1,8,2.2734012746022376,0.0
210.80865361631655,147738.15449747397,57595.01668390004,9,0,2,0,7,2.6578628921842027,1.0
2996.62036346507,45842.09361529318,76792.99335110724,6,0,2,0,8,2.7099241169621693,1.0
2719.0092809302064,189424.68875375288,78522.17199373042,5,0,3,2,11,0.8950632751988725,0.0
4845.6327183601325,170536.67162414672,52133.9317035692,7,0,1,0,3,2.5079228091929378,1.0
2446.8550397708264,175775.97579273354,17907.082787124782,2,0,4,1,4,2.1599732865670123,0.0
364.8271100700969,184133.69848458233,12179.086178874668,8,0,2,1,1,2.112132813050555,0.0
2780.8554406419853,99462.84502295082,75845.36060959275,4,0,0,1,20,1.1756989870286112,1.0
4213.426044549702,173939.12296956818,36412.43208861307,1,0,3,1,5,2.572623654578129,1.0
4984.403957193128,56870.421049580385,18000.83456122673,3,0,4,0,2,2.9747837669361052,1.0
2180.198709760909,33679.10508340006,74909.72371487529,9,0,2,0,14,0.9073781171490942,1.0
1635.4787753588755,163431.53709285453,11048.368910452014,4,0,2,2,13,2.3495187198626883,0.0
4537.933819912395,42715.430159479685,59176.97445799478,10,0,3,1,17,1.4495048256868697,1.0
996.6485389268008,198049.19344540668,51145.25312083673,10,0,4,1,13,0.9697885619511191,0.0
3096.3731294129866,144715.39303226452,9755.569157328671,3,0,5,0,21,0.8461159522586719,1.0
2058.286399695691,158086.45074115793,29083.657264237045,4,0,1,0,24,1.0218173683404357,0.0
253.35770652999867,71786.6555672372,14544.663094580821,3,0,2,1,8,2.629047433374366,1.0
1769.077947813204,144557.11696634698,49546.39162505342,3,0,3,0,11,1.8700341196136898,0.0
1362.8811863882393,37347.389333342726,39737.70343916202,2,0,2,2,9,2.729738496299846,1.0
3446.15121202026,172430.37238701215,3329.184598857804,6,0,2,0,24,2.7722946421157535,1.0
4746.5129635749945,58836.09581536731,78129.71360386092,10,0,2,1,13,0.8766644687312206,1.0
1376.833577524257,148550.87136174098,29918.01804149461,6,0,1,0,13,2.0716038842147544,0.0
4066.7563988008246,68161.68520956382,22881.73824845285,10,0,1,1,7,0.6279877578303443,1.0
324.03109384512715,41637.03880242727,20128.107596145906,4,0,0,0,11,1.1844444215045713,0.0
2713.698999697075,111853.92535339703,15228.824005364724,8,1,2,1,17,0.9332326946934684,1.0
399.2228153639782,58778.65574637421,79933.55486867126,6,0,1,2,10,2.596792245092818,1.0
4673.463306096664,154005.47801551345,25723.429026883576,8,0,4,0,1,1.4119485320898155,1.0
3843.4388387590816,70386.19337519242,34224.53928626969,6,1,1,0,8,2.983659127634018,1.0
3306.852060462732,88220.33456009091,70094.40554571284,9,0,1,0,15,0.853182295056455,1.0
4128.287089042088,126464.6727149604,52425.33777280162,3,0,5,1,5,1.0709265381944197,1.0
3255.2229880723075,78444.60718814297,31389.46970438598,3,0,2,0,22,2.1123674074147347,0.0
4846.274766012742,94257.97975569348,72171.28956613668,2,0,1,0,20,2.921866685377006,1.0
3584.091841930619,168655.70107686575,60728.76357044721,10,0,4,0,4,2.333487286765067,0.0
4627.060117432122,60465.67442537437,20548.339080710874,6,0,3,0,13,0.8144484360255861,1.0
2609.8028654526584,43974.27021192873,52567.90258419388,7,0,2,0,16,1.5363967881500769,1.0
629.4688442602202,85820.82347261328,74024.68436851492,7,0,4,0,8,2.9903492571978605,1.0
2664.4797210439347,102144.05039235929,41227.487640681764,5,0,0,0,14,0.6735403028308602,1.0
678.0204989123118,122252.0779632165,59488.15501803837,6,1,1,0,12,1.2134575004056791,0.0
2982.842721923205,93312.0283497512,77774.98828716527,7,0,3,1,20,0.8109937052928702,1.0
2438.3406496119314,164284.98903787686,56161.8888489314,2,0,1,0,7,2.551089595651524,1.0
3131.7482192722696,36684.31290364046,10887.779111988208,10,1,4,0,24,2.5840210240106787,1.0
99.73255622141639,103400.48149375485,21831.08542170928,7,0,1,1,23,1.359124201288322,0.0
1014.4604336940523,94983.50549158879,48822.425675383965,1,0,1,1,5,1.3398065996556108,0.0
2482.0856379650477,140088.34343716604,24217.797783636768,6,0,2,0,15,2.533634553533804,1.0
4754.992629866218,194266.9628225573,76730.71131496377,8,0,2,1,10,0.8941663559734881,1.0
1948.8647497580341,116763.81912690657,34212.10661970738,1,0,1,2,1,2.555132205962273,1.0
2150.6415289654915,197769.0639800925,38206.74124139211,1,0,0,2,6,0.7417374023899401,1.0
3587.7456405827797,81382.39713524358,57023.36119719903,6,1,5,1,8,1.236861503003996,1.0
3038.774148566284,35247.582532218374,43367.22931332431,5,0,4,0,11,1.759490535242961,1.0
1529.6844429867494,58162.73847099017,32425.23945043516,3,0,1,0,6,0.8017866718356741,0.0
2083.5411580587675,97171.23041167644,8901.116386902566,10,0,2,0,8,0.6866444980350821,1.0
1127.6140043433006,83776.76456205387,48926.310392105515,10,0,2,0,22,1.1750835825775328,0.0
4831.806222694532,46499.2022671742,69803.66237114067,7,0,4,2,18,1.9655929142351294,1.0
696.6401887089307,103552.21830742186,55803.708015524324,7,0,2,0,22,2.5332862400798284,1.0
1890.5920836037762,87479.68118212567,32375.115773615318,7,0,3,1,14,2.3310321862234913,0.0
177.90291248905538,50845.26747776454,12834.906975980964,6,0,4,0,9,1.8688260127021912,0.0
1147.8084850710547,80339.91220402451,65858.04039162677,4,0,2,0,13,2.152772205651109,1.0
3913.332134981767,180694.12941041638,75514.62389180277,9,0,1,2,18,1.8435865369589248,0.0
1045.8173998299533,81348.30713318783,32897.02029131239,9,0,2,0,14,1.8528227856436619,0.0
446.3138425183797,151372.42195114878,59105.44856717274,7,0,4,0,3,0.5400571219552734,1.0
2398.5432402303904,134048.00354181847,34628.784871588185,7,0,2,1,23,1.4577571053615315,0.0
99.34771193586656,102620.7976094232,41674.55429161935,8,1,4,1,17,1.8969194077997922,1.0
469.5924644103492,70634.35825662376,67408.68130746356,5,0,4,0,11,1.9856806517414234,1.0
4047.748054336727,92732.49888881072,9423.674350258825,9,0,1,1,13,1.769357777704279,1.0
3868.7930570550516,130658.22629007728,43835.82185657629,6,0,2,0,20,2.245455636573212,0.0
4579.937161004235,89628.04650739033,19525.76114968413,7,0,2,0,20,1.4206968066872396,1.0
4279.85140775821,66532.39370761941,29165.057803173702,7,0,1,0,10,0.85737342028756,1.0
3431.7190380370994,49798.66731157746,52621.01949745512,9,1,2,1,5,0.5797330893411288,1.0
309.04764363828104,179560.3794446261,5096.587749937324,7,0,1,0,7,1.9250427050033645,0.0
3925.100659033955,104853.20587782396,48724.532620933525,3,0,3,1,21,1.7430866890632053,0.0
4235.2785136607745,136285.41469629813,24825.052437938724,6,0,4,1,10,1.0897549152249157,1.0
4005.4566215711748,113369.7613932569,54550.295782221554,6,0,1,2,6,1.0538247349145486,1.0
2566.971224774729,178336.3081208538,13901.764097305175,7,0,2,1,18,1.9534210927114195,0.0
1202.8641013149343,122978.92491619584,59657.49349384575,6,0,2,0,6,0.7672131957103119,1.0
4234.383379659197,111732.84105134927,52714.25842174932,4,0,3,0,13,0.8397380839163324,1.0
3649.4559082136852,187182.16837169114,77785.62113178703,6,0,2,1,22,1.121970609789582,0.0
4904.767813224816,152347.23132771027,73165.1229708774,3,1,1,0,17,2.711612133860696,1.0
820.6783588918679,48963.484248965746,24814.320466377078,1,0,1,1,22,2.2628625202865287,0.0
1167.0396861076724,60209.758403458385,5103.376099858647,1,0,1,0,23,1.8938287170731156,0.0
1098.4008419134384,163810.88669970512,53463.37920560535,5,0,4,1,7,1.422914868271959,0.0
3973.0718497256166,172094.72460059222,49422.328953359785,8,0,2,2,3,1.5440111294888137,0.0
975.1911174280849,122682.4409453504,5112.015195016347,3,0,5,0,24,0.9297447625699174,1.0
379.96615762536516,124257.38873732867,12446.169748599636,2,0,2,1,7,2.601511618134707,1.0
4992.875992598862,137428.60368474555,48022.03124927089,8,1,2,0,20,0.9548031859958759,1.0
172.84519665348827,104649.68162804871,73210.69933134888,9,0,3,0,20,2.401564758086039,0.0
4184.458097786385,145633.85099226367,72800.52129153234,9,0,3,0,7,1.0986844362506343,1.0
1858.5658656757314,48441.813786290666,14664.349205129764,2,0,1,0,2,2.391556773912037,0.0
4215.996525801185,193417.4712024557,32612.193873204214,8,0,1,1,5,1.2599272119114373,1.0
2795.3714314951676,157526.32004513667,6326.620555117399,2,0,0,1,13,2.953146153063287,1.0
4513.074585957483,137299.61468153118,39133.93216994554,7,0,3,0,6,2.7997950053300102,1.0
4634.655282752402,83774.74969161171,60987.42639483684,8,0,3,0,4,2.690716718021156,1.0
95.03599733984117,57362.43286764396,63827.898775152076,1,0,0,0,1,0.9528934117907124,1.0
423.29027116430194,99588.3038509206,41422.18892793612,8,0,1,2,11,0.7096553039833132,1.0
1289.2757113757345,142468.04589758994,10381.964952532817,3,1,2,1,1,2.9104154526422854,1.0
3363.1113109993335,137730.65638192886,32365.026088980612,1,1,2,2,19,1.5893275388992851,0.0
4446.947372731955,95048.99636114715,74771.85091802606,7,0,2,1,9,2.689386958659018,1.0
2326.712658905116,134258.68695163206,20680.166852018032,10,0,5,0,18,1.7173429266264022,1.0
3054.516925557614,168337.2102464831,27621.092643279942,3,0,3,1,14,2.1229078459958086,0.0
983.0742713380276,34468.4112973932,60505.69251065646,8,0,1,1,21,2.388557107731062,1.0
4034.5858277143425,106605.57814814687,59485.72074421724,9,0,1,0,7,1.8367230292908143,1.0
4838.2741511996755,158954.38883935448,73239.5761779198,2,0,1,0,2,2.8426658227765444,1.0
1379.5647179272576,122844.55997877412,32885.13918546891,1,0,1,1,17,0.6199898478728062,1.0
2499.388460422704,140750.9349479419,42624.10173832042,8,0,3,1,7,2.587342405708601,1.0
476.2747470065503,117834.98674290815,38989.21951397678,10,1,1,0,21,2.219497392448235,1.0
2817.7264494916935,198618.67259599286,74436.91716872889,6,0,2,1,7,1.3266515093409355,0.0
2538.7780371410686,39285.6612031365,62238.455339496875,10,0,2,1,1,1.6754881818815401,1.0
764.9605965676341,113477.61970130414,67021.01704720632,1,0,1,1,22,1.6797171655959784,0.0
2238.2277549344712,45540.81334946801,13248.56669986464,3,0,1,1,22,0.6076173792604157,1.0
1703.818027828488,57163.54555930697,63972.19535084831,9,0,3,0,23,1.8380894116181743,1.0
2633.0628327606873,95116.51957110452,36339.36498642727,9,1,4,2,8,0.6651583517877988,1.0
2948.988960372556,56441.81555508284,4797.078577959827,6,0,0,0,14,1.790208758205686,0.0
92.05311410568706,193826.81821263066,7626.803161232915,3,1,2,0,13,1.0378245055843682,0.0
3816.979615600299,190954.26204327703,55198.91135958303,8,0,2,1,10,2.5840193486106697,1.0
3579.420744715617,87138.63985750265,31644.95796823968,6,0,3,0,12,0.6735817225080019,1.0
1863.117611722285,138757.1110464055,69844.899138208,1,0,2,1,13,1.2375526486122266,0.0
312.0328810656504,120738.06450094364,59539.031308441714,6,1,4,0,16,1.5214214649961806,0.0
3786.9160719359993,168649.78668768067,4669.360898356055,5,1,0,1,21,2.0053814830197583,1.0
4778.117044366755,136665.75366888018,55890.40001137215,8,0,1,0,13,2.968799370343903,1.0
1238.7504003089703,30042.917263395557,17811.14040039143,2,0,3,1,15,0.8234525392409262,0.0
1651.4468379983375,159739.6455536556,35538.85779020123,7,0,3,0,4,1.4319295164048644,0.0
959.873802934984,156964.18062034008,51104.61056346813,6,0,1,2,5,2.2027220619486103,0.0
2905.8338105569565,116652.85994630177,70199.27377976835,1,0,2,0,14,1.4345129562230028,0.0
816.4649035049019,183496.22544961915,38119.53740617932,8,0,1,0,5,1.102001901147815,0.0
1813.1600201338283,184435.85496736827,65253.76497271735,6,1,4,0,7,2.5372960668582145,1.0
3500.214418974602,119064.98503974752,63288.35603564873,3,0,3,2,14,0.9684070816495667,0.0
2822.5741158962746,133357.9993034114,34919.465489546885,5,0,1,1,2,1.3412863090190896,0.0
1962.9896934232795,199408.7522271943,41575.47258433352,7,0,2,0,2,1.1012168265593814,0.0
2130.2355289473326,80799.43991794097,56937.34577383561,9,0,2,2,1,2.901533938632529,1.0
2832.448868984986,85184.93119295116,5398.429467814359,4,1,1,2,2,2.5906630970785716,1.0
79.03040304144845,61071.56345279438,71592.47886254195,2,0,4,1,2,1.6524329548839032,1.0
438.6238488453688,182297.37965683755,62275.844276702395,3,1,1,0,21,2.6003274514996675,1.0
4412.2274354269075,156563.02629137528,22205.02286797944,7,1,2,0,23,2.206559220652558,1.0
435.5009960018893,47959.284307941125,78550.85639555112,8,1,2,0,13,1.3922443888673584,1.0
3548.6778012420004,196900.44970365416,16813.057149400644,5,0,3,0,5,1.023335084348926,0.0
4604.1889123398105,154263.49038738973,73384.67387523894,3,0,1,2,20,1.4014734045233355,1.0
1389.883841293569,174588.75863284568,27984.45629087956,1,0,2,0,15,1.7954473740890209,0.0
1883.9326134445955,38185.634159444155,61762.29668263846,10,0,0,1,22,0.9999775242931634,1.0
2866.1609589313457,115843.3562201685,38140.99768009177,1,0,3,2,20,1.1836795627872536,0.0
4414.459399710994,148761.70874359668,59707.98883365017,2,0,1,1,15,2.116962207953119,1.0
4712.43265693908,122300.91937721302,14995.294691331203,5,0,3,1,7,2.3107936591206406,1.0
3710.8380781507767,143330.06916887715,23751.997295759174,3,0,2,1,13,1.6401902007761047,0.0
478.76781623073543,169038.59081038032,10689.052484345973,7,0,0,1,16,2.923976065207133,1.0
3362.3130698975115,93637.30070323336,69616.08657071085,2,0,1,0,19,1.262636152678885,1.0
2081.003423269677,174273.67485518067,25814.560058251445,2,0,1,1,13,2.779190391163319,1.0
2379.969947480755,57695.737810099425,56474.669665083085,3,0,4,1,24,1.185630234872048,1.0
293.2845322086264,76050.62935448371,66157.03222609767,1,0,2,0,24,2.33904775814011,1.0
995.757589764473,37368.75538764538,72409.20420120964,2,0,4,1,3,2.9959634699465894,1.0
3963.0423572915565,91952.55792699268,11184.877879002272,5,0,0,0,23,2.5839606342333887,1.0
2297.096223586906,94584.62262010045,71762.14988047116,3,0,0,2,1,1.6881959078088622,1.0
1543.2280960741869,166896.00152523266,18188.4638852654,10,0,4,1,5,0.8114801568749953,0.0
1950.8944161265429,141032.2139492415,59741.45489250404,6,0,3,1,9,2.915639435241925,1.0
4279.277590962117,104242.83488646333,59121.37449107506,2,1,3,1,18,2.3017236163125263,1.0
3757.5451361545365,140859.37636603718,3654.741914053476,8,0,4,0,3,2.5949443743085476,1.0
1397.9612160463598,38973.1695876675,19988.040939889575,4,0,5,1,20,1.932016463466126,0.0
631.6341090512478,60646.16112312394,40876.95562919478,3,1,0,1,2,1.6958152703869571,0.0
1297.391197138155,136581.13539109833,35342.67241307272,5,0,1,0,22,0.6960474573742149,1.0
4607.744432720931,139032.3592683014,73730.15795111493,8,0,1,0,21,0.6548908734658152,1.0
2928.864747356289,161602.89198026262,30700.046951694283,9,0,3,1,5,1.9552245332737879,0.0
2690.727033286675,98509.95903911238,75147.7460423691,1,0,1,1,24,0.9718762878008906,1.0
3002.1483184776844,152834.19642474654,38376.05751622489,4,0,2,1,14,2.1873495418271274,0.0
1861.8399154452504,146276.6565352322,77255.17304129276,6,0,4,0,22,2.892798700760969,1.0
4045.179750581588,193776.87432287436,59776.320371914306,6,0,2,1,1,1.3896267570708964,1.0
2640.2669340362368,66572.13849219546,66858.763555676,9,0,0,1,17,2.3424088430070045,1.0
627.902118705538,123785.52583794872,11075.520402873077,1,0,2,0,21,2.7783050821529867,1.0
688.8723679038617,132299.95515877978,48132.89035966232,5,0,0,0,13,2.609128485316183,1.0
2707.452775187961,199770.14043881753,13987.927706860013,10,0,2,0,12,0.7098426264290137,1.0
4686.022579450654,64201.30416833079,25916.817157925005,1,0,1,1,19,2.193479117091292,1.0
1576.3430022971838,118947.06339443968,51014.53627487964,6,0,0,1,12,1.2564085741007422,0.0
4354.228785853131,88851.50231131862,58919.37926142959,9,0,3,0,8,2.757185171653591,1.0
3832.2731535654525,119401.80465842997,6017.151214866314,4,0,5,0,11,0.9268842988632806,1.0
1276.6715923891888,69461.862357528,43882.667292572085,10,0,5,1,2,1.0561391143356027,0.0
229.88670416540015,38094.10433267298,46529.176944321254,10,0,1,0,5,1.7297578566457226,1.0
554.1439624547945,127336.12716260711,9069.75577748549,9,0,3,0,22,1.3263256943343125,0.0
3656.044972544829,87095.23369634146,41552.9786334588,3,1,2,1,3,1.3985590567286876,0.0
1038.3652033012013,60930.038297233725,57965.855563836645,7,0,3,1,15,1.5611832477797982,1.0
1887.7910565016991,85069.04623326575,7098.500935415885,5,0,3,1,14,0.8593838291441992,0.0
2533.410871731803,38377.634246116635,61540.61877694508,10,0,5,1,24,0.7398065633347884,1.0
3641.067433828306,191575.17979531756,47384.84087761854,1,0,1,1,8,0.9823006651544032,0.0
610.4945551326706,128795.14554545427,67158.4950369279,7,0,3,1,6,1.8351620011224854,0.0
2061.5137061234345,168510.67582899422,19790.818109763386,8,1,3,1,9,1.5033233587893657,1.0
2451.110900256342,101930.09358311417,67162.07368441012,6,0,1,1,19,2.159952278778821,0.0
2727.0939666591216,183563.49348625157,10281.195095595034,1,1,1,1,3,2.232764818165688,0.0
4100.885174906323,112164.09766388308,34094.88662623969,9,0,1,2,24,2.0760993743505067,1.0
899.8070654639237,127570.7047741138,18360.32894739793,7,0,4,0,13,1.0681181920514673,0.0
4048.7656865417803,113604.97661065166,70453.6040863973,6,1,4,0,10,2.055822146658756,1.0
3479.7482170984285,154657.31029750075,57278.82585523658,4,0,2,1,4,1.9074009022564393,0.0
2801.560530284849,126331.5331923506,4952.85684137607,3,0,2,1,1,2.093989516498077,0.0
3512.662958492731,76171.81700866761,3733.298382274621,4,0,1,1,8,1.1227500783609385,0.0
2089.4878078106995,54741.72032484987,25426.192595088567,1,1,3,2,8,2.971234617242424,1.0
735.0680505422166,133041.1461101062,14032.799799603536,9,0,0,0,14,2.9682153176179438,1.0
3345.537939313568,113160.59346299616,51533.44477213508,2,0,2,2,21,2.696966782821346,1.0
2647.12791809383,46315.8684383392,54112.3639089571,2,0,4,0,14,1.0955849264257216,1.0
3214.9052626867388,97254.96918485562,75530.2195819253,3,0,2,2,12,2.381701466125895,1.0
1723.0939660910255,117511.99174007711,76307.07419002974,1,0,2,1,2,0.8138562919696425,0.0
4538.9895578321875,170571.8497503503,53735.04631667361,10,0,0,0,7,2.792379731053532,1.0
2957.480849449106,42937.1794916716,3436.983689658571,3,0,1,1,4,1.0600534664888033,0.0
472.74229723982546,89244.2092018205,30642.839575860304,4,0,2,0,24,1.602541043248578,0.0
2276.529753986922,169851.5408607655,42511.896520039496,9,0,0,0,10,2.108995529474461,0.0
3793.96247098099,140232.0684011684,41436.841251151876,5,1,1,0,11,1.415713027346146,0.0
3980.966080574748,79292.91470664376,49457.22847167146,6,0,1,0,22,1.096549253163384,0.0
2498.2554111806057,173706.9707438492,76962.46417596655,1,0,2,1,23,2.482148701474639,0.0
4479.00047561494,113859.9086956577,71159.83728054684,3,0,1,0,10,2.5312943365651894,1.0
1374.958764111773,114719.8215227783,11385.918575687598,7,0,2,2,18,1.6930866879886628,0.0
2082.4635513294197,196019.84766406534,23480.49013729128,7,0,2,0,21,1.2473085362788954,0.0
4498.054707316402,191009.80555018433,67149.425141312,10,0,1,1,4,2.273601754434886,1.0
4486.470746534315,90950.55617287346,66471.63197907893,1,0,1,2,19,2.7500089027683763,1.0
3444.2782056821707,53898.45187272399,24203.545757368665,9,1,3,0,7,2.5094495806520625,1.0
4301.95370825499,85363.34448727599,59255.2783628312,1,0,2,0,1,1.903218551854952,1.0
489.4276714333517,35182.154252935965,54746.87816127501,7,1,1,0,14,0.649183631972955,1.0
4331.725132228493,33530.540740766504,39461.345302687034,2,1,2,2,13,2.7979284952160017,1.0
1637.0685374236225,97238.76316274126,18512.03135628526,9,0,1,1,6,2.7713765476045085,1.0
932.7409865196707,189973.3698585298,71425.52492884464,9,0,1,0,19,1.140341834023781,0.0
1234.8806898931293,178130.74800947533,55194.541191626275,9,0,2,0,23,2.2164612150030614,0.0
2118.944114668741,116945.28176599591,16012.45521563485,4,0,1,1,9,1.434191503190194,1.0
1293.4004227921127,126088.48479904121,57269.780552746284,6,1,2,1,3,1.0501107627791149,0.0
1636.8095507816702,31008.694446829602,60090.396407427455,2,0,1,0,17,0.526778067924414,1.0
718.1435060546283,66635.19649174013,71289.78195432013,3,0,1,1,19,1.412834012777485,1.0
1516.0749895170427,34211.601578845235,20158.62265362899,6,0,1,2,16,1.0276042097257712,0.0
2882.804881982906,158271.72055821586,79134.06611683231,1,0,1,0,4,0.5592565866265302,1.0
2237.1758550507666,54759.78532450461,14811.293534572935,7,0,4,0,16,1.816715249492551,0.0
1766.2578681177604,177738.00742105886,49253.0446731879,2,0,0,1,19,1.081272800244834,0.0
3744.938037842714,139365.133324884,53602.59090605784,8,0,5,1,23,1.9718935193035843,0.0
4472.8743583969235,69001.17500767126,35259.37293547126,5,1,5,2,12,1.5456375304635277,1.0
3796.1066533668654,56812.453904152455,39577.90357531976,7,0,2,2,7,1.3533152760836127,1.0
1693.403475482512,136696.19915691903,71600.07744760458,8,0,3,0,20,1.439963848138199,0.0
3734.9887307958907,183142.286647995,52686.11568424056,3,0,4,1,9,1.9347349835547532,0.0
802.3019032465535,152121.23721544488,41269.07378407084,6,0,1,1,2,2.5849822359095,1.0
695.07404105189,89252.9307725742,12882.916307381402,9,0,1,0,23,2.1733277816746854,0.0
1760.8538333289866,129855.21119567001,3564.997142181367,4,1,1,0,8,0.7763914251170208,1.0
4048.1267267680823,82829.48821331163,12622.583597691177,10,0,2,1,24,1.917498087914669,1.0
1269.4238238493942,199855.42635237201,76626.21169569092,7,0,1,0,10,2.42227175535349,0.0
363.10437404846397,157302.66203851468,61834.682290332465,1,0,4,1,1,1.2776712307726226,0.0
701.9621992714577,134444.87875864812,77467.95721828908,7,0,2,0,18,2.0700961031003473,0.0
4300.787594221421,101954.05427019097,5749.570647529234,9,0,4,1,8,0.5011115859114232,1.0
3187.2272594990736,135085.88934412476,55376.97109711522,10,0,1,0,13,2.8493739619265277,1.0
1303.3457586813845,88074.73061944691,6410.601533063185,8,0,2,2,7,1.169324452917076,0.0
2798.7143353744978,34907.02270786523,63218.348102899385,4,1,2,0,14,2.764974276573889,1.0
2661.5191310054843,97165.04880062758,32333.16330060996,3,0,1,2,7,1.0416252822663317,0.0
3294.408093281273,188181.7393285774,10373.932728200103,7,0,4,0,17,2.740556444037508,1.0
1204.2783943870008,136471.18611155718,46739.59141763868,1,0,2,1,18,1.8865588131914959,0.0
4328.794786612269,44272.469522053274,24569.255138306882,8,0,1,0,2,0.9562209626810474,1.0
1581.3743822960637,180448.9142771544,53787.19352413002,1,0,5,1,3,1.2979636529775815,0.0
3485.9516871823726,75708.72438805753,53679.45648256186,7,0,2,1,19,2.5748594762904236,1.0
129.8169995424637,71440.81382406366,57285.57550729797,6,0,1,1,3,2.8818840989733454,1.0
1894.6527929760289,80505.46469265454,79419.81106588745,10,1,1,1,12,2.691271666330798,1.0
1790.963598896101,128124.38014141277,32775.72366595021,8,0,2,0,4,2.678720706815345,1.0
2740.247921485922,122596.97588377603,38829.29153535277,6,0,2,1,4,0.510789918509162,1.0
410.0444957971227,113540.3382858899,64955.100978951246,5,0,2,2,9,1.6209698814768867,0.0
3961.150299944236,151981.26679714659,47534.49177268517,9,0,2,1,3,2.5925793944575517,1.0
1128.0149687494643,83811.41432694302,5868.805222960572,4,0,1,2,3,0.5880355088566707,1.0
3401.3371836659503,162950.96866731328,67917.04606000896,7,0,1,0,20,2.2352166395389848,0.0
4025.900010058261,59804.68532436185,6965.398509229155,6,0,3,1,22,1.7527581930964493,1.0
2831.29093339549,163045.5341430916,16153.15050986739,10,1,2,1,5,2.4759456658695975,1.0
3717.371873273828,142847.71789254807,10860.157457012414,6,0,0,1,16,1.151976707016197,0.0
3326.2085454642774,146145.4126230897,9000.389231846253,5,0,1,1,19,2.705476570552408,1.0
1809.8724959024378,111864.0775116342,4977.735398462685,2,0,4,0,24,1.2418719415224557,0.0
4053.8497682161483,143390.260555747,7237.133975872289,4,0,4,1,5,2.8779850613035,1.0
1508.7717809333635,43565.49791510776,37067.81756676837,1,0,2,2,8,2.101185965341436,1.0
2877.50394287001,174763.68989839245,22469.62478866127,9,1,0,0,12,0.9924613211559364,1.0
3739.7188087506206,39443.02969289982,12743.340023249044,9,0,2,2,6,2.439852422187461,0.0
1925.8317535719127,55286.05667815457,53720.326789942505,8,1,0,0,2,1.8369643924988508,1.0
1548.699657706254,128054.25044453017,20410.617118837905,4,0,2,0,15,1.5196573754930678,0.0
2323.7627503554727,155699.94742763755,4459.084961550328,5,0,3,0,16,1.6802796608822854,0.0
4098.91929702831,42962.765938863085,35218.32335008423,1,0,2,1,23,1.4983438910175084,1.0
4653.1127275710405,186530.01840079436,26903.340382329494,4,0,0,0,4,2.268663667921713,1.0
2748.162893656456,195513.30029611877,27532.541213679942,4,0,2,1,15,1.1471405536466213,0.0
3324.257716352077,133011.52941131088,37285.79216998023,5,1,3,1,7,1.780193446117344,1.0
4521.204430082626,111811.3874140622,54506.372397039384,2,1,2,0,15,2.3885715592541916,1.0
537.8069144940648,156037.14528755745,50468.89224292554,2,0,3,0,16,0.8590256080690557,0.0
1198.7889604375168,85820.74989562492,75169.14395374342,2,0,0,0,17,1.2295879788610544,1.0
3559.0550309453333,113854.9537978681,42864.18330529415,8,0,3,1,5,1.0336315812221346,0.0
4127.535086465883,185745.67455844823,39387.88304883056,2,1,2,0,6,1.9297745333805483,1.0
4292.293690236361,192461.4222910607,19432.911511701066,6,0,1,0,4,1.5301495516582337,1.0
2104.7805254319164,187601.74972870146,61164.35924130808,2,0,2,2,10,1.3098683996821676,0.0
492.2325163447408,74616.17138385282,13839.734768499924,8,0,2,1,22,1.3944767245639844,0.0
2217.0183126331185,69519.73683684977,40817.232516177275,1,0,2,1,1,1.673844388692816,0.0
1192.1362215249162,80602.96600798343,35441.80927583322,2,0,1,1,8,1.5460352710971457,0.0
1491.4224522332897,105022.88910603823,53689.16763713905,5,0,1,0,6,2.265809973374039,0.0
3872.7244063456537,83408.4601746338,73656.85318666273,6,1,5,1,10,2.2317842440974487,1.0
423.85907582814,93616.17527563986,75887.86054536313,9,0,2,2,4,0.5665711528828008,1.0
4146.527026529476,135508.28186052912,15920.543571563197,6,0,0,2,21,2.2740791590930254,1.0
2166.961974829637,159629.36510597588,23159.92580657272,8,0,4,0,24,1.0550219867903683,0.0
3000.5164589479455,155044.8937055459,65495.91963728241,7,0,1,0,13,1.54955591178823,0.0
493.77854461661104,168452.00640345583,42907.54170858785,1,1,2,2,18,1.0561415867023,0.0
1719.927437868534,35471.34854661837,37883.661763391356,2,0,1,0,20,0.7974259724369954,1.0
494.0195491234866,38114.74424538853,57718.15983331435,4,0,5,1,23,1.9598159547578116,1.0
4809.641428261492,164195.103317067,49348.22135073683,1,0,1,0,2,2.876566095894454,1.0
4045.94516416494,120623.39979518742,77744.98219044277,8,0,3,1,6,1.4299137009482275,1.0
2325.1821340644783,128283.91453956046,47966.04822619655,4,0,2,0,11,2.1956709336810807,0.0
1156.832614202172,38939.766236444106,38879.9846287385,7,0,0,1,12,1.6326325898935803,1.0
4670.6027709867685,73403.34619911606,44796.93688001952,7,0,1,0,9,0.9532040714991237,1.0
1755.7531488485101,138520.2318305312,65257.56588566694,8,0,1,0,11,2.802419258358031,1.0
846.8729368525051,176060.92131881494,50175.979372462,9,1,5,1,15,1.624027425967812,1.0
2837.6637228470768,185887.17752083842,52822.70303677726,9,0,3,0,13,0.5210225454619944,1.0
4721.68189570684,115071.31429196389,77800.79376281759,7,0,4,0,2,1.641600283339136,1.0
68.95993797659675,122730.6195654936,50616.45230076021,9,0,1,0,20,0.5148323247695431,1.0
1228.7179741072937,171618.43728172846,32281.964121759564,5,1,1,0,14,2.4848020854845108,0.0
4695.315820031517,121396.18212705028,56232.104079985336,10,1,2,2,10,1.4196403553332113,1.0
896.8755359429521,117865.94934134395,53778.37356725297,4,0,2,0,15,2.0365218840221844,0.0
610.5550856171083,183864.28641936212,4066.2679339914066,3,0,3,2,21,2.416789587382644,0.0
2872.426718209032,164288.56257949962,38984.35585250915,6,0,3,0,10,0.5692636311013803,1.0
4316.126925309408,184542.32948142008,60203.57742194475,10,1,4,0,24,1.795206766611293,1.0
2411.693597584934,67101.99931279615,41426.19224452693,9,0,0,1,21,2.0951946004928192,0.0
4973.0930705883975,119143.83273141064,63030.82746702498,4,1,3,0,21,1.6779152865091875,1.0
3411.8999127130646,173220.26186087084,37718.04462492631,2,0,2,1,9,1.265733682340821,0.0
416.6707906917163,48895.13066940852,78715.76301806715,3,0,2,0,6,1.6580436239274328,1.0
4964.519051825778,165092.5662299735,25552.65236869943,3,0,2,1,21,1.4829741862309511,1.0
2069.0764720619427,61105.47518052781,10093.440827247661,2,1,4,2,3,2.028921498670881,0.0
1472.6425425351385,167380.1883475046,36110.90868886549,9,0,2,2,12,1.672779407545253,0.0
2811.5019587105335,134040.15938466758,44711.59491529177,4,0,1,1,17,0.8255008883696422,0.0
1556.3225795132782,62850.11855242741,29880.217339549534,3,1,2,1,22,0.7098063848305134,1.0
477.964660244754,110470.2104865762,21655.64932908284,10,0,4,0,12,0.9080304386991604,0.0
57.07029824192476,145923.87829833117,54748.51923668265,6,0,3,1,4,0.6640365127834851,1.0
2275.4375969552984,137754.9931502022,32038.63268893141,8,0,1,2,14,1.1339141691871706,0.0
4192.473940021631,102632.02335938974,51615.37674074904,8,0,3,0,8,0.6749012687008894,1.0
2882.960168868879,182892.30991655757,62988.50154210574,10,0,1,1,18,2.008952763016465,0.0
4996.076129770032,118274.78046293353,61597.20233752183,6,0,1,1,2,1.6116964092788606,1.0
1469.8908959536398,115997.44074987703,31898.81691894823,5,0,2,1,14,1.1386346232733633,0.0
1438.2525705622738,40582.60029004722,46728.16362916346,7,0,2,1,4,0.5313734782446629,1.0
840.7598281580239,186760.4662655983,37623.683282091166,3,0,0,0,2,0.8656016159462522,0.0
862.1147619134091,60109.81667532341,70052.00445864385,10,1,3,1,6,2.1667888460180813,1.0
1461.6736502497367,119818.59788421422,70664.40294459993,2,0,3,0,8,1.1235210673798086,0.0
3974.558224103959,166606.4922380527,29468.101882378833,8,0,2,1,3,1.3323039120079068,0.0
4533.496113650417,66627.05708245936,10063.783486662265,9,1,1,0,15,0.6908257374060779,1.0
4876.681490053023,119653.45929504298,15903.8512159495,6,0,1,2,19,1.8707039113952646,1.0
1199.8337877774406,70916.43456796795,31259.13414407805,4,1,1,1,20,2.5109191559215494,1.0
4412.422850789754,159148.149625985,46447.24651675028,6,0,1,1,5,1.3832308013967216,1.0
1674.8626919228184,125937.99853843561,53572.59984426105,7,0,4,0,19,0.7867543338194032,1.0
608.5606953585778,175515.8962671744,28515.57056402202,8,0,2,1,6,2.884924959948054,1.0
4356.62338132482,182074.86048915508,54397.43221104691,3,1,1,2,21,1.7781905566893326,1.0
3198.722891485912,140284.69201571768,75205.97874287922,6,0,1,1,24,0.723557455371925,1.0
865.4179356012555,153316.51184702056,53205.08779200919,10,0,4,2,10,1.7434363237283703,1.0
2177.6647246893626,123367.41698076684,15209.522667215046,6,0,2,0,4,0.6122941793082146,1.0
1471.9255896414847,95352.8846214551,47634.506299277324,10,1,2,1,22,0.6382307619001553,1.0
3697.133115115475,140180.04691354188,44725.95479105767,7,0,2,1,9,1.2962297918093522,0.0
2294.410341590127,184409.06599284592,70043.90853917839,4,0,1,0,22,2.1931417254322687,0.0
4946.935728276606,100835.66467334445,29973.335251399025,6,0,5,1,10,2.2626412700119953,1.0
320.9876621849958,83449.70448354521,35566.81197436436,2,0,0,1,5,2.7536360585376167,1.0
1807.325567374421,96034.2795539376,49096.747272460016,8,0,3,0,16,0.7699656460962147,1.0
2435.405827194388,104017.59713597193,43380.749004135956,3,0,0,1,11,1.659963276449779,0.0
2540.511096004183,42505.374926211756,58364.277615198414,9,0,2,0,24,1.6909036978812133,1.0
1613.882320808902,114735.11287394905,6109.952300262177,8,0,4,1,4,1.6520817401039618,0.0
3659.7392330329617,114033.42216851014,46390.73347893591,6,0,3,1,12,2.60372064501813,1.0
4379.998013770425,130035.45069888893,12368.735761298396,10,1,1,0,22,2.528381661997338,1.0
4696.660544790422,91679.40518012636,27271.092424018545,2,0,2,1,23,1.7693664833968898,1.0
4035.2122151576546,134228.29131245025,53945.26833799406,8,0,1,0,10,2.4463130068303145,1.0
4260.371976667667,179296.7727466145,15120.893445597683,6,0,5,1,22,0.6479828930336607,1.0
2775.1992380689776,192430.06838417792,26780.82133385642,1,0,3,0,24,1.8303330518074108,0.0
4138.146720812732,129214.07674397844,57131.49917831902,6,0,1,0,2,0.7372580678739431,1.0
1552.3443502823634,37240.46217495322,53112.003674566215,5,0,1,0,21,2.6674880323060113,1.0
2022.4698724406112,194770.11953540854,10010.054529149831,6,0,1,2,19,1.757870270372363,0.0
1618.7194184017944,149996.55035236356,47449.67399890894,1,0,3,0,20,0.5438967787732667,1.0
2363.567310467231,87113.82025412086,14338.593567735237,4,1,2,0,10,1.8741325904171608,0.0
1463.61910038125,55016.80916383298,22424.896161015935,7,0,1,0,24,2.3444230718854233,0.0
4809.976639159512,54381.16408016674,38359.26845495496,5,0,4,0,12,0.8372670335387242,1.0
1598.5809086280574,58516.54904373246,11419.705393960563,6,0,1,0,2,1.207118679695731,0.0
535.3204636491521,37747.328674349454,79510.81652972964,2,0,1,0,7,1.6207205887033798,1.0
2657.744971949546,183366.21207099495,15733.456201158087,8,0,1,0,1,1.5365544443867174,1.0
332.640438303623,121930.59958064718,63161.07238900254,10,0,1,0,11,1.7571657137549566,0.0
597.1886732274736,148993.1001613523,66897.59106678833,4,0,2,0,19,0.5412264459890124,1.0
1135.977476521419,170778.44657561227,79573.7256819921,6,0,2,0,13,2.3453809771075655,0.0
2348.5337369166014,164561.97107664403,36006.29777462467,3,0,0,1,24,1.288400291266353,0.0
2194.5921149296883,180042.95603390306,70305.27805072919,9,0,1,1,18,2.254499432241653,0.0
4008.4747169138163,194433.28582924182,76730.53680429753,8,0,1,1,13,2.6380235865776327,1.0
3710.399536726361,104642.00450612973,16312.84915688937,6,0,0,1,23,2.2181915999151935,0.0
2160.2755552539716,191557.0293336264,39916.57885758401,9,0,1,0,17,2.17979356699545,0.0
1701.835827499368,152959.29121827878,7620.833051918755,10,0,1,1,14,1.947566951429888,1.0
1616.520481104418,42013.592352373336,50795.74892586352,9,1,1,2,16,0.5025408996756632,1.0
3881.2756821053445,145903.13060609874,47768.27407795561,2,0,3,1,19,2.7595471040812907,1.0
307.7584107952852,146741.83213282426,18717.72391906618,9,0,1,0,12,2.583931401665462,1.0
113.46716507749883,183996.2958447296,64438.51243484771,8,0,2,1,18,0.9864026163040891,0.0
3987.9447400369077,93398.46251991566,5869.6916527925705,2,0,0,1,12,0.9507302577676953,0.0
2411.874561145794,129434.95504620903,65079.50395782189,9,0,2,0,12,0.5920669505878571,1.0
697.8616358402011,32071.883671996227,5051.687419617789,5,0,3,1,18,1.4488103076093266,0.0
1216.0513762427813,86452.79117082711,53575.81853449897,9,0,2,1,10,2.96299102691144,1.0
4665.894567832043,40581.433446992756,9065.2525714474,3,0,1,0,2,0.7431367856080515,1.0
4304.539729343245,118718.40537003249,22344.364987048866,4,0,1,0,20,1.9125328724284711,1.0
3563.4359986086642,168966.10058618206,58587.32789701136,1,0,3,1,6,1.16218979910019,0.0
2437.0148901697667,65095.25766194172,24591.169571154784,5,0,2,1,1,2.654078316397052,1.0
2625.6019496473596,119664.97774482235,42360.38635126557,7,0,1,0,7,1.7680171126315367,0.0
4877.460449655595,64681.4682068304,73474.1167530488,7,0,4,1,23,2.6338860514502733,1.0
4830.563697227221,50517.03953386087,6821.845260816533,6,0,2,2,1,2.8240112783378284,1.0
1115.5817766398798,116869.45462883821,65453.14411764686,6,0,3,2,10,2.083980587150043,0.0
4064.967603211325,43455.2655614537,8025.943889773694,8,0,0,0,13,1.2070949952721273,1.0
1026.3511975267331,129850.2872934582,12763.203013924101,10,0,1,1,9,1.6210418708306253,0.0
1107.0105155255594,35327.368315043466,12187.570999469235,9,0,2,1,15,2.078682000733729,0.0
3396.660519114655,48141.54521762384,79545.87580722591,4,0,2,1,24,2.1271293529576347,1.0
2054.7554380083648,123499.57253285083,16874.34658852807,4,0,1,1,18,0.6675725288173591,1.0
4661.144815177275,130539.26019281536,72050.66216173265,8,0,2,0,7,1.376407540671333,1.0
490.5981877352437,34927.778115938876,79301.77654688468,5,0,2,1,2,1.830992370621227,1.0
2582.0519220069905,127474.05396026494,32551.427321746945,10,0,1,1,14,1.341009598329051,0.0
4596.68157569345,172545.4293050183,51590.73785170878,9,0,2,0,20,1.9452056453090738,1.0
4525.362619373551,152793.75013997217,62990.026539798164,6,0,1,0,5,0.9400554669458029,1.0
824.8196064079191,52301.46766653577,33233.671301388036,9,0,2,1,10,0.5864641886692319,1.0
1864.8566154774594,130720.69008581454,15459.688818331162,4,0,1,0,19,1.353304678392917,0.0
3114.6509302311465,144282.92501261627,36399.73127202721,1,1,2,1,23,1.9205739335428922,0.0
839.0046796184408,36329.304297889605,62435.34866522673,4,0,1,0,7,0.5275062665317988,1.0
4841.709751626407,175409.10367621586,63118.73273162704,9,0,3,0,6,2.029094966772645,1.0
4578.009177201919,184065.45753927113,20751.486997160326,7,0,2,2,23,1.3863106479158076,1.0
876.4033862206225,174576.88647158397,16472.354271587483,6,0,2,1,3,2.9827709063370826,1.0
649.7195332418778,170187.34955814926,73883.17406172692,2,1,4,0,23,2.456977686082446,0.0
472.77198990091324,156644.08373835185,6387.925352989912,4,0,1,1,13,1.2276174107452318,0.0
4551.7461369813245,137683.44531793322,59574.86263391169,1,0,2,1,7,2.928735277405035,1.0
1008.4378584875309,145366.59084800282,6574.446679400058,3,0,1,0,2,1.1958826652591912,0.0
2110.610396294556,167087.1998669471,67518.30391629606,2,0,5,2,19,0.7706686120248534,1.0
2271.814259977415,142624.73792142177,72716.94062687985,4,0,3,0,4,0.5671658044584988,1.0
3015.104668857159,85713.58263595207,25901.272565640622,4,0,3,2,24,2.4587319299495003,0.0
405.08995154975355,93913.38736743017,8693.044550785713,9,0,1,0,1,1.2977426926677464,0.0
1172.4551561325538,182499.76962328967,40012.709298752,7,1,1,1,11,2.960841176295902,1.0
4660.877415248684,32910.75458551753,25981.653829401715,3,0,0,1,2,2.045523402639051,1.0
4546.630030979419,148799.49881152794,35119.48299639919,7,0,2,2,2,0.9107329125026447,1.0
3917.3887046581763,192312.18391228662,54203.87991862838,8,1,1,0,14,1.3401207665837185,1.0
146.03616581016638,150058.78889285552,19156.604768051206,7,0,1,0,18,1.7808497825532852,0.0
1668.6835040557055,198965.03799940296,30485.27085258465,8,0,2,1,11,2.304287809239818,0.0
3158.395739947394,146882.63393981624,63257.31175253587,9,0,3,0,2,1.978537677775913,0.0
1412.1915482787047,35841.714966866384,52569.670146367265,1,0,1,2,23,1.1500047801527562,1.0
4552.454140516198,170591.67987997702,28123.212818645377,10,0,4,0,6,1.690094746286365,1.0
3187.7528360705874,78387.08502968424,54151.2232200145,6,0,0,1,7,1.0412169749651927,0.0
405.9382507164057,105829.72836295496,61929.09506268143,4,0,0,1,22,1.3744682632433682,0.0
4549.57766473673,83055.62570420395,48621.38973336464,1,0,3,0,10,1.213952373147211,1.0
4790.944957972301,75654.19805564551,21441.256102577656,2,1,2,1,1,2.74638331924692,1.0
434.6764710390412,103338.96962386351,3018.887369423466,10,0,4,1,6,2.4701831855328567,0.0
2685.1831625635086,94387.74623491455,64819.38123809767,4,0,2,0,20,1.8290029376630461,0.0
1551.6531969601438,137667.5589132402,66342.78375934466,1,0,4,0,14,0.9355112282640095,0.0
1994.5534285829417,168235.7041678768,56715.546607365875,6,0,1,0,6,1.984075639540643,0.0
939.2735288789423,80505.07104183093,8896.731715306261,1,0,2,1,9,1.3864128556889854,0.0
2911.456904961442,66332.59597974297,48062.116138119556,9,0,5,0,24,0.5931635358414729,1.0
4791.997798582009,143372.1960479582,66218.59168791375,10,0,1,0,5,2.2229675397480233,1.0
2540.2093713444647,143954.41119123288,33004.46064832876,3,1,0,2,10,1.139208054142859,0.0
460.4271779026817,183192.3106786492,18246.056534959564,1,1,0,0,7,1.085409976452109,0.0
3119.0066007131713,32710.766697062845,48247.30188759324,6,1,4,2,8,2.159491820940022,1.0
1734.1038225337222,175016.9125598067,66625.6103021676,6,0,2,2,21,2.6785542020213544,1.0
4286.829688476924,118570.36940122068,6762.986820444048,7,0,2,1,12,1.2050730278335986,1.0
2201.6568341665275,135621.35515925678,48965.24372137665,7,1,3,0,8,2.4438852666061974,0.0
1004.5560642641158,45533.14489544051,52524.38224112933,10,0,3,2,10,2.714346636052389,1.0
995.9728323211675,103544.53858824776,49382.26202981753,4,0,2,0,9,1.0274407521597908,0.0
3855.3826945697438,68641.40923054905,53052.59368625274,5,0,4,0,21,2.79358051939072,1.0
1364.6586116214314,73218.25511402654,51615.8986855199,3,1,2,2,24,1.2077806023413615,1.0
3847.8053010881536,115696.16949492466,13041.099143486877,6,0,2,0,16,1.0444908000118596,0.0
1069.142188294667,168117.5115685291,21090.13182506648,7,0,0,1,15,1.4017584849384415,0.0
1642.3475250714816,156442.75812462554,50662.538407253785,9,0,1,0,9,1.0705391679345828,0.0
2354.160513576512,130469.99304461214,4362.37340753135,9,0,4,0,14,1.931344433734244,0.0
4718.819455982581,121701.0927680894,51875.32794168982,5,0,1,1,1,1.6819319423489398,1.0
4662.070552531432,102642.02734986329,54234.770031447464,4,0,1,2,23,2.1745643303473505,1.0
1074.0157833403246,195360.69550543567,21416.456509347703,7,0,2,0,16,2.3107626241471197,0.0
1823.1842541532103,125232.73421981966,49056.22789099175,3,0,2,0,7,0.7045073238013297,1.0
789.526972846173,73174.28771307776,44124.93467572987,4,0,0,0,11,0.8840802518523625,1.0
2574.4261426018106,69115.43464680674,23073.249207789762,9,0,3,0,2,2.474196385568548,0.0
2329.8836259385994,133930.0152317741,38648.9989143561,5,0,2,0,18,0.6656086873266599,1.0
4508.762804131125,118880.67964285788,73041.08876473797,10,0,4,0,24,2.146990357032389,1.0
4653.52662006581,31308.626502301173,35848.41409541098,7,0,2,1,7,2.158791835704133,1.0
1948.658585486096,171111.11327328248,51498.00161972163,2,0,2,0,3,2.34278480108156,0.0
2484.1028179439977,149700.80021951388,5722.013220133454,9,0,1,1,16,1.046637662195929,0.0
4486.3694332733585,142510.9792452776,8990.608725801607,5,1,0,0,4,0.877628002547204,1.0
4043.2036483380543,41692.71180860202,9260.721644355523,5,0,0,2,3,1.6248997818329163,1.0
68.09874115601392,91549.49452932354,62924.5387992363,4,0,1,0,4,0.6069887488764718,1.0
1634.2948427087333,189014.98432457366,29969.780899865855,8,1,4,0,13,2.604611960061293,1.0
2137.782497583823,176640.17102803182,20526.100004167627,4,0,4,1,21,2.3669018134507684,0.0
1187.095604231997,78542.29943782068,60543.991770782646,2,0,2,0,14,2.711742402585172,1.0
1037.8794986848968,56700.01029685358,16086.924816825434,5,0,1,1,10,0.6743939254415918,1.0
237.03330764861437,106344.9527186581,21979.924430411607,3,0,1,0,14,2.80219114619395,1.0
3234.6801390953146,90491.16437350234,36181.72113179161,4,0,1,1,17,2.3915858300786197,0.0
1349.42593789167,145978.48404001846,28520.73131412522,3,0,4,0,22,0.7818914542658222,1.0
309.1185332349998,194293.91771433433,48075.20024982161,7,0,2,1,14,0.7616960105977431,1.0
1193.347587113915,91710.24649703545,29013.72766876327,6,0,3,0,5,2.749962295462478,1.0
4019.4740665388263,40578.10935088114,33257.27596113468,2,0,2,0,21,1.6653736984425243,1.0
4264.871449150406,182594.3814182055,69442.26883521042,8,0,2,1,3,2.99712415994582,1.0
2441.1779137068484,36451.454140778034,71108.92085135619,5,0,2,0,19,2.08752256122815,1.0
2109.5498185229967,191970.2025160666,66733.76169263237,6,0,0,1,15,2.219754288932031,0.0
4890.375782833819,142978.50276153677,69591.98181825671,8,0,2,1,9,1.6696870933203531,1.0
1042.795064960946,190087.16543513135,46869.10753911201,7,0,4,1,24,1.5922301289165384,0.0
1116.028450130312,63942.146730326305,52759.95753585656,3,0,2,0,9,2.5046198041949665,1.0
1494.7425263301789,36918.9651931473,45902.33382473042,2,0,2,0,10,1.6218483318632395,1.0
905.1487254913822,112995.69630700361,63490.28247207484,3,1,2,1,16,1.7459436890887292,0.0
1927.8597111107235,106605.9804769213,45427.037403631206,8,0,1,2,8,1.477269028691771,0.0
4558.629423599281,86353.68645333008,11552.9262704101,4,0,2,1,7,0.9907193770989835,1.0
3095.9718111114425,192801.6006460786,65337.66927517821,8,1,1,1,14,2.6222659300087443,1.0
2089.135415630705,169839.2344674435,61565.0581421703,4,0,5,1,18,1.0517811846855514,0.0
4675.333433127513,142468.94363385087,66163.14583676215,7,1,0,1,15,1.254211859170104,1.0
289.8979507553205,57685.909578430714,17663.06868101166,6,0,2,2,12,1.9819937866317068,0.0
1090.8670806142138,154834.9793971492,23914.513059052464,10,1,1,0,21,1.3153069910849298,1.0
2851.148595253707,153592.11729895306,25772.88068929181,1,0,0,0,10,1.3834429142911464,0.0
3096.985484806237,102261.58951472127,42122.20128629687,8,0,2,2,23,0.5097087059528758,1.0
245.80965748493506,187213.6046513823,13308.535480586403,6,1,5,0,5,2.502543037674183,1.0
2045.0418516403042,58386.23997893177,32674.395002164787,2,0,3,1,17,1.7360670031270515,0.0
3263.31212591282,75447.38560998293,17026.17840308528,5,1,1,1,6,0.9905491888988167,0.0
3505.449204696838,40748.13767260772,23386.728903520707,2,0,2,1,22,2.2804671407315444,0.0
3208.792517455533,165226.66289018988,57391.8478609989,10,0,0,1,22,2.140009135536827,0.0
1636.7879605865764,135699.09563621753,68820.45903643065,7,0,2,0,19,1.4409378554411665,0.0
512.9246118096521,83539.85196581241,4763.751727983157,10,1,0,1,17,1.945365150965558,1.0
2164.206609775704,57848.32281103361,46574.06617833503,6,0,3,1,14,2.166729476401664,1.0
687.3344649718746,36825.120904885865,5776.601678794569,7,0,0,2,16,0.6549551133243482,1.0
4740.737109677302,58346.74666640922,9564.191865889372,6,0,0,0,7,1.5440333594910143,1.0
2402.09578681201,107058.38987740189,57291.4706652864,10,1,4,0,15,1.8116808231523573,1.0
1620.4329130664944,72020.08473180304,59641.82420066298,1,0,4,0,22,2.308295409573541,1.0
3843.2051520385553,74026.97016343434,65676.51183430551,3,0,0,1,14,1.454211170372451,1.0
2514.8455332822064,178847.98233351143,39516.59640631348,10,0,1,0,21,0.9269191072909182,0.0
1584.6684188616277,117573.40448838711,69205.17611524649,2,0,3,0,19,0.7240464881694088,1.0
4069.2403248344685,153972.8354318305,15846.548456405075,1,0,2,0,13,2.5234144579363074,1.0
4342.403147455554,36070.86133478433,22228.1638498952,1,0,4,1,22,1.6979491962490763,1.0
3381.390423128951,92077.77046526488,13356.665365351791,4,0,1,0,10,1.0732584368616283,0.0
282.4738909179531,111458.7890572251,64410.369064804494,1,0,0,0,14,2.5120859115188328,1.0
2853.2982568243337,61690.8653857314,20607.984115769657,2,0,0,1,14,2.529852170720109,1.0
3828.309814386544,50432.56204574158,14974.365692388765,1,0,2,0,12,2.128200703607451,0.0
725.6899098137318,177951.64234497322,50979.522944280325,6,0,3,0,24,0.800285937675643,0.0
1181.9202193537867,189703.3766069654,8935.31602977193,4,0,3,1,8,1.258722264963646,0.0
4418.350770087275,43397.13866771926,6457.321345953285,8,0,4,1,8,2.706231705559881,1.0
149.60252317271647,89333.18113221534,11217.258938539337,5,0,1,1,17,0.8038093108191511,0.0
3775.9993322385812,192908.55678456053,3018.548067011905,10,0,3,0,23,2.2513806062551818,1.0
2395.177797946393,44137.49463251903,56668.24187507802,5,0,3,0,17,1.140204529812248,1.0
2261.522186256054,139419.03338938346,46292.119772014856,8,1,3,1,7,0.5855093183318223,1.0
85.12783584969152,195277.63306439095,19160.38339590474,10,0,2,0,18,2.222641466157696,0.0
4106.02124328414,196298.02365883367,20941.38099427488,6,0,2,1,19,1.1622787164671162,1.0
1831.133258151004,110107.96625363635,65444.582082193054,6,0,2,2,10,2.357504616715384,0.0
2726.7898749376873,57667.3483230047,41640.14892124313,3,0,2,0,18,1.4174819910161527,1.0
3402.6383973615143,64354.333546164606,56786.68349529395,6,1,1,0,1,1.0484569561846855,1.0
3528.0164033676833,181232.23717114708,37862.1697481685,10,0,2,1,16,2.774946853246378,1.0
4782.1012911890575,184986.1107360551,21304.288003601006,7,0,3,0,5,1.388108556214301,1.0
2680.132768521215,133339.5394585043,77721.01565258382,2,0,1,2,8,2.786212760766004,1.0
2028.6117773234164,160249.98790988495,46554.86237990561,3,0,2,0,12,2.903199425660299,1.0
4770.832951133954,155788.3127499694,13085.606590129255,6,0,2,0,22,1.5161045367040735,1.0
3228.4456633763293,142509.67165814817,34268.93324816082,10,1,3,2,20,2.2957502572217408,1.0
1525.8442635689503,170637.08232822965,28358.980719911353,9,0,2,0,13,1.4913868536814006,0.0
675.9980147476772,146519.1259168546,19484.735081316143,9,0,2,2,17,2.1411120604992093,0.0
4220.644782252647,120780.39197707488,74874.87917149998,8,0,2,0,10,2.429661776622746,1.0
1842.7989338310504,70282.58163998666,70830.83965040094,8,1,1,2,2,2.0961318883719846,1.0
3319.3251207539342,156460.9845001652,18334.327972048963,9,1,1,0,18,1.2239139009827493,1.0
2380.5412758611956,110484.43753250666,30115.387457274788,9,1,1,0,3,1.270414067525743,1.0
1034.7024099854398,80114.58628127658,61698.28515865326,10,0,0,0,18,2.654256109782225,1.0
3028.348712671302,166330.86687610182,19054.965706796607,9,0,2,0,20,1.910125439646346,0.0
350.38119130587745,148441.3120600148,48550.494420526826,5,0,5,0,20,2.753936110868318,1.0
2096.0451763624014,189347.725731199,56884.13354361088,6,0,1,0,21,1.547078937151031,0.0
2755.7439513351715,58125.07880320921,53355.86907972901,5,0,4,1,3,1.158167937547812,1.0
2208.4325218869662,140362.17838820384,57393.46530121354,1,0,2,1,22,2.0205242246083106,0.0
3755.9272674924046,71520.70957498992,57415.86835521475,4,0,1,1,10,2.7250290349695976,1.0
4148.2285249992965,183609.1075012791,77290.05582836749,1,0,0,1,11,1.753388379426898,1.0
3867.6532164642313,46914.90042362467,29680.41449306461,1,0,3,0,4,1.194545730127154,0.0
242.12409166842045,141547.50709562912,70651.46267693964,3,0,2,0,23,1.0538223269928886,0.0
1010.9374137075624,164484.57265976508,4679.143813663222,7,0,1,0,4,1.6229899303112967,0.0
2706.2071708556828,90336.03286200023,25191.62817589281,1,0,1,0,15,2.6358302795086317,1.0
4677.369100196816,192203.47349524757,6746.495213933131,7,0,4,1,16,1.2141814935661333,1.0
4183.036036507979,174624.21637962633,53142.7049165997,10,0,1,1,7,1.8843140563051102,1.0
4220.545816341418,80085.11094643358,10760.858546334706,10,0,3,1,1,0.9326273595396518,1.0
1550.8805591103908,31281.985761719774,68119.42850120756,1,0,1,2,13,2.3576510806571025,1.0
2175.7670905395776,80431.71994007035,52787.55965185,9,0,2,1,17,1.6478991920527197,0.0
2379.99443921389,77822.77998002623,5218.785881127638,5,0,2,2,21,1.0964760879797557,0.0
828.9893375820566,181293.98327515452,58037.85713846597,6,1,2,0,24,2.387399718430456,0.0
203.78724471005876,194410.6003033071,69376.690938786,9,0,1,2,8,2.320105753058287,0.0
4737.169352329559,41974.79761494426,53906.317589985505,3,0,1,0,6,0.5839012738743755,1.0
1241.5272990343583,110120.12085066384,5350.364626997478,3,1,3,0,6,1.604171317744653,0.0
1237.747073431975,123216.43975006527,69059.8052314513,5,0,1,1,18,1.982566399851758,0.0
462.7263161553597,45794.98242604956,59399.721295920695,7,0,2,0,4,1.1399315910739924,1.0
4646.113372121704,94174.61055337884,32140.751061266787,3,1,3,0,15,0.6407295256295695,1.0
2919.6987189518713,83904.0109568016,28304.529890293703,4,0,3,0,8,1.2099410444244487,0.0
3351.8324427705015,121129.58023560484,39946.153968372884,2,0,1,1,2,2.6678236949312177,1.0
4562.30559195211,142402.45295442946,69766.83482221606,9,1,2,2,22,1.3483242175008003,1.0
1760.819836058908,149592.46878441633,22408.57009395593,10,0,2,0,19,2.4667222257137196,0.0
3126.4611901335165,53248.35401427589,10774.213465572488,9,0,1,2,23,2.2555548185853764,0.0
242.05730090799292,168201.10933058563,69577.00071800084,2,0,1,1,9,2.8965023757698254,1.0
974.5240147440902,145352.14506442903,5024.318363815666,5,0,1,0,24,2.6800644878052795,1.0
4164.666735195216,181142.73584694232,73146.77071279298,1,0,2,1,12,2.853964720335725,1.0
3845.503363874762,106387.13010402379,26542.37996120785,8,1,3,2,8,0.5582373643487455,1.0
1785.681322712877,181961.25966277256,42133.14802999661,6,0,4,1,18,1.243234360448729,1.0
1915.2126074823518,177181.60080053282,13186.75540592156,10,0,3,0,6,2.6818784049343556,1.0
2691.0944460902183,104529.58650107583,72473.63264200477,10,0,2,0,13,1.4317812349810763,0.0
51.192973191416016,94794.36359980637,60737.38920059916,2,0,5,1,2,0.6318571614810269,1.0
1244.159463388238,188578.04254494366,74159.98016881863,2,0,2,1,18,2.8215433572003468,1.0
1080.7474526106614,151578.00487153442,55608.63693609851,10,0,2,0,9,1.6299924358682536,0.0
1289.8905864113292,187801.70889447286,17221.420809159114,5,1,4,0,1,0.629522684775897,1.0
4039.2339205405347,165485.7124122882,26736.5592299412,7,1,1,1,6,1.2095217601154822,1.0
1434.3855899048938,133580.56467954043,40487.340282967445,9,0,1,0,14,2.639436533276928,1.0
998.0305441482334,49694.97209063997,49758.88181273593,9,0,3,1,6,2.474162008440799,1.0
2546.104130925506,79551.71433844673,74337.37667489308,6,0,4,1,18,2.9931161636890358,1.0
4334.942930045023,194703.20920672655,32564.2628657637,2,0,0,0,11,1.6000813258671338,1.0
1244.6810339956244,84301.75678141476,57136.54568685024,6,0,3,0,7,1.2563087283756584,0.0
438.7544018243535,45853.327863513034,76997.68136613329,1,0,2,2,4,0.8328701829531469,1.0
1814.2034424558403,150284.07050628436,14732.802882989881,2,0,3,1,4,1.2451520992353367,0.0
3750.8765315966402,154780.72327242632,69428.63833602521,3,0,1,1,11,0.9990838497211483,0.0
2775.9181962392336,78527.81244881563,35394.36742027629,5,1,5,1,18,2.170053726285553,0.0
4093.12717939302,80604.23648887163,59396.47674655893,10,0,4,0,15,2.4154537498754847,1.0
4799.981130665708,109711.80753649326,25602.452082755444,1,0,2,1,9,2.5090496848103676,1.0
3973.6792599205046,33704.12145958344,28716.78480648212,10,0,4,1,16,2.380423842622594,1.0
3038.8252402765793,164184.91176139782,5089.258314841092,5,0,4,0,12,1.7258511047147893,0.0
2492.0408608592834,83905.09383660136,77798.11979385589,5,0,2,0,14,1.481157891945573,1.0
248.34197742392,175139.7273403362,65635.8482927704,4,0,4,0,15,0.7503815008026028,1.0
4922.393795129504,166447.17167200573,10231.682760318978,3,0,5,0,22,1.9466193317252438,1.0
1948.2315567464605,142438.34563019313,79962.17726611064,7,0,1,2,13,1.632075027669058,0.0
803.5296588884906,85228.72740687907,49586.89398462649,7,1,0,0,7,1.108138106368156,0.0
3350.2088342124607,117773.8154823989,68737.1051232575,1,0,1,0,4,2.5064094357978393,1.0
1457.2270310225238,105620.97379165303,8132.87877239591,7,0,2,1,14,2.2776920825245037,0.0
2949.6024411086855,87609.92066227461,32987.74074387812,3,0,0,1,16,1.9204005702604248,0.0
2954.5011438307265,174183.1691815403,54563.136417377966,3,0,1,1,1,1.0012899477574526,0.0
2256.362613469202,112196.2026782031,11195.396339877017,6,0,5,1,9,1.9250568082317567,0.0
4188.787146947961,171562.9266255149,40645.51857635805,6,0,3,0,13,1.0102385490632078,1.0
1361.586954699443,47887.14060411013,37086.196339898896,4,0,4,2,17,2.3307110236249886,1.0
2270.731328507784,53974.21406205707,19635.09728446564,5,0,5,0,20,0.9310106816901929,1.0
2711.576036525309,196144.45186920604,26120.77736058877,3,0,1,0,23,2.3488580570469466,0.0
3334.942367798133,129920.63864303523,77468.11329611365,3,0,2,0,19,1.8519005439984144,0.0
3930.660660002668,116660.84449483833,25225.93342276507,9,0,1,1,21,2.941588124312352,1.0
2004.2960502473675,118936.53073449899,19433.81231556765,5,1,2,0,5,1.6672626385906661,0.0
3247.9323732781504,66595.69158558617,44288.10617226167,1,0,1,0,24,1.0992866041820273,0.0
795.5242176891696,152179.6714153354,54663.768623412936,9,0,1,0,9,2.5991397404049534,1.0
4666.608097685269,44412.70603405824,58832.16955235649,10,0,0,0,1,1.9509811554640248,1.0
1946.1410917839676,127465.03122751394,61077.033206262546,6,0,2,0,2,1.8420581037256967,1.0
3661.13103878337,127030.69541960325,5836.101846635988,9,0,4,0,14,0.7631380948156131,1.0
150.68835531677934,185412.03210269686,33319.55082922637,7,0,1,0,5,1.4517993302848575,0.0
1065.6763573787946,119451.07771782627,62594.772143297945,10,0,2,0,1,0.5116137115689172,1.0
2461.058594401711,53300.65831561052,72673.61183860997,10,0,2,0,16,1.0388341330399795,1.0
4397.349715275115,127368.05407218763,49369.409496624314,7,0,2,1,6,1.8128380629017766,1.0
2659.912992255852,45525.6995421065,7027.627720245797,5,0,4,0,6,1.6833198176140662,0.0
4652.858887354701,64644.95200098668,33541.727050845104,7,0,1,0,3,1.9184689371906523,1.0
2444.794638084842,35288.459311860744,8715.487921871008,10,0,0,1,20,2.6702770229027117,1.0
2477.7230288429523,117259.9090181147,60637.41542671301,4,0,1,2,19,1.150294083549408,0.0
642.7466030776328,44370.5445999073,7889.921134688222,6,0,2,1,5,2.1926184787609233,0.0
4023.148408553488,109797.04435032593,17301.29213860865,2,1,1,0,14,1.877746459376642,1.0
1272.4787917119593,188600.65600510448,35105.798645287614,10,0,1,1,19,2.5513442720499886,1.0
4503.08182239296,152359.44021328643,38623.92426784514,3,0,3,0,2,1.1683294458565758,1.0
4558.579890635461,43159.984618299815,34299.09092425594,2,0,1,0,15,2.975718726615454,1.0
4719.385053777041,68115.66807550334,38681.541788662,10,0,2,0,13,2.159718536687608,1.0
2625.1409210602956,144522.61138188382,57919.414705555384,2,1,5,2,6,0.6012858799801095,1.0
3401.6142346790393,182099.31637411122,31433.699367576697,7,1,2,1,1,0.5116007947957836,1.0
3903.6536063052345,35596.15974987214,45176.785354597676,5,0,2,0,9,2.669608851431741,1.0
698.5223623198048,168116.692392501,26359.432829712383,6,1,1,2,11,1.154079026977288,0.0
3024.738115237611,125508.35965751248,30229.317121967164,3,0,2,0,16,1.0926599891547124,0.0
219.7746114513928,122835.52530038674,50262.519846240226,10,0,3,0,14,1.8744736376666675,0.0
2512.952112774193,192828.24106807084,40768.088176050536,5,0,3,1,10,0.9234789665453453,0.0
816.4712740201256,157099.5841414514,58673.79470416465,5,0,2,1,19,1.2216727111669088,0.0
955.4684835123193,174520.20756953902,46161.471279984726,4,1,3,0,19,1.7902349620906932,0.0
1856.9854551283775,90179.24682259334,64875.204574558215,10,0,0,0,8,2.9546964733821652,1.0
2190.56397524669,124241.88694082967,37142.43240059318,4,0,0,0,16,0.8829735736621263,0.0
3134.703501434327,134618.96516272103,40809.588729743715,8,1,3,1,12,0.6048620057317107,1.0
418.4206712706525,84669.26986161906,54587.79386537235,6,0,1,0,6,2.270093913633729,0.0
2543.274218125351,126942.18124105792,20035.783719727762,2,0,4,1,3,2.04054183342362,0.0
953.9943947528506,70231.41451155135,32716.574343707085,2,0,2,0,6,1.2832354329092415,1.0
2891.1771164071224,54373.864081600725,51112.775788901505,2,0,2,0,6,1.1984933094451593,1.0
3205.1528306928585,93574.94407714655,5223.472733461702,6,0,3,0,3,2.6696407522091476,1.0
2805.7108199366266,155679.23688689427,36646.80038981351,1,0,3,2,12,1.3033034117912032,0.0
3704.5627768676227,185751.8151725609,49111.445095571,3,0,3,1,11,1.9824654452238284,1.0
1711.2657589924615,107811.38875469952,77487.91596232123,1,0,2,1,6,1.5634067641283012,1.0
3837.2776285839977,139280.0270068234,70530.27524456067,4,0,2,1,8,1.8185539413276828,0.0
2192.197054455559,47516.31226576708,24617.130376584675,1,1,4,2,19,2.7203890201973326,1.0
2446.713266696854,183758.83895389587,42055.1780102272,9,0,4,0,16,1.6191857377159122,0.0
3258.1055299423033,126662.71630688885,7343.90669482703,6,0,1,1,18,2.563606448692408,1.0
140.8740007961586,162657.5020962767,21538.08994097115,8,0,3,1,12,2.0054893249347563,1.0
3287.271396030229,165055.00415663695,62663.90184124294,2,0,4,1,15,1.408807731432896,0.0
3111.996487906971,73601.689482578,12495.178945201531,6,0,2,2,7,0.562149378571609,1.0
1583.7432279287357,119959.65704091442,22842.17041221466,4,0,2,1,12,2.168591951678555,0.0
474.68171025247295,193281.55776536616,75691.27263365721,7,0,2,1,24,2.2413510973741197,0.0
500.13047706955365,45237.87261954072,66436.89663791927,8,1,1,0,13,2.9823812647536765,1.0
4619.957547576882,146118.48266502577,63200.73387396623,6,0,0,0,17,2.277591734694248,1.0
3461.9326400678938,193584.89326597925,69570.92675326607,1,0,3,0,13,2.549348868197525,1.0
679.157938165165,81098.10836918377,60719.63786684125,8,0,2,2,17,0.9182850883047904,1.0
1815.7796880790863,176446.14663873918,12285.138641104091,1,0,1,0,11,2.4073447935176127,0.0
2982.790819812902,188721.78271940618,42775.22213936281,9,0,2,1,1,1.3799615251244632,0.0
4186.0799401987115,157004.65559712026,37206.78190177879,2,0,1,0,11,2.94999816959512,1.0
266.1215971293922,69325.81309218291,26958.671526819267,10,0,4,1,20,1.6293349978643978,0.0
1221.334000776544,86780.12220052096,67221.11154840962,6,0,2,0,12,1.662096284271643,1.0
4454.257501962131,36087.58005101422,38738.71858281599,8,1,2,1,3,1.7438117509354352,1.0
95.3694734098916,171347.0498217104,7642.915304531326,5,1,1,1,7,1.2694438950653117,0.0
1046.9255588297426,174433.9017068836,24172.349946460654,2,1,3,0,6,1.449051395964006,0.0
4797.169671066182,137560.75269425276,20603.821468267273,5,0,4,1,3,1.48081730742582,1.0
3086.339140284747,89929.73471485473,71335.87413046883,1,0,3,0,19,1.7824246233306937,1.0
1345.2732648556569,43057.87469878649,52852.73374920299,8,0,2,1,21,0.8532152572958578,1.0
381.6059172594457,158019.79368553462,46148.972472919784,8,0,3,0,20,1.9938591571438162,1.0
189.54713521374967,153509.4529136869,42011.99160926029,2,0,1,1,9,1.847547854027043,0.0
1261.48814420279,185142.42869561317,53058.703120692844,6,0,1,0,12,2.9556397608204104,1.0
4413.354806965107,154190.4435709116,61125.417101838604,8,0,2,0,1,2.686088672567985,1.0
2108.772588772672,170878.14018148032,45687.622349026264,10,0,1,0,16,1.6562506287804513,0.0
3615.6501773716654,156812.28504367993,75247.97696675101,8,0,1,1,17,2.245200140875514,0.0
4595.510925130791,137216.8220130938,78216.23114007962,7,0,2,1,13,2.1390356351492494,1.0
2069.800284933942,102584.28701247157,79641.35837887938,3,0,2,0,12,1.0871243050971247,1.0
996.8229866351154,183359.94246918723,54543.115476825646,4,0,4,2,21,1.3324091680829508,0.0
2609.7337577417516,140664.65722426987,74811.77594020264,1,1,1,0,15,0.5835542372501243,1.0
4545.014250946279,97720.40473420454,34144.936538712514,9,0,5,0,8,0.7392988745047153,1.0
4031.6533499816182,44189.78018093273,69188.61412604866,10,0,1,0,4,1.274120259282984,1.0
375.85772464761124,79419.82550374496,73006.42100295544,10,1,2,0,14,2.4452513338297903,1.0
3478.23536038403,122433.544921128,72618.81636958521,2,0,1,0,23,2.2892773579049632,0.0
2880.892736171821,76858.01290275308,66975.16378394538,10,1,2,0,3,2.9105911623827705,1.0
4541.942722914806,67610.00914604336,34308.135446376284,7,0,5,0,6,1.4163473063479661,1.0
656.2830134089713,119656.89739493401,15235.876112516544,8,0,3,2,6,1.3571659953106214,0.0
2693.4787603630502,58869.45880227488,28714.639438522332,4,0,1,0,21,0.7573778889524068,1.0
4403.340332883867,166069.71076526758,62081.21983595316,10,0,2,0,16,2.469066947745865,1.0
2079.617744371628,112342.58572825186,20932.184372408094,1,0,2,0,8,0.9135702432590151,0.0
2435.874842777692,127556.67157365053,39826.94899159987,5,0,0,0,1,2.8834393686288164,1.0
398.78035445144354,55055.15549154925,46535.76288481975,10,0,4,0,11,1.2894752950163126,1.0
1426.8110202221085,85177.97705699246,49497.1093077164,10,0,1,1,12,2.118159681061363,0.0
1656.3079133862893,99715.246154396,75050.86722516749,6,0,2,1,11,1.6261161220473483,1.0
4728.35612128719,167396.1811878055,53934.962571902455,7,0,1,0,13,1.0603953554722523,1.0
1449.2034346787373,160927.11892464594,63545.00883795227,1,0,1,0,10,1.6399956697830738,1.0
2331.3002395847775,67906.17071390583,47804.63278765577,4,0,4,1,20,1.314886367919053,1.0
3372.956896643185,134750.4438731913,67185.68455237118,5,0,0,1,23,2.0636365193324844,0.0
852.807693418993,71387.5808212396,23302.09820637174,5,0,1,0,22,1.877968480680595,0.0
2457.8898163522786,198002.01646734172,19160.58071849677,7,1,3,0,14,0.7067527651899864,1.0
3705.7682454057426,191861.059282248,74326.64375436367,4,0,1,1,7,0.6803559435529056,1.0
4340.933304483977,125755.00248850549,56398.02747951814,10,0,2,1,14,2.9130994417774163,1.0
3149.983409579012,148813.4372220043,54707.46943348303,7,0,2,2,19,1.253739197548484,0.0
3361.814900818892,166243.16497546967,38981.73337439064,8,0,5,0,19,0.72635608508471,1.0
675.1031892936163,152569.73140763366,32005.688965600308,2,0,3,1,1,0.954596402178995,0.0
4731.593661369418,148970.87748401155,45788.22197485519,1,0,5,0,7,0.8862066982437984,1.0
706.2416835481877,192954.18135141977,12283.608905468367,10,0,2,1,4,1.0247528823744938,0.0
3884.6310390499016,131397.53807223815,38012.8672033993,10,1,1,0,21,0.6171947693551292,1.0
1360.8407928026782,138171.45420923945,38063.31324384203,1,0,1,0,5,0.994235573716669,0.0
4671.286061321195,174375.6875744908,44451.911496708424,1,0,3,1,12,2.8533793364277753,1.0
3613.7997198789235,143881.44753592915,51870.792306274576,9,0,2,1,17,1.9301185119451016,0.0
3781.377879242926,154598.5457429788,76713.51418087288,4,0,1,0,6,1.3131560458872902,0.0
1134.3429066464223,69808.67665342923,53217.02278606528,9,0,4,1,24,2.473788275348055,1.0
2243.047884344046,93115.37709956206,71046.83670041269,7,0,0,0,16,2.7396187389185607,1.0
3108.175313216968,55041.22877102181,45835.39733312561,7,1,2,1,1,0.6768305960436758,1.0
3861.3694101226747,115980.12519691692,51273.44696231671,2,0,3,0,12,1.3607729530407873,0.0
564.5989107663283,107473.65811564187,8377.44538943686,2,0,3,1,14,2.546525123104845,1.0
4813.708316449915,199517.67842750766,13261.306662099998,5,0,1,1,24,2.0178266696522056,1.0
4456.592319245052,133905.47097864223,47634.62351021055,10,0,2,0,6,2.205706435943537,1.0
1388.2255229531424,163695.61994305198,33469.89098676825,1,0,0,0,9,1.8989160627595107,0.0
4122.663203010043,86782.49402880121,64508.41002964364,7,0,2,0,19,0.7054991517107391,1.0
2615.703419047126,171362.7063282754,44824.69636531155,7,0,2,0,20,2.6269822515206283,1.0
2335.942083731992,134564.44430290617,70936.40999925301,8,1,4,0,3,1.095889434803151,1.0
1606.4488237664568,148488.69637173455,77869.53924159643,7,0,1,2,21,0.7580512659016911,1.0
2925.7945038263824,80053.23225140724,14367.909254354345,8,1,3,2,11,1.3487562836717388,1.0
3662.951132632809,123268.52658824812,33401.73687748324,3,0,3,1,12,2.3633234217893433,1.0
2084.1178795656533,137786.28548031347,54203.53894332837,3,0,2,0,1,2.6998852386082812,1.0
3164.635005391046,130146.09488881877,26522.634165826927,8,0,1,2,17,2.126255376096786,0.0
3511.5989597187536,185582.93094217632,23561.490004555126,9,1,1,1,18,1.3952331587285989,1.0
3570.052994225665,182706.3529637341,65657.86916842042,10,0,3,0,13,2.320448416718902,0.0
307.23218574934225,195067.289839068,78489.14211752321,4,0,5,0,1,2.416299511691548,1.0
4305.7516381410815,143462.7610211882,62582.856506056065,8,0,2,1,19,2.8075877994532927,1.0
2318.3539080869873,195225.40212136638,43323.09995591674,1,0,4,0,2,0.7965615270991573,1.0
1348.9596043962615,171521.2600054245,37073.36485978923,2,1,2,0,23,0.8506055520272527,0.0
1246.7343120244238,76041.46385779307,44552.8744808381,10,0,4,0,13,1.5910026732147806,0.0
2440.919858577555,102664.0638237205,38638.65706845566,10,0,1,0,8,1.3512809849895109,0.0
4439.816120371348,70526.71517213166,41722.38037249644,10,1,3,0,2,2.430617470412301,1.0
1922.8205293291023,30713.517341196086,18665.88489075053,9,0,3,0,4,1.970808413214396,0.0
3761.1424465785394,61968.28803497447,72588.13009681822,2,1,3,2,8,0.7400333149079328,1.0
529.2527183867321,30690.299668768865,61099.195117291645,2,0,3,1,1,1.8364399631942603,1.0
2406.4806756477556,152372.5384295833,55435.261547377944,8,0,1,0,11,1.2139009706830528,0.0
4958.846394944041,102340.83061260392,76144.22276503443,5,0,2,0,8,1.5182615539858237,1.0
3863.667123822068,83137.7036032359,24898.36355728853,5,0,1,1,13,0.703593974399453,1.0
1092.1160177810343,159492.55148618197,9249.274638808296,6,0,1,0,16,0.587578101462493,1.0
2532.135294804658,171522.75168533967,66612.67684736053,8,0,1,0,8,2.91313277387426,1.0
1206.4425800604045,195800.92157047958,79878.10620099262,8,0,1,1,18,2.3543006476149975,0.0
2077.326589949421,139142.309394791,47539.29772755536,9,0,2,0,3,2.1329734254739896,0.0
3911.4159174880756,108459.9229518088,7528.322869276503,10,0,2,0,9,2.1908388232687535,0.0
3867.562835687498,81894.93127326411,63096.03909193047,3,1,1,2,10,2.094124811563984,1.0
1179.0968706168064,67794.09556641847,8678.676761129798,9,1,2,0,21,1.4481908076824543,1.0
4615.005424866557,66197.4115820422,44581.07694196465,3,1,1,1,23,1.7444906039694612,1.0
2983.212504685893,99562.1937023658,24370.000514210584,1,0,1,0,21,2.8131716562064555,1.0
1930.6252402619718,198603.68039894805,73457.06210561444,5,0,3,2,10,1.427087693706399,0.0
2534.5811248652603,30145.128564358554,37752.50342098034,7,0,1,1,18,0.9779643361556638,1.0
3045.102704516831,63525.00252927013,72181.67783284861,3,0,2,2,18,0.6353765904957627,1.0
2821.458132636638,62026.807008607546,26029.2435646017,9,0,1,1,17,1.1511710530581634,0.0
2457.7049259040823,151910.31254048971,32826.91895424404,1,0,2,0,22,0.8277766381982916,0.0
2549.4173802425307,89922.40369167051,75928.1774950252,6,0,1,2,23,2.127375850114226,1.0
923.2389566180366,107734.3367806095,18501.212721735923,6,0,1,1,21,1.0913955145667211,0.0
4073.027876308163,55266.10217988385,47544.58867713818,8,0,1,1,3,1.3306735749990448,1.0
2731.713583708026,98849.4966090811,32915.29529912857,3,0,3,0,10,0.7392614768761028,1.0
698.8453154382803,47543.96802399213,62610.850150292004,5,0,1,0,15,1.588834571511419,1.0
3842.4776528347506,120617.35894105914,12955.820580194519,10,0,1,1,9,2.88708229140256,1.0
4665.597692967886,46649.52211508551,36665.552613359476,5,0,0,0,12,1.5973682992755665,1.0
4739.169151222963,164386.42479943656,56817.81226708526,8,0,2,2,16,2.3779621999342098,1.0
1876.637775435305,126322.29198188322,34340.2500954743,7,0,1,0,15,1.9250534233938836,0.0
720.8085241257324,153074.53854149787,7506.943924204005,3,0,1,1,24,1.2941630570985962,0.0
2616.0781518336726,101147.78573095625,57293.644122821475,7,0,5,1,2,2.8535251309620193,1.0
607.4156852786424,94853.51985117864,41746.271231743696,10,1,1,0,19,1.7954966915212398,1.0
4673.237721637455,46695.511138306814,3870.768874367742,8,1,2,0,7,2.4301010382716397,1.0
958.7191554079726,119055.45319727984,50174.503932584725,5,0,5,0,9,0.8061882247841206,1.0
1301.1910067582621,117465.36802570564,73830.83873471656,5,0,0,1,14,1.06661633842537,0.0
2062.8508080806037,109577.34755643291,11548.998012300051,1,0,2,0,2,1.6326072634201143,0.0
1946.6641193676726,155888.12199601636,48481.68509570601,8,0,1,2,10,2.4237395419252206,1.0
3983.5813173695506,171525.74800550027,59107.50389572253,6,0,4,1,7,2.5395138847695997,1.0
2308.7682617272635,157634.2447412464,8449.57260080352,6,0,4,1,8,2.9445758911352105,1.0
895.3028870165176,54457.17627716345,4741.390278642346,5,0,1,2,6,2.8768412499906706,1.0
1372.6889826560669,135750.11657795837,38743.08173166094,5,0,1,0,6,1.557069746432172,0.0
2570.111256678234,43654.927967220676,63921.374917046014,3,1,2,1,24,1.8297807188323958,1.0
779.8968912593677,148085.788864881,15375.394577648281,3,0,5,1,19,0.563700165555674,1.0
3077.6955944477695,94912.64641539153,67421.06996054907,2,0,1,0,15,1.7231863115998831,1.0
2850.449167428172,52524.822565268725,53556.4486676169,9,0,5,2,24,0.5923664172330354,1.0
3587.7764660921753,176548.64568594174,28577.343159713397,8,0,3,1,13,0.5329692049090011,1.0
4691.63784612787,134381.41763661936,42718.58648391861,3,0,1,2,10,1.8903923407416912,1.0
4565.660077450721,90303.24455107967,77349.27343895886,5,1,3,2,13,2.7439724453792778,1.0
4733.074309440715,35223.62054058492,19665.646738690088,10,0,0,0,1,2.9123505894833825,1.0
1261.3422052673197,121342.74403061379,41464.225626291096,5,0,2,1,18,2.334850368465932,0.0
701.2482678648054,186948.39934265954,51085.4648202868,8,1,1,1,16,2.3685674706471675,1.0
1546.2696674574202,131384.57155940216,13627.1246216263,6,0,2,2,6,1.6046771674337943,0.0
4480.671605193257,195180.60278531382,6351.200823994843,7,0,2,0,2,1.9163915005142975,1.0
4861.664699386267,53196.69010597795,4036.416375723289,5,0,2,0,10,1.9602759171453608,1.0
4303.658507798857,126611.86778112226,28001.34995820125,1,0,2,0,2,0.6746717851800559,1.0
594.5877195813408,165681.25816109302,8693.941675334634,8,0,2,0,3,0.6140726579050072,1.0
4739.768590395976,119341.92429137176,64890.28634566582,4,0,5,0,19,0.8635401362531785,1.0
2145.6222353863905,45481.28051787034,79793.60359145445,5,0,3,0,4,2.4869229971099256,1.0
96.08593927365071,129090.62026302701,7720.39427355373,1,0,2,0,9,1.9030328348763366,0.0
2239.8490167035584,133995.44399322016,36319.92324687485,3,1,1,0,11,1.9780889412133962,0.0
278.0423898935646,153880.57224080994,4981.373469658257,2,0,1,0,18,1.373059595690502,0.0
2742.195709747532,159405.95757813056,13317.298588309268,2,0,0,0,18,2.6713567846803237,1.0
1725.842435813404,161031.35699580322,27865.037190121904,1,0,2,0,15,2.90873401076047,1.0
2393.5029212905415,142785.54691862423,33314.76240543904,6,0,2,0,14,1.0341747209873338,0.0
3085.193285678429,66687.9016911719,75363.28687500529,8,0,2,1,13,1.28749816469043,1.0
4350.56542429821,98720.07849271149,33479.43427428098,3,0,5,0,22,1.3202928972486077,1.0
3326.4128035360463,161942.09534444776,41213.37974741997,1,1,1,0,14,2.907038912244474,1.0
2198.5418989669943,192082.58717813826,21909.919357087714,10,0,2,0,21,1.7945952486044185,0.0
4106.167875668307,43420.98402222574,3009.635684256313,2,0,4,2,21,1.9187708663498508,1.0
4532.631580987005,121041.23522552312,72248.75316845141,3,0,2,1,7,1.420503969476516,1.0
642.8118338393763,83128.78612513209,9292.03629179547,6,0,2,2,9,2.7484822305682486,1.0
2683.068238886318,68316.96203386105,77247.16075978964,3,1,4,0,17,0.977380595643415,1.0
1458.3342007250985,115987.81619835156,13074.99601572004,9,0,2,0,5,1.6428281716301247,0.0
282.95292949088963,133035.18789461124,49575.6430177839,1,1,3,2,5,1.0637198651598876,0.0
3359.3061408142275,31661.279341311812,79954.61526496104,7,0,4,0,21,1.9628029216516665,1.0
4320.715348423167,162635.11727420246,13661.773897365043,10,1,2,0,9,1.869485655573846,1.0
856.3681396631006,169379.9623141061,35643.61754036647,8,0,1,1,11,0.8280910559328293,0.0
4071.4476052383075,194136.8401765486,63092.622510803696,9,0,3,0,6,2.576558287798443,1.0
4274.308881007862,60709.43464819814,5478.641538447557,8,0,3,1,16,0.806224827441246,1.0
4575.985191199094,131073.93560136115,56113.271837783424,5,1,1,0,8,0.9413186635073798,1.0
1363.1611909759595,102526.31349098707,9188.747017591559,1,0,2,0,14,1.1767728161437319,0.0
4524.567672689952,86920.73476440962,21212.05095503843,1,0,2,0,24,2.533741988728934,1.0
1637.2806359453396,126157.6867443758,15325.864511988753,8,0,3,0,6,1.0088448447724616,0.0
2784.073166604739,163005.12584800355,72864.90523681408,7,0,1,2,6,1.0481491227961601,0.0
300.01198061979653,33918.97318568572,16895.167192189423,5,0,2,1,14,2.130048617558935,0.0
267.2113874252808,194798.01913625174,6113.425354667104,10,0,2,0,8,2.5743159393975614,1.0
3615.8474030244042,167679.86956997082,48247.177240477686,3,0,2,1,1,2.247840812883053,0.0
2250.1758909900655,157696.12961974833,29655.931256547057,9,0,5,1,13,1.843590714926901,0.0
1318.647258077627,159265.8549706856,34239.378989385215,4,0,5,1,24,2.125247472970198,0.0
992.5468053233055,96140.32063517094,12167.831354416117,6,0,0,0,4,1.8677412613120346,0.0
3366.2697797531296,157775.49364361833,60614.05584035598,4,0,1,2,15,1.392026774024751,0.0
51.98764292543237,95750.93546250279,49319.631022550886,9,0,0,2,17,2.226582909849424,0.0
4039.161287524428,182780.1610277148,31044.71244561756,4,0,2,0,18,2.2184560845407226,1.0
442.28555034314763,60127.805162099845,16211.27066976147,8,0,2,2,17,2.0812126381158156,0.0
997.8735937951913,79699.06211657575,48695.78391613315,3,0,2,1,11,2.0877377087787563,0.0
1961.8701567304936,123727.38225884293,62951.99052206805,8,0,0,2,12,1.0906082362344056,0.0
2450.0507615947126,84265.87610083632,27054.59085777401,3,0,1,0,3,2.8179901001098573,1.0
1807.225823279012,102120.33170019648,4991.249532471977,5,0,1,1,15,2.9806192771666096,1.0
1637.5252166722548,113711.8571977611,19504.48682597977,1,0,2,0,6,1.8890498115833383,1.0
4821.384259762282,175580.06929829647,55544.63205474785,6,0,2,1,5,1.0594662530485681,1.0
3225.8194221548015,118942.68311347777,79160.42106418304,2,1,1,1,8,1.2932043960207322,0.0
165.99312906857165,91618.17426447528,4029.9704344757924,3,0,1,0,10,2.349120907550521,0.0
2179.3707467993504,72115.14788596968,26573.82428417176,1,0,3,1,3,1.1803284975879968,0.0
4381.293063732653,99474.91639467352,7775.607024560592,6,1,4,1,12,2.021650493417252,1.0
1542.2081227328065,117675.13775044288,27358.89515775348,5,1,1,1,12,0.7571483003456804,1.0
518.0539066332217,156839.52572455019,34255.404420811436,10,0,2,2,10,2.9193480607854463,1.0
3804.004619370093,50578.29194929758,73906.38107986163,2,0,0,1,19,2.6027137497105293,1.0
3049.7684680836023,67673.56200065566,9203.181554183362,8,1,1,0,21,2.5540902762980298,1.0
2873.046913741194,94541.18269767443,62839.32208606429,9,0,3,2,17,2.4409452553301354,0.0
315.2039700566692,91267.72887031749,33456.14849684818,3,0,1,1,14,0.500699038798534,1.0
745.4700984878108,96597.17489288599,65467.239424353436,6,0,2,0,7,0.6705062751041722,1.0
3131.619511254913,164898.61498885517,42531.968270072844,6,0,4,0,19,1.9725621478674928,0.0
1078.7280152212372,85106.24850356943,6024.716990942577,10,0,3,2,11,2.421594769866629,0.0
2545.1468947547005,115322.690668453,75857.85312304259,6,1,2,1,18,2.3882946077482794,0.0
2747.164345845498,136064.19558584242,9370.52288445818,8,0,1,0,7,1.8230330754438362,0.0
1453.3605918411502,69470.35353121287,49021.62969509922,5,0,1,0,17,1.8022378497546028,1.0
4744.704519930389,152178.2158150816,70580.41774588071,10,0,3,0,1,0.718836998471747,1.0
4220.197328836097,123008.92435550777,9142.274426764929,10,0,1,2,9,2.821634611175988,1.0
3625.7488627823527,105952.79771533427,45649.79090803299,8,0,0,0,7,1.2822211713525549,0.0
436.06963872657496,167663.28454551336,66470.32041538283,3,1,1,0,14,1.0247469905870528,1.0
575.3435955796463,71394.19406148094,78947.00256572627,7,0,1,1,16,1.9917387776961488,1.0
2489.2676620315306,180139.91500443494,58773.209862679636,1,0,2,0,3,0.5590699700423503,1.0
845.5310784953791,125378.28501233963,24431.74691067361,4,0,4,0,16,2.9027806988290186,1.0
4892.414044470896,133559.72949454188,56866.91539809653,5,0,5,1,21,1.4144360492638637,1.0
834.6751584356767,178760.02390872026,57344.04123668823,7,0,3,2,13,1.2387925098431407,0.0
2462.965785546671,168989.0569343871,56897.38293205554,6,0,1,0,18,0.8790788812006305,0.0
1852.399231365452,132265.55169972306,68778.05365616914,6,0,1,2,21,1.7707045964729577,0.0
3214.962786197785,158041.9096541896,9728.264814000802,2,0,1,0,9,1.4738308939791995,0.0
688.7302240026534,103664.31333959247,11348.328096988369,2,0,1,0,5,1.2662728419735787,0.0
2180.066318809835,123054.21809495687,52327.51856536797,2,0,2,0,13,0.8311156028281568,0.0
1409.789912395361,40551.92324044689,76448.84439956046,10,0,4,0,17,1.3134101466755252,1.0
4444.370047124856,45275.84606000796,38869.57519678194,8,0,2,0,24,2.5503241987510203,1.0
250.89927506674067,171002.31871167646,76963.32802517699,7,0,3,0,15,2.486263294826978,0.0
4572.951095331973,40144.181466024434,75232.56498274386,1,1,2,0,15,1.931877435371758,1.0
4173.320985837352,58797.85135754324,72524.0498440426,9,0,2,1,6,2.3815879358438803,1.0
1522.9750463820365,165291.55202157507,73058.52506453457,8,0,4,1,18,2.031196177567657,0.0
3956.988740651668,30194.811606803567,72170.54708625493,9,0,3,1,22,0.7886331051464885,1.0
204.5071236768004,78008.73590379693,66131.48253251702,4,1,2,0,16,2.8143683572060105,1.0
4835.984473952299,129286.5718305257,56513.37981261044,5,0,1,0,9,1.7507534472384532,1.0
2656.6449658194574,131226.48834978044,4879.429751630834,5,0,0,0,3,2.3511202052504308,0.0
1551.2410790239542,162115.9943990105,13183.526596016041,9,0,3,0,5,2.6878362356940153,1.0
1844.7869023436515,116007.46326366898,13335.86819892297,8,1,1,1,7,2.698241585656927,1.0
378.706499629462,116598.31782026496,4812.6018895284205,10,0,2,1,13,2.8328938643713935,1.0
4947.280094508094,153302.79784191906,11986.036168620023,6,0,2,2,2,2.1184556157791548,1.0
244.49512849592764,114766.1587552682,73820.47538466718,10,0,3,0,11,2.0831756446827097,0.0
3291.7902595819023,133443.48471581488,54112.93009213052,10,0,0,0,1,1.0991028197729331,0.0
2241.5428421469687,182621.59160335868,27029.622408747528,1,0,0,0,5,1.2853942732551173,0.0
4747.135280034139,98246.67129410323,64088.720942224354,7,0,3,0,4,2.0085117508907695,1.0
1267.698714518636,95471.26205626778,40604.450495523524,9,0,2,1,15,1.1267420350012594,0.0
2683.829778493156,30603.328617011124,13943.781842522496,4,1,1,0,10,1.3972197597374778,0.0
2437.6632324846273,134282.4644586094,71106.66025443994,4,0,5,1,4,0.9154926396491748,0.0
3529.1888980480016,35061.22425921244,29076.96986020838,5,0,3,0,7,2.3765649700467923,1.0
386.65064816448154,115705.24325381377,56812.16075080185,8,0,2,2,5,2.077615315015849,0.0
1009.2561936156065,166719.74413547854,25375.75035846977,5,0,3,0,15,2.3096410556439926,0.0
1112.0958594596066,123486.58198834273,41505.4863018826,4,0,1,0,5,1.6115920162514479,0.0
3703.8462364663637,75838.14808683492,65851.45878784198,8,0,5,0,13,2.3394138866347682,1.0
986.2365468173633,163648.63164639313,15071.855674676312,5,0,5,0,6,1.6641678374492632,1.0
2888.7842312603343,75851.89069403161,78248.35743342443,8,0,2,1,24,1.8318603308926917,1.0
1115.4569114797207,154615.40276080277,8406.626060275918,1,0,2,1,20,0.8181694324676396,0.0
4315.043502915693,133743.93738233933,44118.68605001881,3,0,3,1,16,0.5910817748941726,1.0
4713.81799972371,58899.37044716021,73533.9649901,7,0,2,0,9,2.3625831111592093,1.0
2616.54022596409,183872.75872351156,75818.42913595446,1,0,2,2,6,2.726508687383626,1.0
1793.9289768354324,64109.42610272327,20872.39014174275,5,1,2,0,8,1.4017874580691583,0.0
1208.5859863366206,198229.80260391388,14086.843553540264,6,1,1,0,4,2.6171144160225803,1.0
296.41595753906665,31242.78307133993,58779.031024477605,1,1,2,2,9,1.1886145417031888,1.0
1379.0753771776021,74792.1741142935,6231.964757270257,7,1,2,2,11,2.3297746560553523,0.0
3288.4671107293234,63976.25053661381,40363.4006153342,9,1,1,1,11,1.9547167506798007,1.0
2691.4038099805935,32378.879728978645,64319.35246307501,9,0,3,0,16,0.5838802469208275,1.0
4723.004327490591,154502.54302504365,46139.61378779621,3,1,2,0,9,1.1039309289865709,1.0
2011.5724493339178,147882.38635693135,17477.021464598387,4,0,2,1,1,2.0724932896615904,0.0
3484.623544525553,164699.66394033819,40502.411059187165,1,0,1,1,1,1.019406715148333,0.0
2472.147600001851,73638.75289897609,73938.15316656475,4,0,2,0,7,1.9747183988473676,1.0
2587.2522688248478,105536.97840410488,50525.39930940931,5,0,3,1,3,2.2670541674848543,0.0
1375.4828572903816,142049.29867566307,58554.77832281453,7,1,2,0,7,1.3664590062138564,0.0
2302.0063453678986,104760.64566098442,28892.31873401365,5,0,2,1,1,2.2285650645500725,0.0
2380.3857352129007,148545.3809540457,17513.250687906562,8,0,3,1,1,2.1071418019019066,0.0
3547.880482657223,137775.47943487516,22684.451702269478,7,0,1,2,7,2.9682835394510123,1.0
4706.167995971264,49490.126513769996,44054.67471954271,1,0,1,1,4,2.036627025046138,1.0
1680.1403235383962,162777.33058308458,24576.951828024186,2,0,0,0,18,1.1883835525530213,0.0
258.8923194774273,152514.98104572808,44731.28863180979,7,0,2,0,21,1.1179872818990808,0.0
2506.6608712281663,141491.84589495888,57499.978407965624,3,0,3,1,5,2.1491875635276725,0.0
2745.0835941383843,56365.913066070396,59548.48246511321,2,1,2,0,14,0.7586453665255528,1.0
883.7807281029804,75559.39629521183,15680.740353904193,9,0,1,2,20,1.065984647084517,0.0
3814.29980106653,96840.09536989208,60783.17536020746,10,0,1,0,15,0.5224257924051694,1.0
4925.399086785384,77588.03568159539,54796.98674861165,8,0,1,2,18,1.7786085298160317,1.0
4731.584849191881,68727.74941494234,3924.395269390414,8,0,0,0,4,2.4640777077196736,1.0
1025.6748921770782,166910.80392750187,7533.1574819108155,3,0,2,0,2,1.7766436325863233,0.0
4383.048037508765,138499.4818812344,52761.211643249284,10,1,1,0,11,1.2139194999261744,1.0
3537.2435002378393,126130.26236354256,32545.20026640564,9,1,2,1,20,2.5948292465957485,1.0
2296.5404908442124,68411.96084505315,14250.007967326274,8,0,5,1,15,1.711744965622532,0.0
2726.024421907409,186073.01558566903,6418.535056061761,2,0,0,0,6,2.224299052932981,0.0
4255.520866163168,62501.11664654376,15273.672231777176,7,0,4,0,5,2.9661477731393338,1.0
2426.667951209947,165141.6585801951,76728.57525276448,8,1,2,0,11,2.534307483865781,1.0
1897.3764770703779,194334.35333989983,59022.55440096467,7,1,4,0,10,2.6263154033116423,1.0
2491.5750904786296,153605.76396812013,43633.317411940625,9,0,1,2,13,0.8018240798011579,0.0
2916.692529973493,198785.99178138704,75498.61850420356,7,0,4,1,16,1.8516151853998628,0.0
985.9343862028268,140678.68988625094,50671.5037014835,7,0,5,0,10,2.9925853931174284,1.0
4509.493264821604,66968.25841266215,58874.67949761138,1,1,4,0,6,1.309248639525604,1.0
3387.2253967065885,64649.31393180692,24764.19002495215,2,0,3,0,2,0.6044672483468967,1.0
3184.68114082057,85175.92832343097,48351.601956368075,5,0,0,1,1,0.5851276590409742,1.0
542.5063195941588,31212.10343757103,14047.747810933699,1,0,1,1,5,2.9467287869094494,1.0
3040.6609939543296,145888.73991408187,34145.202180228705,10,0,4,1,11,1.5856094797274263,0.0
648.7552780805371,75673.5233867307,5559.505023968979,7,0,1,1,3,1.2121271843756856,0.0
439.5534922172253,168581.14948976797,19680.362743866397,5,0,1,0,3,1.7848337957134421,0.0
2660.1889334298467,91059.35059508105,8764.88446554595,5,0,0,2,10,2.0254371754016196,0.0
2043.7883935301502,111592.60388876316,32858.96910205681,8,0,2,0,5,2.7019324487068133,1.0
2964.610837273305,194167.11581526278,67913.70767716374,9,0,2,1,3,1.6065939427301599,0.0
491.649731883331,71169.26091803711,32100.926188569087,10,0,5,0,22,2.6326868677241513,1.0
2183.366161093929,152613.19656305574,67036.25120158754,1,0,4,0,23,1.1504785114719123,0.0
915.194239473532,158370.02418192092,53550.370068574324,10,0,2,0,6,1.8712978144221777,0.0
4936.145425324377,67569.68677901797,42233.76739057374,4,0,2,0,10,2.4539634782196362,1.0
2827.693551554113,115169.46222407326,21240.660381122452,2,0,2,0,8,1.6067169977065143,0.0
3452.812461657293,89534.32730320463,74006.01914899972,9,1,1,0,4,1.1938607679578135,1.0
1660.8204893789086,161224.06137801515,7173.462280836561,9,0,4,1,6,2.522502186345169,1.0
518.9576281577536,135822.16423493635,56046.302362808776,1,0,2,1,13,2.5181577217474764,1.0
4880.560770778507,110917.119326293,50835.471746321404,3,0,2,0,19,1.2057682152958238,1.0
1466.982225146757,162491.7550581121,36960.197213752566,10,1,0,0,10,2.0121832577072385,1.0
2147.8505166091923,69976.4469014309,21504.71355753061,8,0,2,1,12,1.1159286098003665,0.0
3266.826412427746,158115.71969934105,36163.587137085546,2,0,1,1,12,2.7407715235278207,1.0
172.25162354625087,177113.63305578014,70203.4998676134,2,0,1,1,23,0.6877994989580872,1.0
4060.7826960605703,179365.67145728733,67430.99048963147,2,0,4,2,6,1.4557640725159597,1.0
2706.0620406416706,163224.51081333266,75486.35624823126,5,0,1,0,12,2.1253032871001643,1.0
1427.1750759906697,99362.40838970568,26700.076910144096,9,1,2,0,6,2.6505888449264137,1.0
354.95952719772276,196907.3638620306,32807.020194403216,7,0,3,1,3,2.488422963250309,0.0
854.3671565984852,94530.91944981477,4441.913754809476,7,0,3,1,16,2.210259441633604,0.0
4480.417601324512,138566.31784741237,75607.14959344063,2,0,3,1,16,2.815172735118919,1.0
3445.8199084826606,57382.61027180967,28363.037069929702,2,0,4,1,1,0.5606873955805474,1.0
1287.0135221026046,196676.31276818676,34120.614258040485,5,1,1,1,2,2.948774850141506,1.0
374.72378647789617,149677.60671699274,72900.95508144939,7,0,4,0,11,1.3645326763761494,0.0
3468.5457963138497,158074.18269188263,43548.07912284462,7,0,0,0,3,2.3706266621427994,0.0
2883.4182435404373,41182.03957989458,46595.43971517181,9,0,1,0,11,1.1979779581437582,1.0
2052.3716460682635,159781.0284175142,16569.928537620595,3,1,0,0,17,1.536696841692878,0.0
1849.8766734908158,161702.98296750223,41396.82160303639,1,0,4,0,11,2.6899436447761884,1.0
1123.230665849086,144201.36348157906,73702.06226997562,9,1,2,1,14,1.6204706346981537,1.0
3364.575719860712,79624.63434435842,46021.2927843103,1,0,1,0,24,2.712087629067912,1.0
4854.806737579659,113247.30716734986,22643.96007726137,8,0,1,0,16,1.8725388862657006,1.0
919.790466892288,48773.843122481805,5400.926538376739,5,0,1,0,23,1.1602464160533534,0.0
3005.727269076742,110169.80129805594,28895.236555963234,8,0,2,1,7,1.7158313692647602,0.0
2149.7160259425823,71450.05494206882,47089.50038296326,7,0,0,1,3,0.7218588030090987,1.0
2261.1091726360914,89346.48770399395,6281.223204553919,9,0,2,1,9,1.6953467330598586,0.0
1308.0290366326813,57642.06942862876,49954.02845141903,2,0,3,0,21,2.4691698478205897,1.0
4134.417634524025,69109.2425169725,43302.86468809468,9,0,2,1,7,0.6721283142485077,1.0
2452.0152405288436,43016.66910941976,63324.53112582596,10,0,3,1,13,1.0835664319025837,1.0
2739.858968381407,186383.23229427662,5224.389264941061,5,0,1,1,1,1.556113184867151,0.0
1558.5665183467625,120169.81695581858,63125.24555104278,5,1,0,0,22,2.3945820748837283,0.0
949.9519050514012,97446.13511466575,43107.53252337423,1,0,3,0,10,2.3777254501401224,0.0
475.2564216039614,120954.96617069327,31530.758624037782,6,0,3,2,1,2.718228522696413,1.0
3584.8897475783338,136809.84884186395,77334.48917962945,10,0,2,1,14,0.8637330207721932,0.0
1021.3596943548853,186719.39487278933,15329.205137176084,10,0,3,2,6,0.8893235225390712,1.0
3465.873003234549,60377.80188867326,44682.0341700152,10,0,2,0,22,2.172428725872361,1.0
1982.3634079324218,80243.92476798699,27715.573466620837,10,0,1,0,23,0.9502254109507697,0.0
2108.0852648987748,195884.1871784995,43616.451167240855,3,1,2,0,23,1.534588160690952,0.0
2372.42860565922,93102.80773024916,45525.20984869173,10,1,1,0,11,1.8485056750142945,1.0
1870.1571152313388,33835.480628745696,9887.515128713125,3,0,2,1,15,1.1422670385089548,0.0
548.0688872518209,55099.393748317,53907.40631271293,3,0,1,1,12,2.228886051511558,1.0
1582.6774595140866,34477.57929725384,51855.07518576391,4,0,1,0,19,2.644934958605546,1.0
3335.485085434995,198286.93421152383,62248.980146853726,9,0,4,0,7,0.530451363497932,1.0
3345.632787270911,77408.04432850791,9980.704011756166,8,0,1,0,18,1.223161762598548,0.0
1466.810320837972,187002.2686791584,25888.90811158396,6,0,1,2,11,2.280482301609496,0.0
2327.5080014605555,199300.6668791517,53058.516179063794,8,0,5,0,2,1.1889866611503404,1.0
1007.5637786590905,131973.00759432942,13528.273595501852,8,0,2,0,17,1.8073872477999449,0.0
1091.341803572687,35643.3735611455,55175.06223071006,1,0,2,0,14,2.391158552814544,1.0
164.08308761270666,43870.577165777584,7545.056733172571,9,1,3,1,18,1.3592737270521207,1.0
4488.895422043336,111870.13936833922,28789.729577891336,1,0,2,2,15,2.4689130415763487,1.0
1092.9979921207857,99049.24219495262,68196.75641960397,2,0,1,0,18,2.5403414530936654,1.0
1176.2926908354934,133050.1419829005,62620.429359349335,9,0,2,0,9,2.977733483959326,1.0
1434.0270915934025,104604.12765093187,52646.575072485764,7,0,3,0,19,1.5807815792521187,1.0
680.6699548923735,188793.06437615235,70025.2980801328,10,0,4,0,15,1.6894925927317177,1.0
3214.351271747746,120905.75162029688,57613.75490125943,1,0,1,0,1,2.4572187371021244,0.0
421.95761822905354,147933.43044861517,42991.88310123183,3,0,1,0,12,2.6699463871661213,1.0
714.3020103154338,182402.4963492244,78438.24752970556,1,0,1,2,18,1.763075117292448,0.0
3241.5457966209597,54968.21889164526,56503.918143777606,5,0,2,1,10,0.5543091998502859,1.0
1731.3200713831416,69054.89120014985,49305.27261460124,4,0,1,1,24,1.645086673389827,1.0
3554.341742170886,48244.172280582556,34483.033193424475,8,0,4,1,2,1.063109525342337,1.0
2809.252486117203,53738.52786908508,72485.76239058688,9,0,5,0,11,0.7417253835561389,1.0
1317.3048066544898,117139.27437881964,25769.600361584446,4,0,2,0,20,1.3480978981511487,0.0
3271.5983549221737,84600.47402446889,3709.9087542395064,3,0,5,1,9,1.4798022221860911,0.0
625.5547174497592,101939.38271954833,18149.020227291716,4,0,1,1,23,2.954125138970581,1.0
2705.231396246151,197023.27140499052,11432.846879561655,3,0,3,1,17,1.6381135023585152,0.0
2213.8831199729216,56639.73912531118,27562.52061132655,6,0,2,1,11,2.918932372791698,1.0
1375.9742349463318,121938.05203567285,66592.65816430104,1,0,1,2,21,2.3309765940269527,0.0
3039.8247388105256,46808.09635912067,53167.78577310557,2,0,1,1,21,1.1327151374534832,1.0
4363.101282084398,84144.37325485935,16011.505370995863,8,0,2,0,18,2.2549123187281905,1.0
4994.578263827229,119679.40702468176,63739.27252411006,3,0,3,0,23,1.506643844202265,1.0
3058.425705279951,190927.3968141074,41824.92968965401,4,0,4,0,13,1.9481911294950573,0.0
2053.294077929392,96508.79761819211,42479.026057108866,1,0,2,1,17,1.7981646472201063,0.0
1164.775146070198,41034.13835649387,30882.637935527244,3,0,3,0,1,2.8295423072726438,1.0
1322.6256425058032,95987.44615325388,69575.4600912958,1,0,1,0,10,0.8242703945807404,1.0
2423.30214184134,54775.999898576214,27511.202396896035,10,0,3,2,1,1.6098359240769742,0.0
1868.0246213395108,69098.2342595457,10248.761571566027,5,0,2,0,11,0.702922524264656,1.0
4573.381886993474,135075.40593804838,26310.13253583977,1,0,1,0,23,1.1368546348481694,1.0
1873.062564895762,41462.057254625885,58082.2230626272,9,0,5,0,14,0.6920991740066685,1.0
1898.5507261699056,109003.03856250635,53633.80528385632,7,0,2,2,20,2.8467446244764463,1.0
1948.495836548186,133608.46962182995,17477.320823625494,8,0,3,1,4,1.2872233968765543,0.0
4191.270041319907,101715.92670247448,11607.391031080537,9,1,2,1,9,2.4532312670109566,1.0
3271.402188192164,33251.47960603416,53886.66339693447,10,0,4,1,20,2.371348483465702,1.0
3090.135809078519,197538.29067348712,55081.016345428245,8,0,1,2,8,0.8509804625639446,0.0
1704.0079608001179,92409.680447891,31193.522065213943,3,1,2,0,15,0.8526300082189646,0.0
4098.625675320575,162358.1217786554,67895.70653173914,7,0,0,0,1,1.4448668004723073,1.0
239.9011137107206,85359.90367186704,78321.80069259359,7,0,1,0,19,1.9214617465894064,1.0
4360.44600307366,110752.8486888812,18834.682205603443,7,0,1,0,16,1.566812484236327,1.0
2588.1120039799516,96038.81924386941,47434.29110936418,8,0,2,0,12,2.419894107285592,0.0
2021.3386625738935,88231.6690166333,3411.667333303316,4,0,3,2,17,1.8398597473229161,0.0
2510.978039552544,33714.734125322386,57905.18849402413,6,0,2,0,1,2.7046216310503683,1.0
3353.706876142464,91203.5594352656,34899.72274437547,2,0,2,1,19,1.9809970639523335,0.0
113.18886126359193,181213.2983679201,17881.73047154369,7,0,4,1,20,1.9809238012162536,0.0
4364.181689468326,147366.86756092624,60921.087975856964,9,0,3,0,14,2.149202035319644,1.0
2261.3606502913944,54721.88604622477,65419.95741181821,5,0,0,2,6,2.0075108246201077,1.0
1747.684272515387,130496.35078586567,11559.820590547171,4,1,1,1,19,2.030294823033995,0.0
734.3155498885826,181679.24619130816,6156.673661528617,2,0,0,1,24,1.6242749544955073,0.0
2225.3536030742885,149005.7869640254,28724.040008522028,7,1,0,0,24,0.7263654929272146,1.0
2506.7977178576753,55276.346700638445,51201.265863599736,2,0,1,1,19,1.4222654037194165,1.0
2048.051137742715,177531.52444486445,64093.303593524746,2,0,3,0,19,2.4207582414237567,0.0
3409.3674644431403,81262.48225910711,45046.812240545245,9,0,1,0,12,0.5949694007401427,1.0
2133.4378173581686,107192.9445330981,47717.65577563751,2,0,1,0,13,2.22657956681243,0.0
4809.017010340538,119444.26914715488,64589.083074972616,10,0,1,0,6,2.952141043682227,1.0
3016.4237132267795,174586.12274429318,43720.939814844474,3,0,2,1,17,1.5899069668786645,0.0
4047.015781476949,188373.2741751024,50058.895747425144,3,0,4,1,1,1.0310340095333914,1.0
591.3117203919203,188040.98922439452,42748.735178195064,2,0,5,0,11,0.5575164659903802,1.0
2016.5919000822332,31352.21081735191,70795.28396931321,10,1,2,1,5,2.6368824991504924,1.0
1717.3961221634058,186721.04254952772,21134.779631051842,3,0,2,0,7,0.868465520953572,0.0
2868.9378212761294,39245.7842202673,23327.50600961922,9,0,2,0,1,0.6078682353041984,1.0
4312.511924304057,75181.52165896402,12853.032543340583,3,0,2,0,15,1.713596088268516,1.0
437.774177921933,117547.9353037316,66098.93986507048,5,0,2,1,18,1.4543312064832554,0.0
409.2452503213184,111587.36713074699,34706.85137330151,7,0,3,1,11,2.8995194116053495,1.0
4259.072655380114,132800.66496085664,29787.833447855774,1,0,2,0,1,1.6563104656947836,1.0
1103.6079258898692,111505.85888529099,78563.85121571102,1,0,5,0,19,2.5885772578201216,1.0
3360.328609526578,188843.86553887153,74363.85921586349,10,0,0,0,24,2.82998542888935,1.0
2737.2467551859854,70893.30419647979,77843.05152360663,2,0,2,1,2,0.960607163122565,1.0
4172.823294691786,76584.1979865426,13957.022750419348,1,0,1,2,10,1.3658221045945445,1.0
669.1901036901975,186525.44906781954,71626.3896124088,1,0,3,1,12,2.8081950333248304,1.0
692.4256803269258,43045.71733669356,28310.639152833763,10,0,1,0,7,1.8896572181802136,0.0
2806.2508833776224,133625.33972381768,3974.5713063134135,4,0,2,1,13,1.306721321761155,0.0
4734.574334123936,145895.11185115384,33129.97187069629,10,0,2,2,2,1.8012783390007743,1.0
2104.2389039352333,115942.09298305571,42208.11919163059,3,0,2,2,19,2.327919371013822,0.0
1668.36339626074,148019.4193999333,11332.972614690212,1,1,2,2,20,2.045858761665852,0.0
3053.1121498295347,59368.28982203439,44401.176499317735,3,0,2,1,23,2.83397884160045,1.0
4655.720572697904,174947.4795711618,66098.69598160833,1,0,3,0,6,2.9074487679901475,1.0
4192.792772580888,53804.367209880555,32079.123214617935,3,1,2,2,23,2.278652803214987,1.0
4977.643873129438,98138.11553367745,30153.65010314127,4,0,4,2,7,2.159284205224993,1.0
161.7144868517666,42793.792222394986,29088.402357762163,8,0,3,0,2,0.5338996164510863,1.0
608.647816328173,122685.88339895803,74078.27233304428,3,1,1,1,17,2.4592419204607086,0.0
3066.865428664779,143856.78726235864,6754.373606845331,3,0,2,2,22,1.7486028949689572,0.0
4111.853374702556,190007.6779661994,37270.86293345756,9,1,0,2,23,2.686598056132282,1.0
1461.9594944184944,155687.15330232016,23374.157969528198,9,0,1,1,2,2.8327736132926185,1.0
1234.094885769383,121987.49579720569,71823.14095483706,6,0,2,1,18,1.422512809062709,0.0
3945.5302069369445,188544.89291895673,10396.024295952902,10,0,4,1,9,2.763664963300317,1.0
329.0901765734963,111334.26246694902,34681.093034391626,4,0,1,1,11,2.14892011781935,0.0
1878.4441055337963,125404.9610268078,34324.8437063936,10,0,2,0,14,1.570246483356376,0.0
2553.755651832032,131336.74970391626,71406.37015112075,5,0,1,0,5,0.6269341853602513,1.0
2823.725938034101,99696.55340071637,19592.99526815465,9,0,4,1,23,2.3553811812235375,0.0
3656.6450261242458,172542.0573961901,52656.94659322406,1,1,2,0,1,2.7330235737944477,1.0
1806.4863309817583,61479.90960366005,13349.27177035976,7,0,3,1,20,1.955766572812417,0.0
3082.7875061393056,124323.17236317336,76456.12998420179,7,1,2,0,2,1.5071582995116128,0.0
2947.6083428152338,152779.653551823,48662.15186396601,10,0,1,1,11,1.6286669149060784,0.0
2760.6996982360483,183675.94921901813,51221.76823469161,1,0,4,1,14,2.2701703608217967,0.0
3220.39230105395,180266.12739382734,36400.55192785636,1,0,2,1,5,0.9956704778002669,0.0
1334.2733967869776,116485.84920312413,29355.768875306814,9,0,2,1,1,1.0110094631179318,0.0
469.01133024391345,139337.4466977681,19376.085071105474,7,0,2,1,10,1.367587604878979,0.0
640.3947765967299,97020.41514198117,49507.05704508394,4,0,4,0,23,0.5745360160470382,1.0
1161.6827941368103,109590.21968963405,76501.25439181432,9,0,0,0,18,2.1723520064456836,0.0
2525.979780837787,184065.18473741843,30703.903465115032,5,0,1,0,19,1.6205995635870114,0.0
4210.1916152028,188219.67884272058,71003.08042697818,3,0,3,1,5,2.734288651464063,1.0
3521.4020433375013,182220.38987139336,14455.776089238225,2,0,0,1,9,2.1175722750811494,0.0
3955.7509908001334,53523.0465083185,75081.70360789866,9,0,2,0,13,2.2617766123297214,1.0
1787.3293384341523,174514.28362620817,29987.443860151896,4,0,2,1,13,2.179649202324004,0.0
2053.0360211603233,191221.83427365165,32238.995292687614,7,1,1,0,4,1.544790248551444,0.0
1998.7253356535334,91412.44807751279,38638.853791643276,1,0,2,0,24,2.831789718286114,1.0
999.7722628022825,118169.86920168377,58304.808785969064,9,1,3,0,16,2.7859068394918793,1.0
353.0224578106815,162446.1934882093,58413.31439405571,9,1,2,0,24,1.7062886313823844,1.0
2975.0346594947728,125553.28338616028,39928.321023414224,10,0,1,0,4,2.4483440751168546,0.0
4946.622582931901,198892.1986900624,43282.77324717307,6,1,1,2,11,2.9627564393204238,1.0
875.8070395038011,107471.27207666083,5310.807558608871,6,0,5,1,4,1.328091078147868,0.0
281.08985850140505,151370.2609052542,26430.846019991077,6,1,1,1,2,2.062133623041518,0.0
3908.681825028468,164740.4938334125,29643.31471575693,5,0,1,1,24,1.9238858984333786,0.0
1300.3007330893847,113997.0706789347,46021.99969188347,1,0,5,0,17,1.8519336885026778,1.0
4156.736836496995,175687.2469709339,45989.08208759045,4,0,4,2,12,2.8328107130756033,1.0
3534.486501820851,122846.2805052234,57662.28442504623,10,1,3,2,12,0.8164959899813574,1.0
4731.084008401483,99980.63545627733,58211.10180879223,1,0,1,1,21,1.7909552434402283,1.0
2074.1898169955266,48330.02455483099,21111.22576433039,5,0,1,0,8,0.5646362784393686,1.0
3326.750705280639,96880.30797957211,62304.4106350715,4,0,1,2,22,1.270261667322021,0.0
2351.03116502569,154769.1973046583,4509.474739563718,8,0,2,0,10,2.187662380379207,0.0
3171.4140516772904,186618.68998561823,58144.46511471747,1,0,1,1,20,2.4510225764284472,1.0
2275.5145847382996,72785.49865625275,10858.704970995579,8,0,0,0,19,2.6356601000448068,1.0
983.7296197991705,90390.03794618545,59182.912048433864,8,0,1,0,17,0.6915364418732981,1.0
2564.0922092167352,56173.368997752455,43588.09297376713,1,0,4,2,4,0.9614134169861528,1.0
2666.4917971153395,147422.8920189247,36668.596552598094,9,0,3,2,13,1.5037550368014085,0.0
4062.4890488877973,193232.0331016873,56181.312011630034,9,0,2,2,13,1.453044943440876,1.0
3690.827493678227,138961.87737418985,5800.554198536918,6,1,0,0,19,1.1348320566095627,0.0
3335.768538510148,134903.01010105846,20207.215077019533,1,0,4,0,2,2.8417251740396385,1.0
611.266122985234,124093.28818507378,50465.89097000936,7,1,2,2,13,1.834798316528978,0.0
3617.0506387853893,45037.47591654121,68235.58631057298,7,1,2,0,16,2.142555430658679,1.0
2526.510523954848,154015.65049299522,32345.288044774006,9,0,4,1,13,2.374145846802282,0.0
4475.7927037254885,132348.42240338965,22924.633392783897,1,1,0,0,4,1.8597102274483968,1.0
4603.361123946187,142451.0507055688,42942.70555575256,8,0,2,0,20,2.5841060355171477,1.0
323.02512347883805,182797.88581466165,50918.274433786784,8,0,3,2,9,2.9621018281375964,1.0
4112.17572375467,163273.33380037305,35347.93341824248,7,0,0,0,12,1.4797982913282661,1.0
236.60208259221955,162755.59286626944,70506.72256480114,6,0,1,1,6,2.109210783674544,0.0
1867.4896471903621,187621.2407094891,43304.780582221036,1,1,5,0,6,1.2924896674598423,1.0
2734.3848793243415,198288.94174870994,5758.416242935046,10,0,1,0,6,0.6725060086846795,1.0
783.0989532042809,128818.06443338013,20175.15451237666,8,0,2,0,13,0.5676813152723316,1.0
3744.25337221693,48509.87472529818,37699.82138067172,5,0,3,1,22,1.0814317944004632,1.0
91.35578565208593,108052.08432182418,56724.864964303866,4,0,1,2,24,0.9057889573097012,0.0
884.5652897484823,163892.19489847953,19920.922772029342,5,0,2,1,4,2.305656448289366,0.0
2924.9443077747046,34713.305209514365,78171.82285824142,5,0,0,1,17,1.658399407587591,1.0
3586.218432084597,39670.86452054534,27528.98588048243,10,0,1,1,3,1.8502458980533405,0.0
4587.383358334885,41416.82300507963,44000.9759282653,3,0,4,1,8,0.7044655803084189,1.0
3542.208427076388,154276.07891581283,4460.411624290171,4,0,3,0,1,0.5485166858635749,1.0
3375.3073877615866,115198.32685573926,71136.58555017193,4,0,1,1,21,1.5878260274625748,0.0
2001.9886744357884,92712.6503985009,63740.26832143913,8,0,1,2,18,1.1392175572636758,0.0
56.357906357667,47954.897694495114,18050.266330760634,5,1,2,1,20,2.0549206657280843,0.0
644.7883307413287,154480.84253500117,74859.2252254679,6,0,1,0,19,1.7791273657153222,0.0
2696.0449965423936,84573.36779365294,27319.661812400158,10,0,2,1,1,2.5710565839816155,1.0
3391.8929349298774,75105.09191099342,56298.344205269015,2,0,0,0,5,2.596350352892908,1.0
2116.3690052874895,140894.26426410367,66061.1764872782,9,0,4,1,19,1.8428295785476163,0.0
3666.8611070655315,125031.8517414631,60050.413515262924,8,0,1,1,1,2.767029508533012,1.0
2633.218361894285,91609.80910826128,73653.87437029777,8,0,4,1,17,2.8321039744371355,1.0
417.17216819184546,139052.87003695,69549.15654623456,10,0,2,0,1,1.1109097577711788,0.0
1000.4804422913467,76107.65846530009,79585.08658505397,5,0,3,2,4,2.9437402524785727,1.0
4207.991205057518,165121.14447273556,17061.078768363208,5,0,3,1,5,2.9648191633148806,1.0
3638.3180957909753,68984.22155230117,26466.658694455902,3,0,1,1,8,0.6624123367054155,1.0
4479.07183571185,57002.408214942654,51989.39179223551,2,0,2,1,15,0.5059135255233143,1.0
631.9083831486361,163014.69961480875,59444.633313651946,9,0,2,0,13,0.6464965209117569,1.0
4951.601546344616,150341.64521864866,44164.5892007896,6,0,2,0,7,1.3741540118760467,1.0
1086.5632340521713,61048.62586930573,8692.484096269349,8,0,2,0,14,2.520127214310577,1.0
108.31038761887795,49761.77795728945,67802.83246362941,4,0,1,1,4,1.7614053728704269,1.0
4987.243548315093,172527.84504273767,76987.32541363794,5,0,1,0,18,1.2406694222204884,1.0
1441.31573295331,162021.74197343696,34224.796974632394,10,0,2,1,18,0.6375119588178222,1.0
3356.6962899371715,85633.75352894292,20310.561090811145,5,0,0,1,2,1.4896146642498844,0.0
924.5774551727108,141893.55939627235,4487.15913208074,10,0,4,0,17,0.590407537322398,1.0
2922.1312343857517,51107.23171312784,21272.025779206066,4,0,2,0,16,0.9318089957841589,0.0
4524.973182950069,116198.10203810528,56893.74566255851,2,0,2,0,6,2.696809011115073,1.0
1634.896778770771,33184.14965027138,73192.38285080025,6,0,0,2,20,2.4040639892481197,1.0
3367.757181419578,96572.31975666442,10200.506115245968,4,0,2,0,14,2.9892860362390574,1.0
980.1227645521617,42723.279650138866,45600.957411468604,4,0,0,0,19,2.7360567068288213,1.0
3142.73722365769,110775.02062667003,56555.90613541109,10,0,2,1,1,2.6392934130640016,1.0
1715.4292414966753,101685.87996499204,24281.32322518268,3,0,0,1,12,0.9368607034594294,0.0
1095.4808800103608,105545.45452846952,46882.072016113256,8,0,2,0,23,2.120812607572286,0.0
1600.251150982994,37706.32134815899,58074.12880244451,6,0,2,0,16,2.001336072777302,1.0
935.2632891136068,91474.7780179115,67504.38172142403,9,0,2,0,9,2.7947731858330953,1.0
4514.48473379752,158602.2543469858,37842.48851313853,5,0,1,0,20,2.4525463851291187,1.0
2016.0750872697877,92715.44347011542,60585.00585675997,6,1,1,0,16,2.4368389867803786,0.0
1264.1325596231184,151579.2319436287,26237.288823968425,9,0,1,0,13,1.3118447198594783,0.0
2269.618813028868,92811.38301773465,19404.599501456214,4,0,2,0,1,0.8110365537185539,0.0
1636.654025692153,101950.7050533317,17423.15844898139,10,0,1,0,3,1.4226391245217844,0.0
3734.8753063759636,125861.65918097524,30633.20035058092,7,1,0,1,15,1.0210805420967217,0.0
4857.538563833197,191615.92925720403,5762.735497741376,10,0,1,1,16,2.3192510936394486,1.0
2218.266600653352,48506.27592993138,24790.371500224228,10,0,3,2,14,1.6482927865896277,0.0
4312.1153298625895,35595.34067239953,53221.157482128576,6,0,2,2,1,1.0806691916600528,1.0
2851.0222141201166,133352.72124770767,52889.76663133052,6,0,5,2,1,2.144960198901244,0.0
828.3165422164557,191346.50511783248,8663.643099844825,6,0,2,0,5,0.6727408566043731,1.0
3468.582573302641,198252.93253430154,25131.00251520775,4,0,1,0,5,2.7945886958769006,1.0
2591.50076077281,112307.92205664031,46855.94018019997,10,0,2,1,8,1.9457826609545008,0.0
3270.502290097912,109573.87558446673,27528.51458773892,6,1,2,2,1,1.6524715329175483,0.0
4453.952692229742,139643.84102668334,35185.07786254326,7,0,2,1,24,1.122764610395968,1.0
2230.151124747428,124457.90872484486,57886.42829791383,2,0,4,0,18,1.8697343894937721,0.0
4510.82923492591,137794.9697944001,3713.5458681605132,9,0,2,1,1,1.2179202349998106,1.0
3765.811620694192,178579.902341442,24282.302894809152,7,0,2,0,14,1.4863191252263606,0.0
2468.5943830960246,156872.04881289357,13962.662771446283,3,0,3,1,11,2.721363754281274,1.0
3035.94957150692,114469.15658675524,12825.907072865864,10,0,3,1,24,0.9853573646361575,0.0
1661.6266059691065,108516.95803002884,76846.09666643802,10,0,2,1,10,1.370084240322345,1.0
4918.806633706932,138732.29724722973,31995.145530306167,7,0,0,0,18,2.139605727231902,1.0
3353.38825709946,107470.06835145057,43585.82103804227,10,0,5,1,21,2.3119390554150314,0.0
267.041919858318,107822.48971515878,59504.28530436171,10,0,1,1,10,0.7872935304890389,1.0
1666.7784334526434,32772.00330370582,6653.455564223865,5,0,1,1,22,2.8405932296232477,1.0
3135.4064471073348,59590.90335924243,21558.743168942772,9,0,5,1,19,0.5676826568082989,1.0
328.84972510623703,113047.31879927801,67075.37962546587,6,1,4,1,13,0.667244928371903,1.0
168.2267470297567,169851.08803856274,69373.27721469683,7,0,1,1,9,2.405244671309792,0.0
2277.6199856626226,77383.5911436111,31717.220889341756,4,1,1,2,9,2.4286873488673795,0.0
1696.8163894787165,118849.38363229533,31864.343173186153,2,1,3,0,8,2.1652239767441914,0.0
2219.578109764171,88643.55440906947,61281.0595373839,4,0,1,0,13,1.8041452654588555,0.0
1350.3318839060255,47816.67822173014,25720.407459739927,9,1,1,1,7,1.221593239583873,1.0
865.3528473677555,192910.7421221211,12016.244247779852,3,0,5,0,21,2.59995867336899,1.0
3461.2596170526717,175294.5579425513,22830.229668524924,7,0,2,0,2,2.2468876013647963,0.0
2597.1270255256127,43343.71215937409,32825.54433595466,4,0,3,0,19,2.9201268969024143,1.0
1040.763345684366,152363.8346196084,7019.762638822566,3,0,3,1,21,1.635791376072957,0.0
1631.9676599869917,89088.58374077504,39858.37957341346,5,0,3,0,24,1.6763193664850515,0.0
2979.4491429334635,199124.46720050473,59980.57848350394,2,0,4,0,1,2.4784715463734335,0.0
407.53527394876534,81407.74837092622,42558.37612499554,10,0,2,0,11,2.9826219888525887,1.0
779.8923958675888,70585.53571164198,8535.941219617036,4,1,3,1,1,2.7410162208548114,1.0
412.5657403315811,126541.39321191888,36891.521613638804,7,0,3,0,23,1.2436966459161807,0.0
4070.9707969348883,171971.4477683447,57585.65481929812,2,0,4,2,17,2.884043604429405,1.0
3774.4257043994457,62728.20820936566,7473.442357244625,10,1,3,1,19,0.9949211310785337,1.0
3778.8990128023224,150598.47085228632,7608.233608970416,6,0,4,0,8,1.553614718167168,0.0
3595.810450206339,40439.11913399069,31536.308044935664,5,1,0,1,9,2.7173498040828874,1.0
3363.4578471658524,186218.90632878453,18012.2252375256,3,1,1,0,21,1.2836144815877357,0.0
2411.109981121966,43782.735745040794,74978.12093074837,5,1,1,1,15,1.3805829043149664,1.0
3229.276909360219,185419.33397850764,47763.45748796022,10,0,1,0,22,2.986914985513428,1.0
239.8896962004745,113437.23240695948,25124.05575425401,7,0,0,0,8,1.6275506896501544,0.0
3126.2488921510835,106175.48917530637,57267.808141851216,3,0,1,1,3,2.868634908250672,1.0
3900.494642407542,195462.203515064,31869.53695466832,8,0,5,0,17,1.1850776246754644,1.0
2526.7738839027315,198365.31020869725,13172.90461718377,7,0,1,1,18,1.7520667000443109,0.0
1819.6909757148228,140530.28141337202,21266.88169795569,4,0,2,1,11,1.4568579128542642,0.0
1423.2623372648466,51610.27961569825,52491.540903371926,5,0,3,1,11,1.9104410026622292,1.0
3231.8701483023083,116048.91456138443,6994.460161768358,10,0,1,0,2,2.7460181392184424,1.0
3479.365933218048,119957.72716246262,23997.056083700907,4,0,1,2,24,2.9771973955176865,1.0
4361.289619319586,117455.89278300265,19039.983778447444,2,0,1,0,16,1.752665315637235,1.0
1744.553708181904,126813.61254840165,18487.403522092965,9,0,0,1,3,0.9375805168263693,0.0
3860.3729215586486,33183.201345046415,55572.705722149774,1,0,5,1,13,0.6261917724329666,1.0
2828.711329737223,150908.6378499854,66587.90259008607,8,0,4,0,13,0.8988120265067221,0.0
4420.040628856492,151107.03133200796,58121.72882094792,4,0,4,1,20,2.366148238313335,1.0
2662.669936063323,49629.86178024094,52721.04181663944,9,0,4,1,24,1.985789579840644,1.0
2612.267650569938,126940.70521578612,73566.78642997553,3,0,1,2,20,2.371970273611117,0.0
2910.4915531325,126621.40101408168,7496.213292670856,7,0,3,0,19,2.8849325817971683,1.0
3759.1110079550504,146016.57143236801,15896.197620170537,3,0,3,0,17,2.2670634322476007,0.0
4825.217870200881,44517.60766296378,34909.32788663097,10,0,4,0,20,2.4438745128281987,1.0
414.13860336804,136505.5622352364,31678.776549797814,7,0,1,1,18,1.567861589994982,0.0
314.50128183553494,77727.831626878,35189.973428152734,2,0,2,1,14,1.7783060546568723,0.0
4690.874170166326,116190.50838434923,18897.027688288363,3,0,1,0,2,2.558218004555386,1.0
2672.88434631512,161465.00395969304,14511.755299677581,8,0,1,0,16,2.0976649762671618,0.0
3093.7699221063335,149959.80918171228,42207.88005426046,7,1,2,0,8,1.8387478767951564,0.0
2437.9968278939077,50213.51300525888,74460.04435329711,3,0,1,1,10,1.052996265092926,1.0
513.6043904069987,130501.41380973245,33181.64860094361,8,0,2,2,16,2.007082243429257,0.0
3852.042423172399,194749.81025992555,6338.197487203663,9,0,2,0,7,1.2277941192874058,0.0
3748.761993188505,56650.80434695038,57374.88540249339,2,0,1,1,6,1.9755560753315258,1.0
1592.9314413894194,174994.20491332054,25415.07772559247,2,0,1,1,4,1.659724371643299,0.0
1565.884263880582,149433.17369414208,21872.31556247669,7,0,5,0,3,0.7543066005011635,1.0
4197.314835482317,161580.56319465913,27967.86605374308,8,0,3,1,11,2.642863694976089,1.0
408.1684258195668,77932.91561424974,58733.79534090647,5,0,2,1,10,1.95329021409,1.0
4411.470484365001,78941.11799457321,66049.0927890134,2,0,4,0,14,2.7573697459295343,1.0
1320.4753649847764,184023.30748200297,48280.317185100204,10,0,0,2,5,2.8174885433596843,1.0
2985.2745013896947,91171.44545573497,27830.864036405474,5,1,0,1,2,1.7939484465017548,0.0
4683.171186058799,40712.61641777778,26906.82395003042,3,0,1,0,13,2.1951275014945573,1.0
3406.7063826064,132101.4396085065,12571.742942720653,9,0,2,2,18,2.738459909639986,1.0
2101.427571711831,51219.00373711325,74864.18071410999,2,0,2,0,24,2.200387221566682,1.0
3463.194334081805,165421.3610393444,52136.733720599106,9,0,1,1,3,1.1098402669747147,0.0
1752.6991997660325,139096.89522517976,5077.04572890153,2,0,0,1,23,1.1461972418827566,0.0
1422.4291609284714,178703.5058876054,54002.26632937441,1,0,3,1,11,1.5472094114427253,0.0
4983.582225776665,163422.332463048,37430.81366290011,10,0,2,1,6,0.5941885056080114,1.0
3766.4116443399494,49059.32021749335,77886.9631546128,6,0,5,0,24,1.427454036260392,1.0
3241.363888039997,94782.01499385179,66068.29951009333,6,0,1,0,3,0.858898668468012,0.0
1808.683733935628,161675.24248547983,16191.31304512546,4,0,2,1,1,2.5678542599468823,1.0
293.34610431748837,100948.05045527538,58448.55615336472,2,0,3,1,6,2.455550185001557,0.0
203.73153637402027,195302.13241259631,40388.58229531528,10,0,4,2,6,0.9378030746847825,0.0
2793.197214471554,155075.87648188637,17402.47760258447,3,1,1,1,8,1.2116789051014807,0.0
3822.0619691433026,32634.985837354576,56802.972864406074,6,0,1,0,3,1.9248690927188201,1.0
2710.0269926970827,179597.56756534218,45148.843559456895,4,0,1,0,13,1.123444513908584,0.0
4211.886106098617,47136.81342765479,5338.788665410928,5,0,2,1,22,0.6388623404905152,1.0
215.4613388114471,53889.03311061459,52787.272190719596,9,0,2,2,17,2.413348064269704,1.0
1865.4227783084034,154863.70810387866,51894.00591940793,5,0,2,1,14,0.7278099438600254,1.0
1223.4984363121814,177044.65510318163,14094.557400962622,10,0,0,0,3,2.1944303981945494,0.0
2264.0011923777543,121179.43674292452,29872.054978745353,8,1,1,2,4,0.8746345677779528,1.0
408.2631463109063,79138.45460078245,48114.22074783008,2,0,1,0,3,0.5191933543533354,1.0
4772.951625776809,89723.64269303984,13686.292086218202,6,0,4,0,22,1.906246086190725,1.0
1155.1142352933366,88291.18603132952,68659.70009327625,6,0,3,1,15,1.2116856434932448,1.0
4615.423488643744,85535.27764761707,5116.425564153192,5,0,2,0,23,0.8251837156941848,1.0
2158.1711174315747,71294.64420968047,10918.48095264033,6,0,2,1,11,2.2124329772925284,0.0
4928.3444596133295,133507.40608696963,11940.232828826074,5,0,0,0,2,2.1103443485948694,1.0
2792.5889981280434,183068.90415606144,43664.248700079246,2,0,2,0,13,1.5284551729830014,0.0
4657.622677670247,82204.010224168,50748.77893698415,5,1,0,0,16,0.7214915522358701,1.0
76.47749403640309,61738.03056844005,34088.04133061446,1,0,3,1,6,1.6646124340500612,0.0
3753.7820905954554,172558.2032831422,25227.345730448797,3,0,2,0,15,0.7604163466899589,1.0
4520.1007328574515,156103.16625124955,65317.43792316792,7,0,1,0,4,2.9858458216542987,1.0
741.6168065458227,188242.29536518478,8258.020746934351,4,0,1,0,15,1.0867877971158384,0.0
525.8229660741499,58138.35505283464,24582.473307224962,8,0,0,0,17,0.5077590758324773,1.0
2151.63440557048,54522.72339982056,6011.899567905749,3,0,1,1,12,1.05007181374698,0.0
4671.710585358029,122042.99703184945,4069.540392402637,7,0,5,0,2,2.049102421431055,1.0
2734.813472942672,134453.7213219662,30210.251293779496,2,0,2,0,5,2.9411177018456067,1.0
2660.9094954225743,111629.48511613022,18001.422008259764,8,0,2,1,12,1.813564473069502,0.0
748.5742855816433,131824.32817505882,23664.170822544962,3,0,2,0,9,1.61267675872046,0.0
53.90807991143299,60664.56070876213,66212.93112403255,6,0,2,2,21,2.980638726716048,1.0
4060.193449190033,111534.33820789416,15549.467411190046,2,0,1,1,24,0.9124249880975881,1.0
483.4940867818792,141875.73535974353,63077.96927068867,7,0,1,0,10,0.9944373582258221,0.0
3187.5566027398536,103560.09637227963,54978.89798226999,4,0,2,0,18,1.451744423495524,0.0
4577.351449850198,145506.04708882165,28136.30543584412,6,1,3,2,5,2.368755589031388,1.0
1082.8269701342335,106702.51769415273,45084.82317857416,2,0,4,1,1,1.256287863994206,0.0
3343.1005393727087,86711.92874318713,37221.54195263948,3,0,0,1,2,1.6747940981336051,0.0
439.55795470217186,81612.85800480569,12886.439293320233,3,0,0,1,3,2.848368000663778,1.0
3038.5879619961843,99853.35002805995,72853.26977353153,4,0,4,0,8,2.681976798833687,1.0
861.4620187183535,33925.23585597414,46860.58350410353,1,0,2,0,12,2.867561005365655,1.0
3692.970124550131,143649.27353583934,70778.48352625003,6,0,5,0,10,0.9170384075301172,1.0
1541.0949092298456,173667.9589666445,66434.64140962335,6,0,2,1,19,1.7053545366394827,0.0
2343.7854935829987,90286.60605533016,9142.746248825588,4,1,2,2,12,2.28276631657742,0.0
3017.1811830367274,37825.63314409216,18959.84128342084,8,0,1,0,4,2.3322386633425203,0.0
897.8033827978859,197751.8515555448,14185.105806861971,5,0,1,1,4,1.875211539338769,0.0
3721.1072021572236,74828.70342668137,66970.02402459274,10,1,1,2,4,2.551892851985064,1.0
1548.069686152232,51525.59068743141,69408.39023705058,4,0,0,0,9,0.6067945983450291,1.0
3328.74070656813,92857.92635541475,43653.80625524418,7,0,2,0,24,0.9922747212789955,0.0
833.5011009618996,155554.69690770464,11021.711583116532,10,0,3,0,20,1.3198734232871776,0.0
3456.182413071434,79965.82147139616,13442.479627812249,10,0,1,0,3,2.3222627754935905,0.0
684.5309604117856,127699.54466631293,65643.2585577466,8,0,0,1,18,2.754329202037311,1.0
2155.514656536419,100645.19905431417,74547.64051275843,2,0,5,0,24,1.8221521760034012,1.0
1273.6700650074401,50019.87868702514,18359.627753520566,1,0,1,0,24,2.270423057832516,0.0
3754.4574846695036,86148.79212365874,3857.5933883573257,6,1,2,1,1,1.986024707246036,0.0
1347.073272309029,153227.98597139132,28483.3736966099,2,0,3,1,7,2.811231668010931,1.0
4414.500666657212,134040.66254634576,5348.453002886864,8,0,1,2,8,2.7502255664136475,1.0
4464.510046462734,50362.32458020537,66754.06853800893,5,0,3,2,7,2.519766215839269,1.0
1022.38451035279,57764.80965143246,40846.44380642137,2,0,2,2,12,1.1989554407728975,1.0
3088.537427788235,138924.67108226573,52423.279964752524,5,0,1,0,3,1.4327970451164835,0.0
484.2023265138234,168280.62043454772,34684.33546251374,2,0,4,0,4,1.5410820591330674,0.0
1988.1086430280645,89410.66431288878,29604.081119961105,6,0,2,0,5,0.5108512845382897,1.0
3580.942561031298,131202.8278133865,20109.431806858534,8,1,2,0,1,1.0777473654220002,1.0
3314.1450719070854,59009.4100878579,62331.006121937215,2,0,2,0,10,2.284521863671218,1.0
3142.2683135627094,82933.97727390505,56557.163999995755,6,0,1,1,3,1.8609762911567538,0.0
1448.5772751290956,33445.93496441894,30776.131806198635,6,1,1,1,6,2.8943694876273454,1.0
1921.22349970029,160606.91112591885,27725.942341037087,1,0,0,0,3,0.5728913747153279,1.0
559.5834162664166,98171.66936140436,3095.701655948283,9,0,1,1,5,1.4457242906113734,0.0
3609.162961146325,168741.34752117217,7893.514013501378,8,1,1,0,20,2.2681846779781614,1.0
2544.249544116804,150423.40932386345,50990.675416732876,4,0,0,0,2,0.8342512429605418,0.0
3558.3898801109904,170886.52517384107,42624.76288813055,7,0,1,0,20,1.7490554430920573,0.0
1282.2704477445202,78561.97382909007,36479.84674534673,4,0,1,2,20,0.5396299624003005,1.0
1655.9692317435777,61468.48417273369,66717.6725417277,8,0,2,2,11,0.9503836469180716,1.0
1704.3659194375675,195223.966050784,41800.16173901919,10,0,1,0,19,2.8454728076390507,1.0
177.4249282487202,151945.7237969478,32606.005768363633,2,0,2,2,24,1.9983307250114737,0.0
1738.1869705115867,171787.18554753397,15416.738759423843,2,0,2,0,6,2.3980760274821966,0.0
4026.357638914266,32232.673530688735,66192.97663252568,3,0,3,1,1,0.7554527348239616,1.0
4491.627553961206,90258.47545030071,47371.115259331455,4,1,2,1,19,1.0864771724273796,1.0
2615.180662397841,156278.8373981464,10119.417376052312,6,0,4,1,20,0.9797980338925687,0.0
2304.7333913351404,43257.081608297165,52965.17664577484,5,0,2,0,10,1.1868966842338486,1.0
202.58186256188276,126447.78802671906,35730.44740260756,10,1,0,0,12,1.1457864792253472,1.0
4402.061471047644,102942.37046735054,65476.73921627568,10,0,1,0,23,1.9088244457693946,1.0
114.40055645806996,32994.80621398824,73756.42396869171,7,0,2,1,16,2.264221230077988,1.0
4726.5128970405485,70115.84811030675,49235.86761457095,6,0,2,1,5,1.8710949871133864,1.0
2471.620431006049,78414.63814134142,59334.18708712921,4,1,2,1,4,1.2476261691487678,1.0
1742.5757431948966,49016.19087887482,7357.49526536676,10,0,2,0,2,2.2370410731900208,0.0
4624.8812524711675,137361.27465625227,46139.67003508911,9,1,1,2,5,1.8796884332709125,1.0
170.73541589497884,71207.63896282113,61161.1783333715,7,0,4,2,14,2.096347496662343,1.0
2928.053229601981,77195.31493529602,41250.685509813986,1,0,2,0,14,1.0289382319326172,0.0
2767.215996271721,182700.56169402506,48703.356891833966,8,0,2,0,13,2.8990866615855175,1.0
1135.6359859963413,109410.92575783371,72219.01028974041,4,1,5,1,24,1.3193589225317197,0.0
2172.9927851835423,96661.7849847763,18253.667046402355,7,0,3,0,18,1.4242322510316745,0.0
3278.7068294216624,153058.07651350193,10564.981081497215,2,0,2,0,17,1.8512666937029525,0.0
3649.2994245655414,184634.34547009505,56179.558211741576,3,0,4,0,22,0.6242298245557336,1.0
53.54845059756992,34256.17716036545,66359.36572522818,1,0,2,1,13,0.9779183624779654,1.0
4687.424478950526,106200.6039144174,68487.74452085739,2,0,2,0,17,2.5317339507509837,1.0
864.4005933444214,133832.83053325105,52406.62627602396,5,0,4,0,24,2.484686916814347,0.0
1206.223149400678,84155.72668141822,67157.43319915186,2,0,0,1,16,0.8545534797221619,1.0
1354.1935561845487,161309.31276095108,56951.14384069335,6,0,2,2,4,1.9742195798909634,0.0
237.20967593257478,195151.10194594655,9728.022524822889,6,0,1,1,23,0.6656507168839727,1.0
659.1080117721083,190382.65226254816,61677.350107144084,6,0,3,0,16,0.6865547109529286,1.0
4932.432118573602,75217.03169459011,16810.696095375384,3,0,0,0,4,2.4990066662739547,1.0
1610.322850017566,68477.50733437261,21218.919379504903,3,0,2,0,6,1.676325922861627,0.0
620.7403971782942,192773.39027360757,33388.09827889719,10,1,1,1,16,2.8163477491772353,1.0
579.6067428143855,107966.8428633492,27221.66410712794,7,0,0,0,10,1.6953055528651957,0.0
3611.3268399663607,65410.612924397596,27767.18384932423,4,0,5,1,7,2.5173999388221335,1.0
4280.114886961573,150189.48381717107,16032.983363711524,6,0,1,1,2,2.096912952875187,1.0
1321.9138825669258,78351.45506364456,25628.070627434918,8,0,1,0,10,1.576498700241609,0.0
153.5020860594131,75431.9857620789,4514.019428142897,3,0,1,1,16,1.8871774953743568,0.0
1154.2955913045112,179472.33732322342,39414.1428950011,9,1,2,1,8,2.8355719904213794,1.0
329.7526694439488,57621.45607407358,62181.50382527512,9,0,3,1,9,0.689639830273761,1.0
561.8049363187055,40946.80089926018,69393.04743031265,3,0,4,2,13,1.8236773708226446,1.0
2185.9651932458296,75761.69482918683,66172.99903987677,6,1,1,0,20,0.629615008996359,1.0
1188.0959357650813,133180.72018249467,35067.244362623715,5,0,2,0,8,1.888600933878977,1.0
2603.932098700846,50924.935078555995,59242.83904961693,4,0,2,0,14,2.017325699388083,1.0
1304.7940786230922,110171.09428705493,25167.58960533136,8,0,2,0,10,2.5187397711442707,1.0
4705.659640459591,136647.3087723044,7278.310399256581,10,0,3,0,21,2.4954525410477326,1.0
4534.422641235009,174285.28874083958,55049.80745512753,9,0,3,2,9,0.5252330961191718,1.0
2855.690219801807,69077.83050438325,52957.30468470326,9,0,0,0,2,0.6779762072324514,1.0
1804.3987603375615,168948.8749750742,64725.46345064142,5,0,1,0,12,2.2113434366120623,0.0
1936.677066071941,69934.06439231057,50440.17791612175,5,0,3,1,16,0.9571685274139561,1.0
2088.66880156526,145050.31201073888,15080.655122991562,3,0,2,1,1,1.8203303614242201,0.0
3651.517644567973,103214.50715201737,68693.50418786526,9,0,2,1,13,1.0792953905488982,0.0
2285.6130278182477,49495.811204373924,51298.46467743996,1,0,2,0,15,2.5864811365884326,1.0
4290.813235204192,151424.7886797143,65185.94682569531,3,0,1,0,10,2.202264419716837,1.0
4723.269190355305,67019.64515333303,62606.24826895514,7,0,2,0,22,1.588845993458568,1.0
1712.9334592257226,60025.98242418055,25935.565516331808,7,0,1,2,15,1.061605088338835,0.0
2825.4376828096165,90914.89786019514,8740.579063608031,5,0,2,2,20,2.1484129881274305,0.0
520.529857321194,141059.3416091122,16590.839499898037,6,0,1,0,6,1.3782085436987186,0.0
1042.3217864434769,69779.40139440673,10150.399742120308,4,1,3,1,23,1.9727776634814749,0.0
2096.6555452152925,61222.461592920576,21742.757270170503,8,0,3,1,17,2.1702587679581002,0.0
1070.7034437138054,31692.116371271935,38383.985023001456,4,0,2,0,3,0.8441677281657904,1.0
4388.974429404152,110179.32650729301,72824.41658355878,10,0,1,1,2,0.6231494680561931,1.0
833.5169674925355,102869.74678358107,70145.44420588887,6,0,0,0,15,1.733299301259495,0.0
2305.521066687805,69757.51641835397,58332.18576237106,5,0,1,0,21,0.895749208628001,1.0
3048.2112402763846,39120.86788164743,4856.6516851826,10,1,0,2,8,0.724175284853671,1.0
3474.72634539618,102973.49868129227,29286.96850168262,6,0,0,1,16,0.722620687556804,1.0
1946.1933801462083,163994.8688821773,55540.82883930802,3,0,3,1,12,2.2552509677812447,0.0
4352.040390187406,151597.9623256201,12935.225056608266,3,0,5,1,21,2.763166980767621,1.0
2863.1797978357313,176335.13127622896,64683.76445122497,10,0,0,0,24,2.829598888033097,1.0
2225.563513215381,31629.056911236457,73422.17335904471,7,0,1,0,19,2.839782499746822,1.0
382.84113855758125,194291.28385678175,30266.04239111256,1,0,4,2,12,2.177488489733591,0.0
2350.212868803567,88040.08294666623,57349.91576351517,1,0,2,0,13,2.814664754344079,1.0
4112.642412037865,198367.62533563402,14411.718215490928,1,0,2,0,1,0.8296152734902289,1.0
3091.9780401955113,72945.30830230168,56192.86658170308,6,0,5,0,13,2.0037735998418382,1.0
4169.2041459591355,110161.18588830161,4652.066746102333,4,0,2,0,4,2.399994911067405,1.0
2495.357769466563,90167.70501780162,14609.406024454775,6,0,2,0,19,2.857659984652335,1.0
636.3854402176851,90479.32154903145,57660.87138886759,1,0,2,1,13,1.3209039419764892,0.0
117.5172368876113,173187.9567871967,57812.46716147557,4,0,1,0,16,1.9619372943759104,0.0
1550.9367562570264,156891.21975534759,52369.52835007864,4,0,2,1,8,1.5088884185320015,0.0
3505.052833914073,198665.7439891082,39757.02987758365,2,0,1,0,8,1.8456720628925707,0.0
3961.786524511384,134297.49606197712,54967.92302023977,1,0,2,0,24,1.758917360564813,0.0
1513.9765313706307,108753.62274706546,62582.66146823669,8,0,0,0,19,2.624223518062624,1.0
2503.4869083720732,45312.55670097149,77419.08774582927,6,0,1,1,24,2.560167100365069,1.0
2134.538576948704,199415.44131735567,71425.35942924258,4,0,1,1,22,1.4872802755766603,0.0
2082.087782539568,123760.2109984881,64179.13359759159,2,0,1,1,8,1.2025239176049378,0.0
1195.176130340745,149081.1698473241,56496.328787006714,5,0,0,1,9,2.6271993652086705,1.0
725.036969895819,99146.20582252294,47209.97699829228,9,0,3,0,17,2.8866451049337076,1.0
1023.608363244505,123111.6703904701,12286.879398097552,7,0,2,1,1,0.5465440345195469,1.0
323.8953164585632,190238.21442179082,15747.876841576257,4,0,3,1,12,1.7525105396489875,0.0
1030.7471720267063,58291.304448372466,66161.52617165926,5,1,3,0,20,2.428793068955919,1.0
95.54444324562832,79703.33933614328,64855.094239955986,8,0,1,1,1,2.964928039643222,1.0
3154.9290831480926,55850.1537222655,50313.337299948944,5,0,2,0,9,1.826302752800863,1.0
1616.0582665690304,164676.7036468117,36790.69021914381,6,0,3,0,23,2.29752086262389,0.0
4867.066321563198,40547.69427171102,5004.514036417635,10,0,2,0,18,2.833372661384743,1.0
1008.8994013426744,43877.38047472751,28192.624574697882,6,0,4,0,20,1.4380512544344985,0.0
1761.85142303249,80743.99917385267,35389.25363252948,8,0,2,1,20,2.712051423895308,1.0
1821.3137352755894,117411.99075657192,40407.85403535338,5,0,2,0,10,1.1653811665071272,0.0
91.83490550917966,99066.71609512971,74557.99408921311,1,0,3,0,21,2.313645224856173,1.0
4204.0793675453215,37618.772814037235,11370.623784610998,4,0,1,2,12,2.889777257582369,1.0
208.37257771440736,192773.56483806175,42952.75282304232,3,0,2,2,5,2.1207604216655604,0.0
4703.890181909745,191987.81846087423,31330.016865787537,2,0,0,2,24,1.4405178116219695,1.0
4465.768037913423,77490.57495092918,79237.55517963598,7,0,1,0,19,0.6948521370893708,1.0
2700.8334846255198,154359.35459565884,69363.52925378371,7,1,1,1,7,1.0016768520767418,0.0
2740.7980958108956,128357.81993514804,36786.51077639691,8,0,2,0,17,2.323137947692597,0.0
3286.200718632974,70371.0381509561,79976.56192031656,10,0,3,0,1,2.974191569424304,1.0
1965.8975590776904,74569.16379607463,42582.86997830522,5,0,1,1,19,2.6243754441143583,1.0
3253.7503028193846,113496.03963277658,15868.070337537853,1,0,3,1,17,2.4787012847560295,0.0
271.60352400801,101270.28005455121,45802.35127065702,6,0,1,1,1,0.5468245381299892,1.0
317.5357553811465,79508.98579931492,20417.843966880788,6,0,1,1,16,2.3342284237913615,0.0
2313.2905771167448,167276.97137187532,51996.0886858714,8,0,4,1,19,2.568904167182983,1.0
2770.630390474873,111848.69599835544,75182.89346606228,10,0,0,1,9,1.3124917983400806,0.0
4444.697319662304,141324.17060615175,63537.290416297175,2,1,1,2,21,2.9992586482989245,1.0
568.0701378440865,62176.49502853883,24033.60416226725,9,1,1,1,4,0.5896563806426864,1.0
4122.1072396097525,120696.30262780274,25858.114122382547,6,1,1,0,7,1.4776997906787979,1.0
1089.7343195957444,84055.92840592566,8335.191637954027,1,0,1,0,2,1.0315803418420093,0.0
2000.7140601246576,119490.3137671293,25011.823344763357,9,1,1,0,22,2.931350916869807,1.0
1617.182052395694,162740.3916798578,10132.109575191927,8,0,2,0,14,2.1801888246968124,0.0
2030.768600683725,160715.24571551447,41457.5513880745,10,1,1,1,1,1.5418056427997837,1.0
794.9527154592985,90217.5152658269,57542.72512136583,1,1,2,0,4,2.9315152039043966,1.0
2542.671868297597,148027.10990353866,60840.94943543521,8,1,4,1,22,0.6537514067109516,1.0
4018.130819665268,190019.29156702707,7583.750883109788,7,0,1,1,20,1.048699418226645,1.0
2235.59335137554,136363.7860872341,29176.60416434156,5,0,2,0,23,1.556401895623036,0.0
2478.5372006960856,55229.720975048316,25189.226024152395,6,0,1,0,19,0.8107106728637046,0.0
4251.399547142505,145550.46697744617,11031.124870024763,4,0,0,0,13,2.992356058514085,1.0
3544.9876674582524,47833.74567938292,30910.290941764437,9,0,3,0,3,1.9335246570381983,0.0
2477.749322172934,178258.76949481462,26047.64840372118,9,0,2,0,10,0.9053542629520333,0.0
1325.5934585364394,117832.28428632984,51856.44065912431,10,0,0,1,8,1.121236116493991,0.0
4430.387396882585,95473.92517296852,71014.3051074959,1,0,1,1,18,1.4905495913205462,1.0
2906.2509883682637,39691.121090447705,38022.81250723762,9,0,1,0,17,2.3159374719258454,1.0
1144.6806700479324,94733.23488065865,60493.218303045025,3,0,3,0,5,1.260268188791556,0.0
1382.1427755581512,183545.1335456842,14242.79826752192,2,0,3,1,7,1.244736738627936,0.0
4025.508790234417,33567.10936867154,71912.41115557757,4,1,1,1,20,2.064731396478093,1.0
268.5205323329045,110690.18682290684,14749.794842562105,4,0,1,1,24,0.6145344496582129,1.0
4960.856325792659,188296.8754888058,17791.790906152975,9,0,1,0,17,2.279922805978094,1.0
695.2408145882193,97122.96996005358,11197.71287625109,4,0,3,2,21,1.8691745140101546,0.0
3990.5392007148403,102789.86686856557,26845.321617081307,5,0,2,1,2,1.5849794674077837,0.0
2004.1378180198303,128355.20938385038,45535.60439709551,6,0,1,0,11,1.4824483529717756,0.0
2486.470107272961,108699.34670812119,79075.54657828716,4,0,0,0,3,1.052690085469104,1.0
4409.22035844966,58662.28751038391,64089.33866863088,1,0,1,0,15,1.1007449600809784,1.0
2093.9103884666056,33154.44164187627,32293.55682268261,2,0,1,0,22,1.7496212299085487,1.0
2710.5940806825106,133667.98185637928,47340.14645857493,3,1,3,1,11,0.9956313642657371,1.0
294.0333289253912,186537.11979132806,50994.71838231899,4,0,1,0,2,1.9192308346007643,1.0
61.61999564389311,48081.90261461816,66349.99603604572,5,0,4,2,8,2.1242363949862257,1.0
1261.7593713585431,65861.96227296809,59706.78747732464,10,0,2,0,15,1.6446161037024263,1.0
3418.886309947898,92939.01259024549,46835.416776777805,10,0,1,2,4,0.76743165474272,1.0
650.2612221277267,167486.17893359036,54527.093082053565,3,1,2,1,23,2.8439372859756586,1.0
613.1216960825196,75774.25380006619,60435.656044143274,1,1,1,0,5,2.583121187882972,1.0
2084.255009777721,179949.24872739063,13252.092553272132,8,0,1,0,23,2.8838436353715724,1.0
3256.793341110721,39342.838690511286,18435.070520514255,8,0,5,1,7,1.420561438202944,0.0
3574.756361627256,189962.62561401894,56020.99024587879,4,0,2,0,2,0.580466045124056,1.0
933.3308367869552,125327.00323854003,68482.76827304767,7,0,0,0,11,1.5908613270685747,0.0
443.9613294916101,141992.2053429098,34513.19576788212,4,0,1,2,22,1.6626653774137405,0.0
4704.965318030444,92507.21883118003,78451.55483028287,3,0,1,2,12,2.266312544404932,1.0
1340.2985936824036,162939.02853688024,19637.52341584971,7,0,1,1,8,2.3367614733951876,0.0
4274.065163163183,58316.26251434903,35085.84471734479,6,0,0,1,14,1.561911652876323,1.0
4324.28267979095,38315.01029734279,32146.274346670492,1,0,1,0,8,2.943032133101281,1.0
3873.986829224595,97237.88032828471,74632.78743593504,9,0,2,0,9,0.7806493009491626,1.0
885.7263529302219,175128.2713767767,24974.14585308554,2,0,3,1,5,2.7561000001823937,1.0
4117.917223308292,158337.5622284081,39250.8899092506,3,0,1,0,13,2.4247724581984977,1.0
3857.7902682458543,117916.51498312286,17417.00565038037,5,0,2,0,10,1.8329447306979834,0.0
3003.7788010257746,127263.41701811009,43137.500369308174,3,0,0,1,3,2.4064221914348374,0.0
1719.1500740863162,52081.78047078842,69020.12104869651,3,0,0,0,11,2.385421494347341,1.0
1349.4175911193934,172915.85646498896,26411.038565573443,8,0,2,1,5,0.916809637469234,0.0
653.3515997977769,163783.1461039135,65430.989556537774,4,1,3,0,22,1.831175827684127,0.0
2573.2974811593135,141599.96696078026,73170.9918275232,10,0,0,0,4,1.6773251618096054,0.0
2947.0413337737405,109252.47617591954,8617.7575080214,2,0,2,1,5,1.7353686975513494,0.0
1828.7280030531467,193958.07560751712,61244.68929658233,5,0,5,1,8,0.9206981599914644,0.0
2403.0273850202993,179435.4352190001,22661.444583587792,2,0,3,0,9,1.4624667319502433,0.0
1849.39656397787,139553.18389748514,16500.23001532044,10,0,1,2,15,1.7969841975169074,1.0
3222.9799837374712,93206.16961193894,49286.424185927775,8,0,1,0,1,2.2106316531391963,0.0
4511.233078592988,135063.78737585712,57331.401449609875,3,0,4,0,19,1.557909398708733,1.0
861.4052971323771,127824.9575102131,33396.595901611465,2,0,1,1,12,2.1172311402060457,0.0
1937.973609020461,97021.13793193578,6016.375445328676,3,0,2,0,13,2.0438585438043173,0.0
747.2995895567635,82134.57518697294,72970.24836315308,3,0,1,1,4,2.5324266465376803,1.0
3143.4716635187683,99191.83468034481,59267.51259725712,1,0,2,1,16,1.5371886606957124,0.0
3657.909021968549,127564.93902567764,23918.34411459213,3,0,1,1,12,2.6816707430441387,1.0
4662.968026357406,102782.92360088605,41258.516892344975,3,0,2,2,15,0.5657056916679646,1.0
1430.4160349917763,74807.66299423526,5140.044827465007,4,0,1,2,1,2.7519441753550815,1.0
4753.545469033879,159363.76401933748,29124.774199057523,8,0,2,2,14,2.8782279082602433,1.0
363.1502255123402,120349.4743127602,43235.213140054104,9,0,1,1,15,1.5312334967552266,0.0
3034.9186236547116,41504.777748352,42826.21836395126,1,0,1,0,8,2.8733153548371853,1.0
332.8069607494834,92613.80595644133,19030.23560665767,1,0,2,0,2,2.6611681908467366,1.0
4474.182229421627,180435.2877260389,62809.54719615958,6,0,5,0,16,0.642602461236516,1.0
2672.5548324967676,158390.21030399183,26012.386206551546,1,0,4,0,17,2.1285448284329056,0.0
3363.2743362758406,84951.9532704812,47691.57178470389,5,0,0,1,11,2.794153282975521,1.0
4166.29093325674,189491.13584756653,23907.211366424057,1,0,2,1,23,1.01518907595576,1.0
794.0375812956454,43022.494420895724,35737.9262199813,8,0,2,0,20,2.8015947957873517,1.0
241.02823159376254,193409.89966167213,18978.626144267728,5,0,2,2,2,1.0173174506097533,0.0
4400.461672268618,71769.86572239487,51741.60002496695,6,0,3,1,20,2.078191855514339,1.0
1608.9194759217157,31546.010651411274,35769.995730884,4,0,5,0,10,1.4515234743028522,1.0
688.445594239468,103747.36620811555,4241.032445557848,8,0,1,0,18,1.8702068918392456,0.0
2368.8831235810785,91024.97304679148,5168.704539290989,9,0,3,0,4,1.2036423341947964,0.0
3011.615074695293,121645.13088515495,39277.34252229951,9,0,0,0,18,1.5185630023042533,0.0
203.30448694142513,165451.3862968737,17108.391751712286,1,0,4,2,12,1.7586212228131008,0.0
1410.7335083725843,173213.236365576,48048.23770714516,7,0,3,1,7,1.7547275812554146,0.0
212.35937767063527,98209.09993398761,34430.76719644564,4,0,2,0,19,2.9853003260170374,1.0
2130.6601765177197,103073.77643007954,53390.32733655865,10,1,3,0,7,2.636814979405775,1.0
4480.745143877909,55190.21415601052,76334.42840292427,8,0,2,1,2,0.868057073055561,1.0
4914.129436893168,38083.09350979779,43712.68237923453,7,0,2,2,14,2.901490067363988,1.0
3203.385389842956,139006.5483399542,63628.152476437666,1,0,4,0,4,1.9203876693026305,0.0
850.1065842337294,40954.39634395769,60984.15671632716,1,0,1,1,11,2.024523087773934,1.0
4533.9544804965635,154751.12030164752,73977.91503293763,1,0,5,2,23,1.190214409553703,1.0
2605.4267248402994,121645.32465378208,19479.375777326477,2,0,1,1,14,1.257506570353301,0.0
811.0590949094445,63759.10629843418,66704.17675044044,10,1,2,2,6,0.8447443792486635,1.0
4612.547013785724,121718.90039715044,72725.06914486088,2,0,1,0,3,2.5740160311363702,1.0
3799.47180107936,61109.611822356805,33242.749532963484,9,0,1,1,24,1.7084224323775699,0.0
3671.9410999796,104585.32527677005,27163.846984120548,5,0,2,0,16,0.7439313511205393,1.0
3560.444483782303,165925.2537611789,76306.76504522815,1,1,0,1,20,1.6107631488447145,0.0
1041.6821144273895,108526.27987980837,51327.72730469283,7,0,4,0,16,1.3512514825286555,0.0
1094.4831239522541,55278.884110583196,32312.089363593062,10,0,1,1,3,2.225105003239352,0.0
3457.0503422149122,153050.87590990067,63970.73451173553,2,1,1,0,16,0.9664479479021266,0.0
1137.6276130464646,61750.6307659015,26444.49042441006,3,0,4,1,18,2.8382427289703847,1.0
2221.424899175092,155553.4786429186,16583.38412737938,4,0,3,1,8,2.4528991024987716,0.0
3920.90903669001,111489.88916669166,44885.661956423326,3,0,2,2,10,1.4787763525990747,0.0
3930.5649645843127,107136.09904603128,46598.32745811646,3,0,1,1,22,0.9703815041612031,0.0
2293.645774003005,174743.9564357707,66582.47913458504,9,0,3,1,24,2.4187664256192507,0.0
3971.3401944624634,150462.59913791367,38191.10633657311,4,0,1,1,3,0.7964406516885307,1.0
4201.177891180381,35594.83548233967,65723.1635419113,8,0,5,0,14,0.718425032115856,1.0
3291.139968857088,80349.6334822724,26971.84630982206,1,0,2,1,15,2.199671503076263,0.0
1180.7079689266798,178056.51234448276,47303.35156768998,6,0,3,1,24,1.0007239231032754,0.0
1406.3583129084602,33115.44865268377,19052.40397535512,1,0,3,0,2,2.1076988509338728,0.0
1608.46371927324,122693.08586453497,32679.338220577923,5,0,2,2,16,1.3882776554826814,0.0
628.1803332830624,153730.36375957046,69030.55673312953,7,0,3,0,13,0.7396632508327103,1.0
1402.1401208312284,135715.5345323779,19631.090894553137,1,0,2,0,23,2.061185523102578,0.0
1087.120160347034,159290.47435775417,65388.438643243615,9,0,0,0,15,2.115993463591834,0.0
2303.8773115525805,153367.61431550677,24781.117654250276,9,0,1,0,14,1.8503715437561945,0.0
4546.765861967711,147645.21817602927,5655.708415317934,6,0,1,0,18,1.3721813364127706,1.0
567.1775679320925,169661.77635736085,11464.961894377162,2,0,3,0,16,2.7846723645590585,1.0
3615.3262235396082,139767.41363642152,60432.724989700684,2,0,2,0,12,2.2005919604628965,0.0
3452.0508718449823,98411.14402368695,23179.461340665413,9,0,2,1,14,1.8859382484308962,0.0
523.9832833836203,110224.54868547988,53369.21060257796,4,0,3,0,15,1.7025889089489543,0.0
4616.73340428371,151843.2130558466,56838.315512306945,6,0,2,1,2,2.607548079726525,1.0
2863.937400676257,178972.02504335498,29574.121761470735,10,0,1,0,5,2.9031543872816403,1.0
1850.441329621637,76277.19614276187,39568.762015257795,2,0,0,2,13,1.8931152947771226,0.0
3794.865988301768,88153.05531508203,34090.06596509741,4,1,1,2,18,0.6235538422293947,1.0
1323.9590190880886,188225.69738161014,75945.87271929912,2,0,0,0,13,1.72809445609289,0.0
3482.873693379286,128347.00470960571,27636.062401072228,3,0,1,1,9,2.1137856683038003,0.0
246.57047748262374,60423.50891295017,17115.874251321977,2,0,2,1,24,2.54383346021165,1.0
4205.069786165896,142828.17361510507,31150.648901419525,8,0,1,0,10,1.2762888688803309,1.0
2268.4456927555266,198429.56644169454,54552.709485354935,5,0,0,0,20,2.1912381635365206,0.0
3201.6299260718115,169987.105959968,56696.927157832826,5,1,5,1,5,0.6156712172949892,1.0
1145.1272080430842,156775.99321373846,74152.41328272053,8,0,5,0,6,1.3786142605854428,1.0
3401.5148776593173,65367.93122526577,70895.0953354373,8,1,2,2,9,1.247387426114159,1.0
3872.589365671719,178943.76339628123,25200.680072130213,7,0,1,2,22,0.71398721750083,1.0
2392.4052750777737,119384.1034010429,38047.57017050492,5,0,3,0,22,2.2548634419494222,0.0
3107.7482741058816,181179.30375223246,60539.71209012442,7,0,2,1,11,1.4211607184473338,0.0
2308.813322920873,86070.73100222948,73573.37060635594,1,0,1,1,15,1.0447235563782615,1.0
4475.752277826336,40548.67894802357,28961.70598998067,3,0,2,2,6,0.8678130711819816,1.0
2514.4524435458798,110915.91467215684,37221.990431628685,3,0,0,1,17,2.759226967227904,1.0
4216.953109692653,75872.3928190392,72259.82682492788,2,0,5,1,1,0.846934527617371,1.0
4016.6926884377303,151588.97926197067,30603.258233198547,6,0,3,1,9,2.6642110000430774,1.0
2081.998865674365,192708.1139855255,39999.499936763656,3,0,1,0,18,1.7992531401311576,0.0
1188.9182346945015,147465.60569576587,72646.81887379207,4,0,2,2,21,0.5778520222814947,1.0
2060.1065561708665,180778.7680505646,64772.72778521831,3,0,1,0,6,2.8956027409544802,1.0
4139.77601008734,107014.08231220508,21744.181225754815,7,0,4,0,14,1.882648057261708,1.0
1176.7810523059923,161178.92532320129,28009.22003671887,4,0,1,0,2,1.2940366307490763,0.0
2645.9599119958593,173317.38423418958,30177.82201436911,5,0,0,0,10,1.170566507087191,0.0
4040.1789024057002,150848.8566892022,73280.8624541916,7,0,1,1,1,1.2930593344274013,1.0
1799.7135018854751,116322.13863182599,79917.89775704952,4,0,1,0,18,1.0371280446064997,0.0
3228.937703163352,136397.2386346126,62598.331265968875,6,0,4,0,2,1.1137746818301115,0.0
1265.8762915416319,149086.18926540966,40293.12529200001,9,1,4,0,21,1.4477516347475612,1.0
590.9332545723917,73024.34854764257,3783.3839911958803,6,1,1,0,1,1.8016139208278246,0.0
3982.2019142096387,167628.4743555474,56706.580358042724,5,0,0,0,15,2.3142258526217114,0.0
539.8946858730988,191555.17162443645,32980.80966632942,1,0,2,2,11,1.2577699669024238,0.0
1393.3379056439437,109090.68358058912,51739.95820760262,8,0,3,1,2,0.8380159773669117,0.0
4282.791638887328,149181.42112867915,49715.435186607014,5,0,1,0,15,0.5514521720078929,1.0
1765.0229710394026,155294.40398436016,40024.06835622782,5,0,2,0,21,1.4302853101372144,0.0
4866.574480095098,142582.08307865163,75717.82962492688,3,0,1,2,14,2.4772996802872114,1.0
4899.684957130606,123009.56841586804,4782.268592361308,10,1,1,0,5,1.3221536036933599,1.0
1377.9663012451056,179880.1522777178,57834.201304389295,2,0,3,0,23,1.042900156431743,0.0
252.84220013695773,106317.54057571206,34557.66985906504,1,0,2,2,4,2.779055106372356,1.0
3540.0632568166266,40387.50260272261,57961.86468785407,9,0,2,0,22,2.1557297490421465,1.0
2282.3831881093015,173574.58387106724,54991.91286055166,5,0,3,1,22,2.9391524827164197,1.0
548.7265775999026,144576.81629381364,3788.326198351645,10,0,3,0,9,1.902091980793333,0.0
3552.237953941312,174373.96650493992,24971.064128449685,4,0,1,2,13,1.8522228202274555,0.0
204.31580010401007,53553.065215598035,17560.047078791093,7,0,2,0,3,2.9299079933647443,1.0
4357.473617936598,35227.99988665178,15857.949176571909,4,0,3,2,11,2.0266589233311567,1.0
736.3300191108534,188843.67186502522,59092.70467732722,2,0,2,1,14,1.7868339688361365,0.0
680.1937997962888,55113.81199459763,21445.453880170593,9,0,2,0,9,1.0967996922498533,0.0
919.5778749444934,167640.89645197682,39554.79635402216,8,0,1,1,13,1.4573422026811893,0.0
4803.318474535729,169945.69017070808,22018.15263699732,4,0,0,2,2,1.9051862853911001,1.0
3481.1883332565376,150479.8840933305,47678.004404520405,8,0,1,0,18,1.9107149967949129,0.0
4016.789100545002,52314.57588578806,58484.18014061754,9,1,2,2,7,1.6386540627507558,1.0
2018.2931793771274,143457.76617533728,28492.754879759592,2,0,1,0,24,2.2235831825872148,0.0
1714.74800114953,181144.71916556716,49432.60531810839,4,0,4,0,3,0.8922943981966759,0.0
1210.6958335766913,102340.37961615015,66513.8176298579,6,1,2,0,7,2.6687015048246434,1.0
2429.2077401464244,100297.8652443618,10255.269957665858,7,0,2,2,7,2.3434579407846985,0.0
2781.552230994134,105285.91262850125,57721.63612617788,5,0,2,2,23,2.560194017781064,1.0
3177.285476081139,43986.22141495509,27882.160721524277,10,0,2,2,2,0.5884173433172528,1.0
1322.7365947935377,181644.3467350955,12444.046652420708,10,1,3,0,8,2.4554329818123986,1.0
4745.837700469804,177761.08687668675,45015.373986304854,7,0,3,2,11,2.3491284235839744,1.0
890.3045661253225,199644.58470434867,20422.198583615347,4,0,1,0,16,0.5507104874288089,1.0
4829.983215093741,129481.13405473028,66244.85803552513,8,0,0,0,8,1.6270903527543887,1.0
123.53780641214375,157702.5781967356,6302.985033892863,3,0,5,0,14,1.2618155350281293,1.0
2431.572174493386,64454.2240722418,10596.273012859105,3,0,2,2,5,1.1391281343658246,0.0
1700.170798676986,143479.8990981088,43116.7017009079,5,0,3,1,23,0.8925802597359257,0.0
2273.1608989547412,140454.58428875642,48348.51737392567,6,0,3,0,7,1.1333520884294008,0.0
2874.7896659549056,183205.48509307412,59201.27316825151,3,0,2,1,10,2.405307712850524,0.0
2206.16633216291,171234.7628826426,22963.076075418925,10,0,2,0,20,2.7695488585405705,1.0
2103.491908992895,189539.29864501973,67815.55143242347,2,0,5,0,21,1.3777245891635121,1.0
3676.9809062958675,177701.69035927329,76391.96016258131,5,0,3,0,6,1.2134784883313807,0.0
3445.087561678,177677.96213280482,41426.0263768045,10,0,3,0,6,1.2329230941578737,0.0
4174.692846077447,40832.965537082106,61560.91510267469,6,0,2,0,10,1.8357758367005024,1.0
1287.296957135503,173813.5319583125,43413.32329987204,3,0,4,1,9,0.6140472606368335,1.0
3067.1661232826145,133271.3270655301,8348.961264740217,7,0,3,0,3,1.936587866847567,0.0
2946.7141876946266,94675.55680021341,28110.58648888182,3,0,3,1,5,2.8004145146172843,1.0
1880.2021638198094,39607.48614597059,9736.475101280155,2,0,0,1,17,1.7311449778737003,0.0
2455.9848324182703,145204.54171056795,79143.69218263603,10,0,2,1,1,1.496203532626236,0.0
1603.2216093633572,85794.29759139498,20634.995229650045,4,1,1,0,10,0.5992944097535595,1.0
752.1297682040768,109521.96504762591,51964.33229501034,3,0,2,0,5,1.8692741480501083,0.0
1108.3159927805275,145893.83429937283,24894.572849760174,7,0,2,0,1,0.8409872042860823,0.0
572.2925496859453,185001.67299410427,53299.95858240629,8,0,1,0,23,1.653950356753795,0.0
3431.1943971911146,170324.27565284973,19200.930197027148,3,0,2,1,10,1.2723409891118826,0.0
3320.6005958903,106601.51194761197,63465.79507507574,6,0,2,1,24,1.1521082449136424,0.0
4755.50153932037,95923.13676588441,11532.493418420932,1,0,3,0,14,2.8938107657517755,1.0
3661.908147553844,70762.55560348807,71926.58080695158,5,0,2,1,16,2.469229026436503,1.0
307.62690184285066,93312.5476999146,67712.47032564117,2,1,2,0,18,0.7988116062653101,1.0
4427.013610948323,48877.885839622715,55268.16546015569,1,0,3,0,19,1.2906349453784765,1.0
4320.242056581343,195087.93642200826,8190.926289999285,7,0,2,1,14,2.258401993140201,1.0
2244.4355878248584,127565.96547312841,19059.81518132748,10,0,5,1,10,2.558897105628659,1.0
2950.0221001132118,51726.99327518619,69170.84286821284,4,0,1,0,8,1.8162717301457285,1.0
4881.587745738968,89977.02157520398,12392.031441299825,5,0,2,1,16,2.7507488358660437,1.0
2684.906601048423,122996.65441551151,15006.771415717545,2,0,1,1,11,1.4039503143421541,0.0
4531.343050461644,120590.55822894783,44888.255929175095,8,0,3,0,17,0.690323844512898,1.0
461.0418511604229,36035.5726821675,24111.662854924467,10,0,3,2,13,2.8537876943746965,1.0
995.70675010798,191642.97581894894,20099.82889568257,3,0,3,0,5,1.5343837921075392,0.0
2231.7369700345234,76813.86585074058,47337.6342523099,7,0,1,0,15,0.5576997331065052,1.0
2944.5462012696585,32751.393718421503,31688.404087268238,1,0,5,1,16,2.2979998395343366,1.0
4090.327866720861,42995.48152154802,13823.112051264492,10,0,4,2,10,1.129454647038643,1.0
4941.897469958775,128633.13355215608,44183.74010100076,1,1,1,0,17,0.727538686662554,1.0
1974.8149075468764,53423.538514766464,32799.95505245395,7,0,2,1,15,2.6101637995155116,1.0
284.7073988934204,37093.21478509556,59557.79161908024,1,1,4,0,8,1.1064305633353713,1.0
4015.798941311858,94536.49929016092,10912.16905868537,9,1,2,0,9,1.8584292100494704,1.0
3041.6845594599,135869.40269783206,50787.21978383999,9,0,2,0,9,2.030663911654208,0.0
1032.7871513975983,49012.766823074104,36609.986174630074,8,0,2,1,11,2.8625342731779,1.0
2499.40086027603,83265.73146572364,34266.764379035114,8,0,2,0,9,1.4912167909949952,0.0
3724.4357153919354,101019.31417617218,20886.15197664227,4,0,2,0,22,1.7535172659041758,0.0
3863.5383459897866,57108.21662375042,5342.804171608756,4,0,2,0,11,1.2542208976409606,0.0
2523.111139393872,116032.56273934072,68272.06796607771,5,0,2,0,7,1.6660439562111575,0.0
1560.8119241378527,44486.39477330106,28133.576624650796,9,0,4,0,23,0.5176725630729,1.0
4870.025781090543,37908.14437866167,55444.01005919823,3,0,4,0,4,2.6467444617974003,1.0
3333.64492423464,118372.01241637292,75964.22978280646,4,0,3,2,19,0.6648796414099409,1.0
2070.775720764179,72142.48536764886,46504.25295232414,10,1,2,1,9,1.115218093120595,1.0
1438.2929598130295,46213.54734266468,33580.31149402971,5,0,3,0,3,2.2977586563712875,1.0
3668.9597658676325,102065.13987289749,23657.064608850185,7,1,1,0,19,2.103872871446703,0.0
1248.80805568915,185573.9257179571,74921.37203385698,5,0,2,0,13,2.3793912924559066,0.0
899.9644454197564,153112.71593120636,55519.914989938,9,0,2,0,16,1.7631111244095539,0.0
2672.677750362248,168654.7056089947,54226.667280755086,6,0,1,2,4,2.8214948799603703,1.0
1485.4375935885023,178225.3780889682,35814.19103618633,3,0,2,1,10,2.8624870333738754,1.0
3163.0804673718944,195346.71603739122,68068.75089079216,6,1,3,0,3,2.394779863513127,0.0
633.7964406274557,159751.91749740942,57952.758399730505,6,0,4,1,18,1.304258881274563,0.0
3291.958467608242,133429.34672971154,24805.11192713824,10,0,1,1,21,0.6028904022923122,1.0
1452.317813588626,92122.39965138203,49167.556821928694,1,0,2,0,11,1.8733250891751871,1.0
51.202525450838024,60879.35021481173,36124.93450429745,7,0,2,0,17,0.5226463747978858,1.0
678.333485487173,146732.17857716003,3507.442537887903,3,1,2,0,17,2.523480039862978,1.0
4671.396120283715,199141.49764073011,65187.0042256384,1,0,5,0,22,1.9701113242834056,1.0
4343.405463621021,109450.97638521624,12457.93686681696,1,0,2,0,12,2.047309096892418,1.0
1206.3647085793723,153025.4925757773,42266.49696220129,5,0,3,1,4,0.6510670632586932,1.0
3902.9409275001817,114165.71649883654,28889.416867530803,10,0,2,1,8,1.9646290149597947,0.0
3062.4293862111726,103428.68197179103,29340.856172452168,10,0,1,0,1,0.9493431202586501,0.0
4855.978321676854,99751.95430518557,39757.09602286322,2,0,2,0,21,1.5065587183226876,1.0
1899.3480146935926,115786.1960983886,79770.77900952037,2,0,2,0,11,1.2979261040490404,0.0
3423.2300319599976,92372.26251711376,34445.23540862363,4,0,3,1,6,1.1157323927129776,1.0
364.501825998397,157291.4647097073,17039.350695876077,10,0,0,1,5,1.6176772744722574,0.0
2011.4243667412095,178626.2445205578,50247.68802980141,7,0,1,1,15,2.4048344307497462,0.0
4820.897422881493,180090.50212968132,21194.15351904314,8,0,3,1,22,1.0830529655111893,1.0
2717.9553285280967,68708.78128239041,11127.283526897181,10,0,1,0,19,1.7761966572898833,0.0
1475.0035415074806,182304.55358435345,6863.411249076542,7,0,4,2,15,1.3916279249483403,0.0
645.3412674866039,88063.70941536786,4761.858099515658,9,0,2,0,7,2.13542891997302,0.0
3532.4652838985758,82582.3031325006,36199.67791995191,7,0,0,0,17,1.9176382598258461,0.0
3242.037414977148,153548.5297577001,35857.88505025131,4,0,2,0,21,2.125147120072375,0.0
1900.9966323386843,81798.3778146692,17286.99580600238,9,0,2,0,1,2.955715828204318,1.0
4757.159691735879,39004.28895365072,63369.467140383116,9,0,1,0,14,1.7674731910069572,1.0
159.90392428985908,93515.02129275235,12953.838349830665,3,0,0,1,19,0.7569432926547635,1.0
1553.4330655775377,152649.15206091932,73479.42383322629,10,0,1,1,22,0.6120537654734668,1.0
4609.293957182928,85582.93144593001,48243.35027853197,8,0,1,0,16,0.6259390905829649,1.0
1638.6304196812298,137025.0395191749,5126.460960079581,1,0,2,0,2,1.3804418418867141,0.0
1298.6515275830934,142220.30552473216,77148.89218218917,2,0,3,1,21,2.3115569656580597,0.0
2694.391029159674,154735.12199348054,26711.476985030728,8,1,1,0,7,2.6002696484309817,1.0
4127.8186621066625,182512.17927285918,37648.07188749471,8,1,2,1,12,1.9851176594974311,1.0
560.5764663478872,103535.96487563335,24888.689360580516,6,0,4,0,9,1.6999610250876411,0.0
4717.952512746394,58293.453032617705,59088.43994860087,8,0,2,2,17,2.6165948317032064,1.0
3985.6107618467618,84217.3716234212,40397.37699540448,8,0,3,0,7,0.6418058228035457,1.0
947.1887649801821,103468.4333795776,13192.7178739927,2,0,1,0,14,1.3089704718137525,0.0
3574.4394079309054,151361.5497857792,11023.704331677942,3,0,0,1,24,0.6434245931642739,1.0
1955.5456770559078,32230.761345477695,58853.90682599226,7,0,1,1,19,2.827763164371508,1.0
2041.3586564777775,83683.51518477942,21255.268179707906,3,0,3,0,2,0.7229809873659081,1.0
3927.2859575723887,162573.23877328387,13610.089847162384,2,0,2,1,8,2.8988768197416857,1.0
4815.784799504624,144045.80956621823,41455.9249688339,6,0,5,0,23,2.327052587118102,1.0
676.94657059361,154395.79550955287,64812.92714029541,2,0,2,0,1,1.736347484673939,0.0
2132.119672550156,168007.8308046631,24466.271432231046,2,0,2,1,2,1.2815102207921776,0.0
2430.6609600173024,163150.0722092536,24285.2341009622,2,1,3,0,20,1.8427014760455547,0.0
1912.7434939272382,145971.13824597228,67208.85704004901,4,0,1,2,15,2.1067329967481925,0.0
1847.7861623953138,104742.4605030004,14383.202181796263,7,0,3,0,15,1.7032568737198288,0.0
308.7299044299029,197211.71590928617,50488.024567564134,6,0,1,1,19,2.793747241434864,1.0
3443.416171784985,126742.44325031254,76536.03818965908,5,1,1,0,2,0.8482417444165553,0.0
2209.2613647442245,64470.76559270265,67780.3425174527,4,0,1,0,5,0.8209986764211039,1.0
1014.2293230874375,79778.18536781335,7759.773001039148,2,0,5,1,22,2.44879719917416,0.0
4089.3658363952386,147905.6175149799,27633.13749524516,8,0,2,0,22,1.9018047713290585,1.0
4022.6757033505583,187205.7260839088,13962.83385063146,2,0,1,1,23,1.515219768574895,1.0
2457.638559040024,60382.42196500258,76091.52910190976,8,1,1,0,12,2.5511338998584705,1.0
1527.3307726814146,43998.90427678368,78917.50059910025,10,0,1,0,13,2.847663217955733,1.0
3208.5589926924395,179860.27816714105,21094.462581582917,4,0,0,0,22,1.8117867056995207,0.0
1476.353072098145,185597.25641518185,54566.82645181395,5,0,1,1,22,1.9215337489913455,0.0
1218.2392551023745,76984.48870370291,67805.64336762812,1,0,3,1,16,0.6374989905687107,1.0
3666.047537430317,94138.57314311079,20993.381899914693,2,0,3,0,8,1.7461194015397128,0.0
249.60993661870597,142231.95957463593,17451.408842715267,8,0,5,1,5,0.5492953297822798,1.0
519.1039316212401,86088.10354322071,3863.2487900405827,1,0,0,1,21,1.514746579734864,0.0
83.6014614167694,179116.980405909,34721.109184497494,3,0,4,1,11,2.915916692936259,1.0
807.0687730533595,48288.37946135666,72256.68460439317,2,0,1,0,11,2.406400552895051,1.0
391.50054311677434,36456.97756323319,72529.43297733886,10,0,1,1,23,2.3360309104673878,1.0
4979.221720510597,65442.65514627421,12836.220818194253,5,0,1,0,10,2.4621535632587577,1.0
1479.6093512727434,78634.92229484473,18735.14100068641,4,0,5,0,13,2.6241993659995644,1.0
788.876662712774,49197.52051910876,34419.64448195908,4,0,5,1,11,0.6067615086756735,1.0
1242.931477079794,41167.37298790994,63108.08997760505,4,0,4,1,23,2.698741549936058,1.0
4683.821579123666,158453.3112953057,50112.5642319431,4,1,0,1,19,2.4365380060195005,1.0
2624.7931039707587,57927.016203383755,42566.43025105666,4,0,3,0,1,2.209787331073506,1.0
1855.8495767238917,185366.77384127167,48578.75508514044,6,0,2,1,21,1.514333008916196,0.0
4373.287716650636,92559.94244617633,10407.37642277684,2,0,1,0,11,1.2513515045661392,1.0
2005.2018392177106,144002.98765262874,39780.100453627834,4,0,1,1,4,0.9798576007809024,0.0
1708.2924212905941,68318.35951069604,79388.87329451289,7,1,2,0,1,1.354023286388854,1.0
1076.048486621191,70854.87064361737,9810.353314309761,7,1,3,0,21,2.6957020062650616,1.0
1920.0942783515868,127700.5644874878,42981.994177886256,1,0,3,2,6,0.6411542197005777,1.0
1617.5875622837839,125309.29727481764,25764.993147617843,10,0,2,0,23,2.315445576220456,0.0
3402.654598525798,160683.96876205382,44573.323858370844,9,0,2,1,16,0.7128837313297355,1.0
1483.4343881200991,158828.2619680252,47184.044522598495,7,1,2,0,10,0.7920357864860876,1.0
2907.138744791679,144016.9199928224,47465.41315519964,6,0,3,1,11,0.999351546279958,0.0
376.1662169082649,106352.19620189347,68620.07646893826,2,0,1,0,16,2.184628721358666,0.0
996.881325647746,181408.86566770493,33010.55092987189,6,0,3,1,9,2.6285252817707057,1.0
2066.6560944761763,135838.34333762078,42759.270525320186,5,0,1,0,12,0.8544406266893202,0.0
4687.898806848042,198333.74337860072,3841.486720516639,9,1,1,2,20,1.084702507071244,1.0
1917.3973292926923,169292.86904884095,63795.39632164204,1,0,0,0,17,2.0866460494900108,0.0
3337.166899939179,37532.66791051546,22980.553467940674,5,0,2,0,20,1.6404181274813638,0.0
1312.6817509859209,84500.96420365402,65874.73685111976,3,0,0,1,11,2.0836895369845316,1.0
678.8162010674971,127218.8718000618,23454.177311284424,9,0,4,0,23,0.8957769395076255,0.0
339.75617039624814,152649.8214381528,3830.7142122119017,1,1,2,2,1,1.649004179055659,0.0
1561.7968177866192,123557.20461953005,14922.0115008954,6,0,5,0,6,1.351146402069694,1.0
830.4220826446945,163642.1718185709,78897.58349805693,3,0,1,0,10,1.5917934474626865,0.0
911.3517176798148,78051.46096874858,27624.69593799512,1,0,2,0,8,1.2408964275616805,0.0
3815.7585765154026,61265.04870958026,11379.440454981532,3,0,5,2,22,0.8581163381737149,0.0
128.39845117712736,39165.83624426092,12144.427879182791,2,0,1,1,14,2.1669576165291775,0.0
2811.1601223904004,127463.33657715876,26896.38898240623,10,0,0,1,23,2.1725505556384483,0.0
1928.3338339376508,147061.9185148342,5898.668165990754,8,0,2,1,19,1.1609644319821082,0.0
2557.4224995473087,85445.45191029148,42384.621285390436,3,0,1,2,24,1.9429092793278664,0.0
2836.009674212284,134309.31142549904,19458.050492677652,7,0,1,1,21,2.9042351646534197,1.0
1601.170087563527,38866.72924506597,42986.91938755916,10,0,5,2,7,1.8428215925281906,1.0
1510.788857912212,46879.868870456616,13838.844839839954,6,0,3,0,7,1.2849861576421757,0.0
3680.3391542077834,149298.31128394473,36099.00663434691,7,0,2,0,6,1.2713947239047572,0.0
4362.821091199728,92571.84988694079,49039.59809689583,7,0,0,0,19,2.5781212052321854,1.0
1003.279080669713,144126.78528751095,7773.995252034318,10,1,1,2,11,1.7211769474461411,1.0
533.2128646489873,171392.59044758606,33703.69681233151,1,1,1,1,1,1.1581813820881028,0.0
4494.089241640529,174945.81437093986,26294.33421620596,4,0,2,1,6,2.077217082918314,1.0
1781.9825450546234,59268.49972895667,21507.70586962482,4,1,2,0,13,2.66188546905824,1.0
2779.02108378093,112668.5472997289,49549.16620850623,5,0,0,0,18,2.3186564464408237,0.0
1829.738565374017,154767.5430175227,48317.73290393636,10,0,4,1,2,0.7158633285256845,1.0
672.721564912954,161576.70136537476,51563.885114182405,5,0,2,0,17,1.354148099464103,0.0
2967.191642491254,163394.91672390918,15233.965623304144,8,0,0,1,17,2.531778068614919,1.0
2649.4472162596667,68788.44684469936,24999.611854399234,4,1,3,1,2,1.5456408261102192,0.0
1054.8181179964263,62730.919013041464,19145.26590562106,1,0,0,0,1,2.996569122578348,1.0
2286.7517710287752,130302.1196065283,44618.77758483383,5,0,3,2,12,1.3548511900507183,0.0
3994.890144877447,155984.58561549734,38502.058069140454,1,0,3,0,12,2.7687373860336013,1.0
2972.609210384062,84253.71764081286,28432.617794641752,3,0,5,2,22,1.648616110339623,0.0
529.7407689816246,47799.87666661166,63523.140282869346,8,0,1,1,5,2.8399976298491834,1.0
2762.7064112842186,151846.8850947132,10235.978319445476,10,0,1,0,24,1.5532624414491556,0.0
3528.554581483455,80948.63133460077,78067.04503418444,5,0,0,1,16,1.6711365953863382,1.0
3973.8818586147195,58281.66313299271,11973.893991779541,7,0,0,1,16,1.8520094200751631,0.0
3164.1320142396203,55112.99982751238,62526.45256776444,1,0,3,1,13,0.5994788200496083,1.0
805.6579144768795,83534.62307954178,31353.72456538405,6,0,3,1,7,0.710126520514127,1.0
3565.3576696212954,130755.27120533673,69625.19164314904,8,0,5,1,12,2.6364531130397237,1.0
3402.842138103506,90928.38057794882,8711.086056380478,6,0,1,2,14,1.1628798806205196,0.0
170.91307055613444,33512.51477088337,31853.57168481001,4,0,3,0,20,2.068156217106534,1.0
2088.1509545717036,46474.43389522788,28829.142300518193,8,0,0,0,9,1.1500036867151118,0.0
1698.1037224637478,79385.55202376525,79473.09194336622,8,0,4,0,11,1.3802068126907456,1.0
3363.589718055535,142149.7619650056,78887.27260650117,6,1,0,2,11,2.0107904094979303,0.0
1119.8722709390574,46747.56248965075,17614.904817311875,8,0,3,1,20,1.3465736700447601,0.0
2974.8160187225794,125311.66509511591,51505.91597377209,6,0,1,0,20,2.3145315306517595,0.0
4570.369510980153,50380.598040080724,44234.9953331424,4,0,1,0,2,1.7913612419614127,1.0
3999.1217424326082,65974.60564939486,14886.758825536883,6,1,3,0,15,2.3918687417924094,0.0
4611.215794271825,59272.04968447967,15919.037370040574,9,0,4,1,18,1.034847073588318,1.0
4893.604536316815,41428.86804703779,79172.38309292571,8,0,3,1,22,2.112415807487211,1.0
102.81712868050569,144126.06895572034,37860.209508811815,7,0,1,2,22,1.2833617249432698,0.0
3132.569318068514,108778.60305562586,12686.69948400566,5,0,1,1,23,1.382846107952811,0.0
2093.555018906587,171279.0849525475,19538.83298292258,7,0,1,0,12,0.9664889882080209,0.0
4306.279727158852,46811.442796993884,23662.801178138325,1,0,3,1,7,0.8213137494509766,1.0
1296.482774945202,54604.59866747228,42340.62927553368,8,1,1,1,12,2.703422598272671,1.0
4906.0959711196265,82097.8143295766,28837.205971985815,5,0,4,1,3,2.8656918693805706,1.0
3087.854449241549,160197.21777959738,38035.90751352392,7,0,2,0,10,1.4839022055483384,0.0
3978.0101410327134,81978.9999364688,15820.46543480493,7,0,2,0,23,2.4088194929115563,0.0
473.7177864727032,99431.18027477774,28158.109175237976,8,0,3,0,9,2.508766855394466,1.0
958.1165295563819,81272.60627051798,8414.37763926706,7,0,2,2,15,0.8546293599487162,0.0
3804.098181519306,43638.12960617509,71507.69105764035,6,0,1,0,7,2.8477135566021214,1.0
158.83328409465184,189703.71589235184,18303.940741980525,6,0,1,1,4,2.520534817720188,1.0
4093.546030174225,123251.6286521021,61281.31042801289,5,0,1,0,14,2.4740399709599012,1.0
119.04764252496169,163931.64199153444,29915.48769165764,5,0,2,0,24,2.811228287813663,1.0
3302.738253353303,141920.70567150033,39528.59355836408,4,1,1,2,18,1.382206855434361,0.0
1857.2149051474391,117423.22744053576,25427.100038514465,7,0,2,0,24,2.7167205694462986,1.0
3076.8995209600357,45245.30363209462,56625.97787526748,3,0,1,0,12,2.995004320460555,1.0
3495.3554645961126,139264.70269595174,68030.07428415248,5,0,4,0,11,1.0783647330199062,0.0
1745.2523349722057,56412.960509261466,25042.804224948282,3,0,3,1,3,0.8035866729325132,0.0
584.414118148636,100445.13879056703,21650.758562096617,8,0,4,1,5,0.7719965414357584,1.0
394.7470453539149,136949.23439167318,55470.90044072006,5,1,0,0,3,1.4437140238152042,0.0
2965.2333116846116,162978.93008026097,18026.78566371451,10,1,3,1,22,2.521921660399619,1.0
2627.244000983852,146457.6798704653,52267.66195195247,6,0,4,2,6,2.3770747098323293,0.0
3723.894995149606,144160.69993928692,10270.962136409937,1,0,0,0,24,0.9933126061980719,0.0
2573.190774519489,55337.175559785275,50750.56131697291,4,1,5,1,1,1.8368233867058232,1.0
2141.1066606528516,88841.85181216995,42532.31851880335,9,0,1,1,5,1.4038407155675312,0.0
2020.5315322693427,37295.086352233004,11770.740099375744,5,0,1,0,21,2.5795887914625797,1.0
180.91216785845396,152311.07183999897,52980.97988457418,1,0,2,1,14,2.5104336872319912,1.0
1711.008148398453,191939.61682396126,37384.90109162384,4,1,0,0,9,2.5253423162793167,1.0
4881.299779746247,74898.76633044289,19717.8589129156,6,0,4,1,10,1.813161585157764,1.0
4374.10010232409,44908.440557592585,30210.57998906765,7,0,1,0,20,2.518662627130188,1.0
1680.4214318193776,110846.91304812112,40891.86213419758,7,0,2,1,22,2.333396970292954,0.0
2959.587255078542,175638.6979316867,10049.675499357414,8,0,2,0,11,1.811901887401955,0.0
4244.118890400695,123835.61319620255,76735.93020088327,5,0,3,2,10,2.431891384450171,1.0
2234.3079669128397,37952.115532319265,54248.286028333336,6,0,1,0,23,1.4421525977788536,1.0
138.89142556324725,195626.28088975084,10895.193559152593,2,0,3,1,3,2.449519940506547,0.0
418.82678600226836,170870.48469364212,66360.38819329138,10,0,1,2,16,2.058433430698809,0.0
2576.4439706760977,52370.99309875673,27836.729682853194,2,0,3,0,22,2.654696204813848,1.0
4848.724909595598,186705.6186055965,48953.564326915155,3,0,4,2,14,2.7308331908771635,1.0
3481.3872339833956,106617.00906288206,24339.99880162714,4,0,0,1,13,1.4718331613661644,0.0
401.0351476209192,93222.65839774002,59472.257758424756,6,0,1,0,13,1.2196309926550357,0.0
987.3363351697208,108379.066189622,58671.691075007875,6,0,2,0,3,1.2002110378755186,0.0
3868.049558923408,171877.232668061,45507.34617917618,3,0,0,1,22,1.3152946652095305,0.0
4215.1268117834115,142111.5453087536,21551.270620311512,1,0,1,0,17,0.626764606615676,1.0
3107.588201633525,40072.23690795368,22535.193178435202,3,0,1,0,9,2.828079869266121,1.0
3239.894689667592,192792.74308974904,32480.435345510607,4,0,2,2,22,0.8099542614541348,0.0
190.270379397754,55123.30269131402,14165.936889513969,9,0,1,2,6,2.6948849773708026,1.0
4151.224784928467,156746.5517950097,28999.489915701117,10,0,2,0,20,1.718920345662848,1.0
3951.9622804456067,138143.21017278227,55695.30429612006,8,1,2,0,14,2.7508772877905012,1.0
1332.2239633115685,61879.76815091535,66975.08656457544,4,1,3,2,21,2.8314786769880707,1.0
3557.9497638292596,59024.452939218434,28608.836367988828,7,1,4,1,20,2.5530239011008105,1.0
1113.5303018037405,177955.69092979765,20986.449885586026,9,0,2,1,22,1.5174096112390512,0.0
249.6342972049893,101348.13699493151,67113.47853180533,2,1,1,0,23,1.531165543998549,0.0
1045.6258858223675,141278.00740960357,71584.21010871594,3,0,1,1,17,2.916070285959183,1.0
934.2129399337825,115692.07065563445,34571.657295028956,1,0,2,1,14,1.3418845172910616,0.0
1721.8525838374937,153650.0979029131,5071.619846421807,8,0,4,0,3,1.5279080474663094,0.0
2121.3250110185177,111471.2037566862,56512.0448088497,2,0,3,1,2,1.227126100531903,0.0
2567.267512913654,78854.58559344662,63370.55918610097,7,0,1,0,5,1.7843083840545675,1.0
2409.9316837662245,91775.1730694044,4387.867493661897,7,0,4,1,24,2.026075881223467,0.0
1389.8392995281824,176043.20805655824,48817.375707296516,3,0,3,0,5,2.1576115678545937,0.0
194.3948094416686,109565.8977968636,48304.394384801475,2,0,1,0,9,0.8962169840708124,0.0
3045.253030073896,66286.38648158358,32160.50897358938,3,0,3,1,17,1.3664678135028139,0.0
2008.9369077444042,188882.91597313306,60732.0840905145,8,0,1,0,11,2.989920055497093,1.0
1528.427179068371,165422.0776047241,35969.78593480577,9,0,2,0,6,0.6789409744365658,1.0
4341.358162011036,39463.24482955385,55111.748287935035,8,0,1,0,3,1.4305523260946562,1.0
3746.379373600891,199820.30353668804,42818.0324569067,2,0,0,1,15,1.0295327269251506,0.0
4295.939464443589,148137.53839481738,22131.774562118982,9,0,3,0,18,1.2041769990036717,1.0
2500.164833826682,57245.32183689978,49700.56645178014,6,0,3,0,4,1.6680832394372032,1.0
698.1096980275485,70318.5058207614,59741.95410312981,2,0,1,2,19,2.9664382336574153,1.0
3496.2961088002985,147715.73181106296,77990.73685464928,9,0,1,0,14,2.5309685736423737,1.0
1070.0652106890175,162559.37939745074,32268.38890378584,5,0,2,0,8,1.101750148137,0.0
2234.0868620039982,70636.11033546703,7964.385939309035,6,1,3,0,23,0.8436103811935787,0.0
371.7539052969981,73684.70516287604,79073.78403404409,1,0,0,2,19,2.015494376530406,1.0
4135.276591993763,82210.51812825035,51033.11277576629,2,0,3,0,14,2.6908151548558323,1.0
673.4061731851278,131663.12202222826,75876.68527837923,1,0,4,0,3,1.0006567180655628,0.0
4520.332659894083,59208.75031121708,10994.685622856188,4,0,2,1,13,0.9879357780121127,1.0
4327.941481194708,47721.343810412174,29336.60567002524,2,0,0,1,23,2.2102555893719034,1.0
2349.684683974268,145406.89514453732,13313.125813199771,1,1,1,2,4,1.2430002931976079,0.0
3734.6226113047537,162446.64976483892,67334.28190281858,3,0,1,1,24,0.6037192000192846,1.0
3116.253115399859,115157.99875080593,70786.39109005734,4,0,1,0,1,1.256172339560287,0.0
4025.224429571837,91851.56074562552,41601.00089037658,4,0,3,1,17,1.0266869710763744,1.0
2187.4352488902646,103447.26129950098,17368.678759976345,3,0,0,0,7,1.3191040857492413,0.0
3939.7519970095327,96029.33175823183,12788.160616057557,2,0,1,1,9,2.5361864159385226,1.0
2339.1612444724824,193197.4344004048,48288.63647617592,8,0,2,1,18,2.183288211775067,0.0
4707.78064982183,160575.28388725384,41990.97699306814,10,0,4,1,21,1.1993491477639868,1.0
2457.5418990844805,65374.82652451875,56498.7608823104,2,0,1,0,2,1.521630850875777,1.0
2339.965396071961,95312.1558491766,26500.959221739322,5,0,3,0,12,1.034789511850379,0.0
3936.105714739388,122482.08953172866,33982.33561687589,7,0,2,0,1,1.8840598983280676,0.0
4116.809574216148,134207.59655082703,4644.802686539118,9,1,2,2,11,1.0656310015955144,1.0
2794.7211158897953,109591.2623248904,49981.01447081573,3,1,4,0,16,2.818148775465834,1.0
939.9991768006232,167721.52795203307,35582.05114367879,1,0,0,1,23,1.1744783400545002,0.0
2365.4032432400186,160493.0233078994,73821.87680363549,9,0,2,0,15,2.2800551146430177,0.0
4841.958889402908,115876.84616678834,52417.544923269976,1,0,3,0,16,1.484888053477291,1.0
3777.2816555439663,175252.99575289417,33699.47584162642,8,0,4,0,14,2.7339373590259943,1.0
4065.2548892017044,157685.2201752056,23296.36692724798,2,0,1,1,1,1.2885950454419446,1.0
212.48621915523864,162358.91428250936,72706.94058078818,7,0,1,1,7,0.5397938616302373,1.0
2365.9043400390915,192588.13250368083,4252.410707043132,3,0,0,1,8,0.765269786190969,1.0
3250.774611604899,75299.38000556445,28172.2599784342,6,0,3,1,16,0.6696668373972471,1.0
4158.66178395897,75500.18760236437,75649.92995167869,6,0,4,0,1,1.2750164457233943,1.0
293.90458523471875,181121.8834674088,53360.5415375812,4,0,2,1,19,2.1810228862516476,0.0
4269.572483927272,161278.4834755655,44019.36848881403,8,0,0,1,5,1.7903239244307307,1.0
2764.584636872463,187512.74204405665,18672.173279872914,5,1,1,1,23,1.122536600187523,0.0
1026.7041543514965,40732.12725515702,67169.85761758781,7,0,2,1,21,2.99691203696836,1.0
1620.413321426015,136718.70313447143,18723.32781964376,5,0,5,0,15,0.6642496615106812,1.0
1445.5512811702258,54586.817480986065,22115.521927136248,4,1,3,2,3,2.058027383044487,0.0
2677.7522197279554,115662.52370973905,17772.538001132853,6,0,3,2,24,2.5040827880202245,1.0
305.8441155601025,56476.97841508552,15177.50846385319,3,0,2,1,22,2.895036745319608,1.0
834.7539845746214,51773.34652742947,76405.06219036783,6,0,5,0,1,1.386059136444748,1.0
4072.830564710123,32068.618714945635,49356.43290288075,6,0,3,1,7,1.9254522429538268,1.0
706.3897541967148,137140.59810509376,52113.45916477723,6,0,1,0,9,1.129185021458158,0.0
1205.3115338177286,91033.84483731462,76483.06085726633,3,0,3,0,1,0.5841114291438525,1.0
2294.1844977405785,47882.00842942519,20754.279244668323,8,0,2,2,23,1.7942419834304961,0.0
2609.748396160986,84882.42221432267,3455.650472022289,4,0,2,1,2,1.976654749651861,0.0
3829.8718740900854,58720.49554676944,49114.04101691242,2,0,5,1,17,1.1881361081967297,1.0
2264.2955119976295,190088.1213552821,42104.05369826021,7,0,1,2,17,1.0808269802122388,0.0
3959.829874125917,84400.83057942918,39779.07905966864,8,0,3,2,3,1.2023598963459834,0.0
3110.8142198750143,86772.09895919627,7764.776265957334,4,1,2,1,17,1.8108271018076054,0.0
609.8437101479211,172775.86057792956,37991.48472625841,6,0,4,0,10,2.201188006713711,0.0
823.840620044551,140118.4794186207,25142.086511983816,8,0,1,0,2,2.3016451499200654,0.0
2213.3169409763655,150729.17325851024,24141.480146272108,5,0,3,2,7,1.1927210993883304,0.0
2014.602495790746,138120.3066781233,20123.381673790147,9,0,0,2,24,2.6406564997712354,1.0
3730.544134704608,190853.3682712561,28604.683701101945,6,1,1,0,3,1.713165599337516,0.0
2924.648841996892,65190.141364867675,30191.246786042757,6,0,1,0,23,1.8703336131804622,0.0
1971.258750961134,198136.67109848527,26775.73477987381,2,0,2,1,12,1.0708016309345323,0.0
895.2634030794088,171262.55018460724,78363.95911040218,7,0,5,0,7,1.457929103994191,1.0
1172.843656511201,130125.34010897817,74820.29358423052,9,0,0,0,10,0.6290895805529513,1.0
2898.730041421842,142603.17614736233,47237.27766341439,5,0,1,2,4,1.9431729747663444,0.0
2146.0220842539725,140300.39900510438,78541.22255759385,5,0,1,0,1,2.3721787017561002,0.0
2598.8911688603266,39927.358090056165,79322.24679457763,5,1,2,1,14,1.8587856850050692,1.0
894.8533047460567,67062.80475042955,30407.357671332295,1,0,0,0,4,1.3163507222345532,0.0
3331.3859491056005,193450.05036920737,37279.44102196033,5,0,5,1,12,2.5868678709206576,1.0
4270.066767237036,120841.95290609448,76847.75682781925,10,0,2,1,1,0.6440890837965492,1.0
1326.800558595158,94320.11255452505,49864.21734599886,8,0,3,0,14,1.121836071629289,0.0
2482.9954178675416,159546.53877614276,19395.539378469985,3,0,3,0,4,0.6250770737925494,1.0
4878.860278653464,119168.22025148763,56082.311461910525,9,0,2,0,21,1.4825227149677591,1.0
1699.546615726102,32237.67114342259,18842.45601754874,9,0,4,1,7,1.1258847977339648,0.0
2995.479407372618,155160.39144157004,29130.546262732125,6,0,4,1,9,2.206455434218748,0.0
496.4687159912096,154476.98520898644,20522.13255834207,4,0,1,0,14,0.6963978113358567,1.0
3049.774262273244,58075.28105869565,21863.476626905853,4,0,4,0,24,0.5841814105213678,1.0
493.67727785785866,192632.21503211628,3358.4797806422334,1,0,2,0,18,1.8823113793187685,0.0
4798.215404852919,68064.38236198944,70814.5800793578,10,0,1,0,5,2.36653761149016,1.0
3592.5301277579415,107817.39245497387,25791.26813623612,5,0,2,1,20,1.670875355713406,0.0
3951.390951271747,49505.113414355495,9650.827223255175,5,0,1,1,17,1.2031716907427643,0.0
3535.3165858196026,132557.9943066,9698.030237443818,5,0,2,0,6,1.7464026340713266,1.0
2969.1587285785054,93826.69040972611,45813.40728749331,1,0,3,1,5,1.3457388429661041,0.0
2277.0682663732514,90039.48857564993,79454.88239111316,1,0,0,0,10,1.2406158504656486,1.0
4298.948229817259,170586.06912756103,14166.729979804755,10,0,1,1,23,1.6178992381112143,1.0
4786.336554338162,31625.4911845813,10670.877133123777,2,0,5,1,17,2.0351200947345207,1.0
2520.2290558752024,165650.95105171183,36749.39879096098,1,0,2,1,21,1.9466372679117852,0.0
4661.098493318546,127146.25617717337,46376.50654574125,8,0,1,1,19,0.770569735063893,1.0
2937.4979044431616,197636.74729163383,25667.287633601416,4,0,4,1,4,1.0456731890733346,0.0
2715.0017251373442,130205.34750272233,26294.201123567713,6,0,4,1,14,0.5176177566123858,1.0
2299.689528129016,39414.45280515285,35684.69064236911,8,1,0,1,20,1.5953876095996318,1.0
1085.9744195740932,38609.705495433474,27189.212366596665,5,0,1,0,14,2.425319633828111,1.0
68.41232104939299,180136.0076832114,73480.53193477579,6,1,4,0,22,1.5356297898404245,0.0
1245.4558229375032,173006.40473687902,6230.50198937843,4,1,1,0,4,2.9983323021875337,1.0
2573.1296994376476,88801.31284894396,21061.902310011148,6,0,2,0,23,2.375843518300554,0.0
1930.801763685775,135065.52231079334,65258.56530951144,6,0,1,1,3,1.437285016073825,0.0
2270.001878613037,113230.53069945205,67214.77559920168,3,0,3,2,24,2.933016523136804,1.0
4904.208686842046,194417.88937312888,11589.741080243488,4,0,1,1,2,2.1016991309845623,1.0
1783.8482348131715,191493.35314907157,77979.78565097919,6,0,2,2,18,2.7985317794079423,1.0
2288.305549832534,197252.63145193167,56388.32344223138,8,0,0,0,17,0.71835928289345,1.0
710.9019791964569,177296.2927078249,23989.665310736862,7,0,1,1,16,1.8939810194200906,0.0
287.3907755630888,184623.77043176722,38114.915590713,4,0,1,0,14,2.7711201263419367,1.0
3888.2770972328485,66937.39239041318,25879.673706733472,3,0,1,2,16,2.1269938488455793,0.0
2874.881716606294,171271.15412826167,14551.713238790291,8,0,4,1,16,2.970529600499579,1.0
3815.4887899172804,150505.7092447267,25420.71098566647,6,1,4,2,6,2.98937784293895,1.0
791.8208544884305,193673.70650077192,47667.07918670062,8,0,3,1,6,2.480093685336322,0.0
2880.55241735432,127114.5108352453,66599.66650233109,9,0,2,0,6,1.1969142450839796,0.0
1305.530247989809,44478.41834079458,30991.738766497445,9,0,1,0,14,2.6339004676158786,1.0
1178.9059936550987,131557.811501816,29788.418622183814,10,0,1,2,1,2.2587562585908474,0.0
107.05376956227701,146718.75776361892,39036.053983261845,9,1,1,1,20,0.7658508988815353,1.0
695.1865816669059,67454.57488111281,52630.78119725466,10,0,3,2,1,1.4691940841103905,1.0
1580.877151923492,96999.27519716382,60874.45220728782,1,0,1,0,18,2.68627664235128,1.0
628.5498649251483,131745.58038878557,28163.561869559486,3,0,5,0,8,2.2694065719654457,1.0
4929.999280034141,93597.97534380594,48149.1400225357,9,0,3,0,8,1.5684027120248594,1.0
1577.7316101935558,93741.11193057286,32980.784778627945,4,0,5,1,17,2.032507389302628,0.0
695.1035361765244,52624.728659375556,58162.788477980714,10,1,2,0,1,2.841946436577688,1.0
1035.457448498391,189926.94292320323,15679.968879810604,2,0,2,1,14,1.994052239142639,1.0
2959.130980290309,157584.0453641664,22783.2146089498,1,0,1,0,11,1.0691842052106646,0.0
367.01544313070315,30211.38460723734,35806.65232789173,5,0,2,1,12,2.173408574050965,1.0
4319.0489441987265,160154.25828376808,71484.93882394531,4,1,5,1,13,1.1654816752586148,1.0
4809.4234122238795,155765.14875183598,47146.085780003144,5,0,0,0,13,2.0475386274890353,1.0
1271.3997323035353,31654.26322643891,77335.5011615687,5,0,1,0,3,2.1114216274282347,1.0
2277.971579524754,92832.73059433998,10952.381766643455,8,0,1,1,23,1.403837964035257,0.0
159.56553259601048,133147.1073553402,38433.50685112198,6,1,5,2,22,2.351693658094748,0.0
3221.5156123997463,106967.6108158661,35269.046813494584,3,0,1,0,3,1.2322744453419023,0.0
2098.933987360315,162257.64018248624,49215.87558325957,9,0,3,1,24,0.5368094202055486,1.0
1386.7894072027007,102327.91654785378,65521.274870483525,8,0,1,2,14,1.376625144200377,0.0
1073.843697552212,56156.704807152295,67791.49796989563,9,0,4,1,8,2.6557503588798084,1.0
3287.414234410864,195990.65612655086,54604.98487032414,4,0,2,2,13,1.9421544518237603,0.0
2110.2743036099564,71146.79877192792,52398.30004690763,8,0,1,2,22,2.623429398960526,1.0
939.3134806980645,152007.6927920265,76075.27473745018,3,0,3,2,1,0.8214995524437505,0.0
3461.089953359779,54336.572982892234,32543.929926158697,5,1,3,1,12,0.9824743499034273,0.0
2847.1078010316337,85932.14434326855,67124.3151925136,7,1,2,1,24,0.9115493084957691,1.0
4300.426671901006,105144.69343317204,73955.78698610664,1,0,3,0,5,2.4628174190913885,1.0
631.5056994386399,62679.440769600864,40848.52180842016,1,1,1,0,9,2.030484109075146,0.0
3939.0496796250577,106493.12798266362,59140.89855245412,3,0,4,0,2,1.3410088241869715,0.0
3383.908094745432,56717.6799085975,32030.52896365977,4,0,0,0,14,2.4516227047383103,0.0
619.3041372990842,125031.11162760132,15233.684093046113,1,0,1,0,22,1.5884741248512517,0.0
3489.3626128650176,142831.25292843298,48160.79887337675,8,0,1,0,4,2.039006048285123,0.0
2235.6590799551605,40613.82828476183,18128.317115413956,2,1,1,0,23,2.6367736088391505,1.0
4727.674688501424,178092.46058396858,38235.133071897915,5,1,2,0,22,1.5631204056170924,1.0
750.9761855586016,61473.95045714604,70211.70712628166,6,0,2,0,23,2.3807143069054755,1.0
3232.025284537903,68311.61230445505,9623.4004424034,6,0,2,0,21,1.9141036686579544,0.0
1940.8012250415825,142429.4728141207,5342.9972461780235,6,0,0,1,9,2.7692049936712846,1.0
4786.232619424845,109687.68027385039,49698.79424840534,1,1,1,1,17,1.6386569743472497,1.0
1683.3757316868684,114897.25185908117,28491.72214780692,3,0,3,2,12,1.2466255943236662,0.0
4812.820251984411,51786.347375732556,35181.20343329548,3,0,3,1,7,1.1734829611151065,1.0
4512.354962948708,166975.0897189894,34239.71532669153,8,0,1,0,8,0.9770534944516545,1.0
1388.397014787749,134899.2218377157,9669.757633736393,6,1,2,1,1,1.391372765666597,0.0
4027.531795290817,53014.94736260752,3274.615316328781,2,0,1,1,16,1.5857284605537023,1.0
4978.240798927354,93579.89239435132,72178.58970054836,1,0,3,1,8,0.8388734219797565,1.0
1300.6818607478476,167769.6885649551,19770.489189588472,4,0,5,1,13,2.339359947344383,0.0
2212.0469881504323,126620.35781772551,35808.0823735502,1,0,1,0,19,2.8447547570483414,1.0
2624.8946460054603,48470.29245259818,77838.28634367305,5,0,3,1,13,1.529682935311608,1.0
1509.9091222291283,93372.09778417874,66660.71881274122,8,0,1,0,10,2.813001638776053,1.0
125.56095624784732,71258.04773747487,11310.675855228068,10,0,0,1,12,1.5550009759762546,0.0
1139.639758777757,117969.14412113349,42155.9654341691,2,0,2,0,22,1.0505658469370829,0.0
1445.5875774917045,173371.39190823823,59216.08504011623,8,0,2,0,7,2.647771468312916,1.0
2245.8185215250264,104165.41291675137,56776.24444493936,8,0,3,1,13,2.753860963536855,1.0
896.9572681463393,103668.14516261492,61584.822635144206,6,0,3,2,21,2.0967477092851983,1.0
4372.609065623779,183909.65339559628,38224.008426378714,8,0,4,0,8,2.8063740916464,1.0
3539.3101070201137,127951.52012623631,16546.06555843172,2,0,2,1,24,1.3717559532569161,0.0
471.7423639203268,126252.48485755916,38795.17818179169,7,0,2,0,6,1.2968186743606198,0.0
3267.9576331426606,74524.68161881619,52887.31818634348,8,0,2,0,22,2.637196138113977,1.0
3285.5995582078212,133312.86713231145,49861.590668597935,4,0,1,0,9,1.202089375082623,0.0
4783.294809535957,127904.77946095739,8430.198141722773,9,0,2,1,20,2.6655557562266075,1.0
64.95331321299818,97464.74995811688,8001.337424328765,6,0,3,1,13,1.0958493889423764,0.0
1277.2656265387457,198418.2462028607,77324.85299895132,3,0,1,1,19,2.2373410146309367,1.0
4642.567822907811,179921.46404117474,14689.020038062372,4,0,5,0,24,2.5459639793331714,1.0
4664.062881221501,157429.66931305864,25673.60972890259,4,0,2,0,9,2.6702393669098377,1.0
3616.902775884655,121348.75003021008,62107.85512602474,1,1,3,0,20,2.9127944929718197,1.0
3840.528439185323,108550.16632208714,34545.13483838447,10,0,5,1,18,1.2509927973938866,0.0
502.8406417517532,61432.557187943894,16972.793701022518,1,0,2,0,22,1.860427891831499,0.0
2593.6853821522564,81975.37058248604,38976.89343785317,1,0,0,0,18,2.8912137254728125,1.0
1196.335806880547,161573.33596994574,46809.14774877917,4,0,3,1,21,0.5257345590378683,1.0
947.0293158874055,107137.32216938374,37863.02891441183,1,1,4,2,20,2.038243958477638,0.0
4061.001330660496,179985.81781681522,73758.8478113524,6,0,1,0,11,0.8738799335427943,1.0
718.4387765687097,55144.89317873989,24921.845722661834,2,0,0,1,8,1.6006110970616012,0.0
2369.825603132107,116419.00632231821,53922.57637387466,1,0,1,0,2,0.7101383209725233,1.0
4695.962285950864,139984.1662836225,11646.693548562123,7,1,1,0,23,1.3410219570221287,1.0
969.8686750484457,117864.23757234741,33205.98024013004,6,0,4,1,23,2.2290844427179106,0.0
4891.0674475042615,181168.5715694478,60056.48037204297,1,0,0,1,17,2.529152895896536,1.0
4971.725529517243,198225.75791095375,20310.90442538884,10,0,3,0,10,1.903207769008288,1.0
2800.3049156778943,49691.89191803285,48412.370515389775,9,0,4,2,15,1.590520460231673,1.0
892.2065638769317,52092.33369307657,14814.651249097646,6,0,3,1,24,1.35634772943245,0.0
1614.7191953074334,52155.09930522059,10908.030234825574,2,0,0,1,1,2.7672307382583927,1.0
2151.239521748849,145800.1063319897,43288.921667228286,7,0,2,0,2,0.9938932582599085,0.0
1581.1549105732036,93354.93623429244,54975.846698624206,3,0,5,0,7,2.210319363532993,1.0
1439.1461203887532,154663.49241520403,11729.264100055225,7,0,1,0,5,0.8519894379616952,0.0
4862.53706062097,98930.15039078638,73668.77143271446,9,0,0,0,13,2.7491199976295673,1.0
809.1558957079409,136693.1426264508,20384.46422770495,5,1,4,0,5,1.2134150377549329,0.0
3679.973148148468,160875.86096541188,12238.0987282661,1,0,2,1,21,1.428275455507877,0.0
52.03093272391561,123196.7048113365,18607.815942966212,5,0,2,0,11,0.9579013219975439,0.0
3001.1042135417656,121715.61037650103,16057.07915295183,8,1,5,0,10,2.8352702365744986,1.0
4583.9178695725595,44999.83529855786,9981.948097197073,8,0,3,1,12,2.7192896238330966,1.0
1475.273765761434,99832.89629460392,64433.62107796047,3,0,1,1,2,1.6831628264244367,0.0
968.35357752571,122782.11604823939,41156.408655296545,4,0,2,1,12,0.5753163694571568,1.0
3275.8149846482133,108536.74036328969,32915.99690915858,8,1,1,2,7,2.7613415607752687,1.0
3577.376966127046,183132.94003203232,76198.35037777825,8,0,1,2,19,2.9065539151440496,1.0
3455.7510688123075,184110.2074603132,31567.64580398889,7,0,2,2,19,0.6749640151181553,1.0
1630.6185561058014,169725.9547000895,15856.899905633582,6,0,1,1,2,2.02180012870393,0.0
1298.401890688688,93800.6728134304,24101.30267834791,4,0,4,1,13,2.8895674700340406,1.0
4781.7980598121185,151940.85578688083,21400.423086321924,10,0,0,0,5,2.2412535337827073,1.0
4620.332565936151,97199.03838183367,41403.07852637447,9,0,2,1,16,1.790500324114037,1.0
2313.7172189694606,69540.91182587904,25445.894544502193,2,0,3,1,19,1.3551364690792016,0.0
4238.659637464149,88293.44940364987,42736.71025834986,2,0,3,0,2,2.350098768344667,1.0
2289.0012142897654,42063.98765854103,54535.59372090275,1,0,2,0,12,2.969175673492155,1.0
2150.7256394589263,86402.17653079002,62852.006499920855,3,0,2,1,20,2.098066894597811,1.0
825.9765906165086,108326.17693439918,57682.14915757677,3,0,4,2,1,1.7618733332859593,0.0
2160.7099796352654,192431.7521127411,18830.485167139792,4,1,1,0,9,0.9196884673559607,0.0
2710.2138460690444,83279.79965733623,11924.27838169204,3,0,3,0,23,2.653076660546008,1.0
161.396420771998,183417.1016649385,44768.662250796326,10,0,4,1,2,1.4595018973622165,0.0
2248.3593756182618,68905.9068899945,18316.207923027177,6,0,1,0,2,2.423445157339558,0.0
3917.7132810562416,62464.7126190724,9539.896576406521,9,0,4,1,21,1.369468565339486,0.0
3416.227979052636,118229.22759346804,43586.26440941512,8,1,3,1,19,0.8021091148562388,1.0
3194.0270948764783,144326.932780559,28163.15225330025,6,0,2,0,14,2.1717339934752866,0.0
4552.299370764153,37536.48263638784,61223.47391926479,8,0,1,1,17,1.864208353122097,1.0
139.25844863488857,67581.19705802684,27192.755552228187,8,0,4,0,24,0.8769392298781258,1.0
2807.385551651559,107466.22330522379,78361.21955329766,10,0,0,1,5,2.5737582534050305,1.0
3947.3767996280503,86270.73711714084,61406.28572707452,6,1,2,0,21,1.25638432602348,1.0
2729.610144371273,151145.5834892147,7442.378054642384,2,0,3,0,22,1.6071827624681316,0.0
1653.2829852728769,116897.30132702386,42183.201007433265,5,0,3,0,8,1.7417904318315016,0.0
724.4402972052904,57261.04795266304,46321.778593486495,4,0,1,1,20,1.1159399103747245,1.0
4443.437205490147,182059.11448356538,56538.308722483016,6,0,0,1,13,1.7551275658850345,1.0
2380.2738423186347,79793.96483217113,41330.35337159938,2,0,3,1,19,0.6694378279975489,1.0
4396.670225079222,154292.28852395198,40225.15707792214,4,0,2,1,23,0.9674789915380101,1.0
2949.9680060441833,162585.68244791968,31331.273099176182,8,0,1,1,1,1.1892514358927335,0.0
3387.250977244254,193736.80904353736,23902.526560236376,1,0,0,0,18,1.398296547529433,0.0
4031.0927141733277,114746.26930909723,75857.41632220855,3,0,2,1,3,1.122120513831483,1.0
3312.819945770665,134692.03762895346,27454.943561846638,4,1,2,0,14,1.6768899778941833,0.0
2020.3714613607417,86928.96989152074,7883.441992685462,2,0,4,2,5,2.1479498425984893,0.0
2592.485250446822,145290.4798800513,15880.924925592744,2,0,0,1,10,1.363145951775536,0.0
4025.0753471456055,108775.19259727435,69010.3009751793,6,0,4,2,4,0.5935248448447035,1.0
1899.5689670462718,104400.90200315179,48170.776352500565,6,1,4,1,12,2.084367814352829,0.0
1971.2012110040605,175429.47994973793,62966.10230203406,3,1,2,0,19,2.6995150836468076,1.0
523.6660744871057,38528.70339477707,65276.179052756466,8,0,0,0,4,0.8113753772441239,1.0
4577.192954347651,179933.61273141764,66389.20581925265,3,0,4,1,11,0.9627486906446393,1.0
500.6297589799366,174851.87243085468,45397.255496334874,2,0,0,0,7,0.5740328106124427,1.0
3258.6354283703517,116082.26310550414,16638.285868831073,5,0,2,0,23,1.0462592560616517,1.0
2095.3126700738485,113334.4852149568,14413.921922182913,7,0,2,0,5,1.2392035410904825,0.0
2057.8159817644396,91507.25256603333,47196.800368883654,1,0,3,0,21,1.6399168181663306,0.0
3413.7815910347854,199009.54458589485,31221.605233797083,2,1,2,0,23,2.249081790072874,0.0
382.1139765178997,48898.78656815301,45969.71457592409,2,0,2,1,4,1.582230717273823,1.0
2988.8436256096015,130336.59005686319,41382.79400631559,8,0,4,0,15,1.412146599546916,0.0
3871.5573405631562,145885.8703191109,49369.252136711235,10,0,5,0,17,2.2093773459090857,1.0
4149.653151538641,188836.10139688055,5472.607886715531,6,0,2,1,20,2.1123510288733565,1.0
894.1254274991877,162634.59446564945,5528.424408519498,4,0,2,0,16,1.5599085848053693,0.0
4492.22429788696,139454.02447796296,58562.82815533518,4,0,3,1,16,1.3465969066087864,1.0
3297.923154644839,49858.093858060856,17870.797774349427,5,0,3,1,10,1.4496609482576837,0.0
4415.18126406238,93534.69786134946,53219.28158878834,3,0,1,0,16,1.5119314020205699,1.0
2452.1395496954815,53603.07923315749,45086.345130942,4,0,2,0,14,0.7243883337198624,1.0
2733.06505823115,179806.16451913732,78598.174298156,4,1,1,1,15,0.9544711342197416,0.0
4599.239471291922,157435.5964458193,67326.2526739958,7,0,2,0,10,2.1411275583707865,1.0
4504.552239605625,158781.25375552897,34811.358142513905,7,0,3,2,2,2.8282635274092964,1.0
2268.39632317656,140883.6080215025,50463.7871471737,1,0,1,2,1,0.7111018588906297,1.0
1408.3425265966246,116197.40127924064,12031.288206361345,3,0,1,1,9,0.8023918898437674,0.0
1996.1936510931075,55495.08010879453,32751.725308103338,9,0,2,0,22,0.746548855903781,1.0
1969.4334262222612,86048.1307398588,59509.35606392032,6,0,3,0,2,1.1382609245116768,0.0
1469.99103116483,53275.6847210714,50945.71197790633,6,0,3,0,7,2.481443694697715,1.0
1379.4690414481845,153235.23428489832,40304.29197705656,4,0,1,0,20,2.5897416698306164,1.0
4312.261535574611,57238.891923740855,16592.74101205552,10,0,1,2,9,2.729512943063105,1.0
395.81650738907535,149359.30352918652,64842.23631413094,9,0,2,0,13,2.4600219380156454,0.0
3404.175351392991,147683.4162313038,24033.82853969142,3,0,2,0,12,1.6471371510713517,0.0
905.4592547094388,108081.76142851911,66176.88928796703,8,0,2,2,6,1.9209641899590766,0.0
1755.3041723006131,52988.87120006889,50093.8978352145,6,1,2,0,7,2.2120771780542574,1.0
354.63801896744246,83516.14044278624,31700.319952056634,2,0,2,0,19,1.1191546754025457,0.0
1386.3695024345373,84415.82854284375,6126.602090919345,3,0,2,2,15,1.8628026850403088,0.0
3853.6843020303486,149065.4726343599,20896.25101451702,1,0,4,0,6,1.7868373470885894,0.0
4430.82585650893,49336.31330033313,71458.46126258862,3,0,4,1,17,2.416886355842086,1.0
1146.559401916717,170941.66985673542,65984.02447997025,4,0,1,0,5,1.0855644888803142,0.0
2344.561804331663,159371.23933160538,47263.70509592554,6,0,2,1,10,2.8003279747167875,1.0
2378.1040372891716,61672.17608962656,38906.82972508378,10,0,2,0,15,1.467162474044578,0.0
4374.197763510684,152257.9449024112,52829.9863084184,7,0,1,1,5,1.735236100431834,1.0
3825.8553117352367,143647.24084952968,38901.105843934216,3,1,2,0,18,1.3376125767561462,0.0
2589.732230921847,157180.53601885747,52611.472735373805,7,0,2,0,6,0.788855053324602,1.0
3370.1986423352782,62117.85442627806,26670.11567383216,4,0,3,1,11,0.9439740711439357,0.0
4244.4075168513655,56790.35476659967,67564.28577918358,1,0,0,0,3,2.975648758007182,1.0
97.21782242644747,70202.27760686821,57047.677796825534,1,0,1,1,4,1.3745165318686168,1.0
2044.3056536977406,92198.18953532586,28408.12338893227,8,0,0,1,3,0.7888154978052762,1.0
4540.853678021539,164923.0467760862,66961.29084140497,10,1,3,1,1,1.6130968790593232,1.0
3714.5495026775593,155447.0693714045,40525.374875694775,7,0,4,0,17,0.8431444009194182,0.0
2737.0648029536696,187326.77068735062,16447.192584784534,4,0,2,2,21,2.037239227583986,0.0
2671.7404088239105,39967.025046764626,8983.859574271553,1,0,2,1,14,0.5603020668969532,1.0
1771.461983141967,31964.567772411552,56869.64256806597,6,1,0,0,22,1.901268598898908,1.0
2626.576641525497,148853.60104913585,69614.30192401682,10,0,2,1,5,2.216878230778021,0.0
3294.1468373440935,77478.87428500816,65173.03312177986,7,0,2,1,14,0.7017953690002267,1.0
2120.897040222526,86793.41224074898,53485.12932710569,6,0,0,0,4,0.8698025392275966,1.0
3585.058074641261,122956.34440546707,13885.879281567139,6,0,3,0,6,2.4365260764173087,0.0
4313.09952493891,47410.23093155575,10241.393850202323,8,0,1,2,9,1.5523706030915914,1.0
815.6899985150628,139258.05081316846,29567.280971902852,6,0,3,0,20,0.730571385718556,1.0
2285.157762946251,85275.06585929554,68828.13856070519,2,0,2,1,14,2.6559718021395327,1.0
2069.6994518611514,137561.57113116857,77053.69281361315,7,1,5,0,10,2.3423297939250873,1.0
3452.9507800461543,171781.17522247558,21584.785823224487,10,0,1,1,23,0.9676733262962712,0.0
1286.8439530267503,59088.92666736305,61681.36663479244,4,0,0,0,13,1.368062648384695,1.0
3219.2420290137675,188248.42579546844,47187.92970185484,3,0,5,0,14,1.919890391319232,1.0
4393.571746570866,120216.98398061545,5449.167265001591,8,0,1,1,20,0.553973624607484,1.0
2119.7514189784324,186897.72007957462,44804.55894483637,10,0,2,1,4,1.7245737163862476,0.0
4559.527714897139,65314.11397430228,65057.41103018035,5,0,1,1,19,1.3514904852253635,1.0
4966.160507720718,132775.6529827204,24261.454317490043,4,0,2,0,7,2.8146007602521563,1.0
575.1556472423628,98660.8099450128,72096.8450457255,4,1,2,0,20,1.0646897912292106,1.0
1203.6132805250502,161617.77249652226,21192.05132934704,5,1,3,0,10,1.4962935326986433,0.0
4754.379769836361,133004.5203462604,8888.431213592183,4,0,0,1,20,0.9056986535154419,1.0
4793.722048082865,114067.62768291414,15315.32682684643,3,0,3,1,11,0.8208472338611577,1.0
533.6510131644545,185207.51909327146,67449.22089151072,4,1,2,1,7,1.1995003876337682,0.0
124.24257686682657,94109.90090918564,35132.555766043675,10,0,2,1,23,2.5406740374573857,1.0
847.4451151192901,67396.63483269085,64364.808398867644,5,0,2,0,12,1.4441327427387194,1.0
4980.2632777421295,133377.2017648556,43904.945696198825,2,0,5,1,18,0.9662540624253553,1.0
940.9981022229,136084.83431937834,40003.052609171216,7,1,3,0,8,0.5422893347067357,1.0
2537.6106532740146,104646.08566721882,65132.31266491983,5,0,1,0,23,1.8705960734311389,0.0
4249.66774583103,112723.707427195,35608.546101852946,9,0,3,0,16,1.7376167028386122,1.0
150.9879729066214,193124.08043098298,64756.520292110356,6,0,2,1,15,1.0265514682802184,0.0
3042.2204621793744,154556.56753745623,10750.986702185312,1,0,4,0,1,1.4081953038654422,0.0
1421.2759719046403,48802.297752038095,51995.93279652275,9,0,0,0,15,1.2209742692179477,1.0
4318.557836376672,66062.11204800387,57099.203354502824,5,0,1,0,10,2.279324816052469,1.0
1453.1326888571919,195848.02785404504,72230.49950291419,9,1,2,0,9,1.4191210004711372,1.0
3449.440815395449,153499.14414490032,20272.94174114701,1,1,3,1,24,1.6742612703191715,0.0
3387.387180614615,185557.67144459105,49524.93076714957,2,1,1,1,15,2.973442577724781,1.0
1146.393066855218,81656.44887808274,36360.75540407017,3,0,1,1,17,2.738245030232388,1.0
222.25603934833308,156117.3662147207,32473.417476890234,5,0,3,1,16,2.145217436799098,0.0
2075.7853902377165,151380.46044899695,11216.943751320725,6,0,0,0,21,1.7065824569435852,0.0
1481.506102231055,80097.29752469377,13335.966455810552,5,1,1,1,22,1.3803781342392796,0.0
4054.4398605878578,123638.77532661991,67448.11153146876,1,0,3,2,24,2.857912541397795,1.0
4011.8027328539592,136660.5689159502,60731.01428906828,4,0,4,0,10,2.7814928025072616,1.0
2312.268563353496,111792.40784066905,32440.26703241474,6,0,3,0,23,0.9126329226695267,0.0
3052.2355153499334,170620.38013186216,66793.46676700158,4,0,2,0,16,1.130313955146217,0.0
3041.0846041352797,171587.73710565822,9218.99623141554,4,0,0,1,5,1.4762444288339303,0.0
4144.432834716736,174602.09321126464,51107.59161155399,5,0,3,1,1,1.6432759576872464,1.0
2153.7619499098278,166582.00674668766,69849.5560590002,8,0,1,2,4,1.8555191071858026,0.0
1413.46106496302,112974.19112351458,67592.5457894062,5,0,1,1,8,0.5966002256685511,1.0
1361.92284479571,94844.51068533122,31704.272515523207,7,0,0,0,2,0.6702692115858708,1.0
2704.1517824469106,171333.968231443,60383.00668538816,8,0,3,1,2,1.6736348293223937,0.0
2273.2836035244522,113334.24795456536,35915.04720503057,6,0,2,2,8,2.7954889971087606,1.0
2228.597816375434,71883.13776675692,67690.6386580261,6,1,4,1,12,2.355999333903678,1.0
501.12982849405074,116248.40049477677,43868.670161936774,2,0,1,0,13,1.8575700302442582,0.0
3607.0885164164683,54114.469726271156,61893.99278108817,10,0,3,0,19,0.5712050777114615,1.0
1107.996605510458,147577.01340179582,9050.011836458722,5,0,2,0,5,0.6707002894855822,1.0
1024.9204695331707,87106.61787606408,48431.99981388244,1,0,1,2,18,2.074962932661456,0.0
2093.1536853730977,74311.99573606724,45371.88166513908,9,0,2,1,24,0.979318803399986,0.0
1177.502791008117,192606.48685990664,49968.20757360733,7,1,3,1,18,1.9397263914954836,0.0
2940.098423174676,162069.76927891228,56564.40380950044,2,0,2,0,3,1.6338941712089183,0.0
1888.743529705634,163801.81546306837,73694.39069262893,6,0,1,2,7,0.9613870082409144,0.0
2272.113026834311,136032.73477746118,63497.52029675439,10,0,4,0,23,1.6637639709565797,0.0
2708.988141939943,172659.3777867505,19912.125340487662,9,1,1,0,5,2.7169459122135993,1.0
1057.500836284934,159057.6217977748,66594.01273549139,5,0,5,0,1,1.0617319435557413,1.0
820.9705331843725,131791.52970271482,12400.135176362364,3,0,3,0,18,2.89223305992628,1.0
4408.088419224344,193391.14831479194,50909.291096980356,10,1,2,2,7,1.0730888743966447,1.0
2196.932329015534,62571.14144635192,70972.04323493762,4,0,0,0,24,1.6413596366229692,1.0
2089.8633676810687,190374.55222910768,10786.398174547605,3,0,2,0,22,2.3074001327865394,0.0
226.28014385056534,98244.48753980704,68426.33430489007,1,0,2,2,3,2.43620177133546,1.0
2514.9826978075967,119827.82717825273,64493.796535728914,10,0,1,1,19,1.275617401409972,0.0
2793.1401219744503,50865.68432253252,41790.70840560845,7,0,1,0,9,0.5412121609752294,1.0
2816.262311225599,121818.26461670446,26785.115376746115,8,0,1,0,3,2.0646859280651353,0.0
3549.8042881482775,133905.14781589288,34218.743561508876,2,0,0,1,22,1.305607149014762,0.0
928.5350832055083,199609.2621074491,77586.6764489163,8,0,1,0,3,1.8029666285913442,0.0
1298.504514441563,195782.7098821595,18530.71182369217,9,0,0,0,13,0.6616685213136748,1.0
4063.115802890543,194287.53961862883,47629.53016290194,7,0,3,0,13,1.4778107522496269,1.0
4738.4945533748005,89225.97021734975,9409.537586658656,1,1,2,1,19,2.0778578604989937,1.0
722.8670994682371,198515.3047866574,19777.76594256626,4,0,4,1,24,0.7080517947234293,1.0
2513.3652948008303,107431.28577116884,61775.361881738085,7,0,1,1,7,1.6828567826948655,0.0
1110.172451060955,174812.16398952308,26300.126107760596,6,0,3,1,3,1.5924805133199373,0.0
347.3621833571631,66774.39473322523,78903.98743333056,8,0,2,1,11,1.2801314572417404,1.0
1661.2415237243704,115991.6405416224,41562.91231822568,6,1,2,1,21,2.9641503423088067,1.0
761.253744661853,194222.05634169292,42773.5280486962,10,0,2,1,1,2.9357666675389282,1.0
3564.168713499519,190995.33747698268,5796.234928851614,6,0,3,1,2,1.72409429918196,0.0
2691.9407976736497,146234.92922964256,76652.55971744949,10,0,0,2,9,0.9710865659019747,0.0
761.9806314020389,165628.43483402018,16415.97494810018,6,0,0,1,3,1.6653457688330207,0.0
95.74586260729612,59992.53842240824,44452.22610840408,7,0,0,1,5,2.6196819969005882,1.0
4050.3773926698527,152681.95341230676,33466.94496682234,5,0,1,1,4,1.3619143269143483,1.0
922.1623105130253,135068.6374170133,35000.02195733464,9,0,2,0,8,1.3527396733043382,0.0
3050.772378992792,45563.79507771184,52534.112784780344,7,0,2,1,17,2.5223568390903397,1.0
1717.7634697298906,49237.03112024497,53980.82813612076,1,0,3,2,22,2.0701924791005673,1.0
2948.1553946594263,48435.41501771452,14880.223344073458,9,0,1,0,6,1.5132450431664468,0.0
1612.4854535625038,153140.67892107205,41468.1722903857,6,0,2,1,24,1.7966342715555346,0.0
480.35082542665816,54091.585402087316,63866.763583922984,8,0,1,0,17,1.9863962572064602,1.0
1153.6025423608803,109514.48608945998,37133.05923352168,9,0,0,1,20,0.9029988231209269,0.0
980.8899040714242,90686.90699921882,15766.944253646669,2,0,2,1,17,1.6928977835075463,0.0
2168.695794576237,123585.70393093703,27117.704623065183,2,0,3,1,14,1.8078220734950918,0.0
3308.5047279594787,150101.00282729848,19353.226436090405,5,0,2,0,6,2.9883794669659136,1.0
1355.8400709844698,146402.83132762642,12687.945029442453,5,1,1,1,23,1.131573077220437,0.0
109.74617973805886,117638.38570544403,32073.74681252224,10,0,4,0,17,1.119727284518759,0.0
2618.7399531105466,108936.92851376554,44652.09072625178,10,0,4,1,4,2.4021393690391815,0.0
3048.5094723269117,97628.65117078398,8601.867446300646,2,0,2,1,23,1.337767981137362,0.0
4816.208945308958,176524.6912117445,49494.39966157012,10,0,5,1,20,0.6405423340611922,1.0
2967.880475311572,86244.80682834965,79462.88189305978,4,1,1,0,14,2.894859576053206,1.0
2382.304168921802,74092.18959847413,77237.61976554643,9,0,2,1,21,0.6039508724268325,1.0
2888.3380481936338,156363.6339213961,66846.35811393523,4,0,4,1,17,2.7983769520295363,1.0
4643.108117817033,91159.7884884435,23508.265685785034,1,0,2,0,14,2.5318757009132176,1.0
4150.4718207281485,173989.76195873565,4725.384928911282,5,0,2,0,3,2.026941223347422,1.0
1648.7447301508496,85741.0821683146,67182.71112197952,2,0,0,0,8,2.703945736129686,1.0
1224.4091001028294,149330.62017768,7290.457862360919,6,0,1,2,13,0.9894400368805368,0.0
1350.0363812120645,37668.53106850714,18833.36227324932,1,1,1,1,14,0.9685331802187389,1.0
2546.884146590304,95545.6896187544,44922.8975894024,7,0,2,1,12,1.6095025093024624,0.0
3733.0447835814603,88349.12974448375,16735.109014060556,7,0,1,2,8,2.991259620544955,1.0
2540.9350755556625,168835.38567690697,67201.70150999543,4,0,0,0,11,0.523014404466658,1.0
385.5921593491573,194399.4185488127,62841.29661200684,9,0,2,1,20,0.8552354494768504,1.0
3631.7244671779054,108349.81703780344,61194.251941768234,3,0,2,1,12,2.2972251843677403,0.0
4039.5521369212215,170222.16711613888,65841.82642411339,5,0,3,2,1,1.145824951977791,1.0
1483.0144323426123,148948.09916275204,19917.03708037513,5,0,3,0,20,1.8860592486267118,0.0
3337.4224094525844,194455.61790282786,59124.7129635307,8,0,2,0,22,2.2855811856703534,0.0
2161.629910219247,167888.44743828021,30356.675699565883,10,0,1,0,2,2.6013009069160837,1.0
4451.140810850842,43171.27121383419,54347.04648676676,10,1,2,0,23,1.891925929413623,1.0
4233.866512895663,151257.89280498016,12395.673104600457,4,0,0,1,19,0.7522885484761378,1.0
2650.888391632729,121034.95162180351,57330.16666496765,1,0,2,0,24,2.234645124693673,0.0
3472.9524517772925,32794.12984849562,77852.29504836003,5,0,2,0,4,1.7526528282671758,1.0
4422.581020059415,72723.20298332543,6357.228129541151,1,0,2,2,12,2.2352563650211374,1.0
2503.7991998874636,186698.3916545718,10224.825389865526,3,0,1,2,1,0.642933174091408,1.0
1600.5911654196686,187430.433373748,12520.031085027069,6,0,1,0,10,0.5088824680594973,1.0
3780.647382652427,165804.57823410784,36153.420680480194,1,0,2,1,1,2.7676185843141887,1.0
1139.3279611842243,196902.5325572582,25390.074239845133,10,0,1,2,5,1.9210617654187523,0.0
1973.229182629908,167112.68818611483,65132.85182263341,3,0,5,0,22,0.9466776308383182,1.0
4335.349823678629,31734.711838491683,39481.61741847404,7,0,4,0,11,2.2614662045510965,1.0
3635.8905843331095,78931.837851257,40309.37538701854,2,0,2,0,2,2.2683862620415143,0.0
2048.8644759751214,35206.11098041969,58211.933802052234,6,0,4,0,9,2.7870848029442303,1.0
1112.9852869213692,45998.35468538511,30871.61165525242,7,0,3,1,12,2.4173775264194948,0.0
1812.043534619571,67202.93888163194,30196.95805137569,2,0,1,0,7,2.596775125804258,1.0
1456.3155386757933,115604.95287533881,61283.331847315996,5,0,2,1,16,2.588445975446997,1.0
921.641975322077,174080.44058854302,63063.21442943089,10,0,1,1,21,1.2341838245813563,0.0
3729.4979221500007,176534.34854670838,4108.705485027102,10,0,2,0,7,1.8046747474911613,0.0
1297.7459399083489,134754.3159547404,14071.866639736441,1,0,0,0,9,0.5883562445074093,1.0
2298.128977330431,187789.90964125993,19408.559948432943,3,0,3,0,24,0.606902052475209,1.0
1960.00426183874,115010.59552033538,30073.236094356478,1,0,2,1,8,2.703051428441072,1.0
4911.283024246372,181136.12750264426,25441.502424260387,3,0,0,1,9,0.6277012116239908,1.0
1985.9066085336915,107191.09357644206,54476.04372589729,4,0,4,0,19,1.8722834257927348,0.0
445.91328984393624,77128.25126172,66766.41300282779,5,0,4,0,17,2.82161712547439,1.0
494.6374752318159,185790.1960770727,17790.697641413863,4,1,4,1,12,1.0136889256906234,0.0
2974.2309206976706,95948.96286540778,46349.464666350024,4,1,3,0,12,1.6067322402167632,0.0
3016.849581104415,115578.69850355848,31321.85133323977,9,0,2,1,4,2.119080372824672,0.0
2122.857002889142,85906.30753021513,41944.896378546764,9,0,1,1,9,1.9045868048473307,0.0
2187.626276944547,142682.39204942406,50798.35381732133,9,0,1,1,10,1.409072413990988,0.0
316.9662850623125,199155.30825102603,71807.18603851486,5,0,1,0,17,2.46907973233245,0.0
2606.905226426848,34337.303307010836,17806.535422700617,5,0,1,2,10,1.523578488879532,0.0
2548.460403132741,182974.16102120726,9699.507203316647,2,0,1,0,12,1.4652315057589413,0.0
790.2691268568755,30667.429688175118,51295.31776649214,6,0,2,0,17,0.5539799219083481,1.0
564.0049612490915,91918.73979485588,33348.07535549224,2,0,1,0,6,2.6614208200027414,1.0
661.683828467478,58663.15706921743,15543.50738356012,10,0,1,2,4,2.9984903128731237,1.0
550.0898201317298,158748.10271433374,12015.711886323043,5,0,3,0,16,2.3582062156010752,0.0
3068.055567906961,38603.84292871949,46036.053589300296,5,0,0,2,17,2.927467024232893,1.0
1022.5891293944471,124092.44210933575,26136.23577867106,4,0,1,0,16,1.738750545531113,0.0
1294.5792533279441,80137.44275370314,79801.8312281203,5,0,2,0,4,1.9540479533117239,1.0
909.1821135496267,52723.942306999365,34254.363088464976,7,0,1,1,6,2.711575735258793,1.0
4791.28475702009,161209.09605744894,19346.068874919067,10,0,5,1,8,1.8099249736241263,1.0
4280.3564426015855,66960.86182339364,51421.37647403039,2,0,2,1,9,0.6787001602013011,1.0
1190.9494448900284,68024.78604933961,21807.626506169032,1,1,2,0,6,2.346019275147215,0.0
1671.4531549145236,76763.05347344691,41044.625328799404,4,0,1,2,14,0.8475099087558962,0.0
1088.9695694097359,129750.34985076466,40158.36614651757,7,0,1,0,13,1.3574770718785987,0.0
2484.7859993310776,142143.2083874272,37923.93748811176,1,0,2,0,18,2.611144041466601,1.0
147.0721357475553,32992.429029228646,64298.59861275727,4,0,5,0,22,1.1941183933077035,1.0
3373.2716440391387,71117.83813934436,19679.20111289616,6,1,2,0,17,2.8363274345241845,1.0
2639.632841597326,103265.04322589809,72631.6624904262,6,0,2,1,17,2.5380487567313312,1.0
4498.262695090461,86436.08186740964,63933.218747442144,1,0,1,1,17,2.920424722784236,1.0
863.74378742565,180309.01194685063,28650.42204673593,7,0,2,2,22,0.7621333116781246,1.0
4030.3407680026016,163910.4842506912,16906.392983570666,5,0,1,1,15,1.2367497701683345,1.0
3970.207021610243,136401.33664160068,24524.19688701908,6,1,1,0,15,2.477953441614958,0.0
679.5468866235902,87467.21071949677,28612.99101199903,1,0,2,1,11,2.1836149902111277,0.0
2022.8681595134315,149114.29862384716,45883.85399814259,7,0,1,0,7,2.4096854824995058,0.0
892.2555736653586,173418.46218378504,6570.34899865106,4,0,3,1,17,2.681078153570217,1.0
1310.8664772648672,131121.16415102774,73405.65299860809,3,0,4,0,12,1.1806170437523715,0.0
1353.0685654111946,163358.44937187445,10597.963962905545,4,0,1,0,19,2.930937388872269,1.0
2803.370150427575,157347.8434379571,24504.051345702683,9,0,1,1,19,2.398701046853433,0.0
2086.4841122143043,127195.34289725478,11415.132722378426,5,0,1,1,7,2.869588001952595,1.0
4741.277379831211,83071.14685965686,22763.807642475833,5,0,1,0,20,0.7723207008977196,1.0
675.5322026376754,156782.9668602162,67500.88403287824,8,0,2,1,9,1.894699997321336,0.0
4869.776067508484,65155.3822807931,50368.53747650966,7,0,1,2,4,2.5409926415602913,1.0
1191.6612690606066,162513.01890016074,20503.88833189001,3,0,2,0,19,0.7230885110913983,1.0
3875.725985090173,166772.93766423062,70125.406794549,1,0,2,1,13,1.7135438494015003,0.0
1727.901134555466,169764.62952696343,64654.82855982333,2,0,0,0,22,2.4942209898273644,0.0
758.2529073157039,110395.7150663378,61030.99473876171,3,1,2,1,15,0.6234984039776319,1.0
4296.551466968887,62721.73052097169,68267.71777569989,1,0,4,1,9,2.293899706785713,1.0
1578.8614512204929,46953.01201123168,50713.02547691026,1,1,0,0,10,2.9210791015587567,1.0
3311.3342509228687,156371.41258294712,41610.67673626489,8,1,2,0,8,0.6404120697966307,1.0
2853.8962411788016,180664.43537006824,31792.997015196983,8,1,2,1,7,2.794826697842323,1.0
2385.193731484828,140642.52100227412,20229.829571392776,2,0,3,1,7,1.5479565989934616,0.0
2504.3063896102685,54507.21026602283,45920.6976388109,8,0,1,0,21,0.5605347381202426,1.0
3674.5776747568234,188932.39624798758,71490.9106199848,2,1,3,0,9,1.3703189269084222,0.0
484.4759249110308,198147.34247168433,48736.59775240903,5,0,2,1,18,1.2601026259605712,0.0
3357.4942766916306,103674.36368893673,73809.72835248904,1,0,2,0,13,1.1223879874269782,1.0
4484.269901922965,131120.2991765411,30482.637458673595,9,0,3,0,16,2.5717013903580836,1.0
336.05157524832754,162128.84840028183,56525.62388461732,4,0,4,0,21,1.6308983174948775,0.0
746.2340292066503,155186.2643085076,52947.24137962337,10,1,3,0,5,1.2702871428505453,1.0
3597.3280866750556,194523.82262868635,54623.405992831125,2,0,4,1,5,1.275270853319951,0.0
2214.544158810857,49530.12548339412,52668.23494254103,1,0,1,1,8,2.9802701836758265,1.0
2047.5656730277574,128723.22724427698,20067.40997015799,6,0,1,0,15,2.0470454992083713,0.0
727.9848409939675,147628.34134442566,14056.49916780247,8,0,2,0,13,0.6039867262643526,1.0
2558.511701553051,181316.7321119039,78354.37572986851,4,0,0,0,1,2.7197998234860092,1.0
676.3992904220673,178598.63671208563,6487.724920872592,1,1,2,1,12,2.3167109207653964,0.0
2409.271258737175,196259.9649054193,39015.70950117681,1,1,1,2,15,1.0293134946744797,0.0
3829.895729860201,117053.33716940544,35731.18441992337,6,0,2,1,4,0.7839071247395617,1.0
1328.4085715414594,171229.34735824852,30721.45978256087,2,0,2,0,17,1.4429248490013755,0.0
2429.89153248965,102637.8903816457,63212.75672540663,5,0,2,0,21,1.019879177719211,0.0
4960.479048514337,101793.35923552548,60391.97220006373,2,0,1,0,23,2.254573590898448,1.0
3448.9195956024846,73069.22196038603,72702.31911180541,9,0,4,2,2,0.935772545696505,1.0
4214.716017960733,169100.33879326907,33452.53951639301,2,0,3,0,18,1.809357260876802,1.0
2103.4956524747013,197588.56798829764,46441.823650568396,5,0,2,2,12,2.0927425013467422,0.0
3850.911569472984,73578.09381903385,71707.6426453433,4,0,2,0,23,2.172625551000606,1.0
250.5204060595431,39542.36996358229,79526.3008398646,1,0,2,0,2,2.4143697279917364,1.0
658.4103535841126,168642.21436123125,77635.66590213233,10,0,1,2,12,1.7572928172061815,0.0
1055.1994349543074,135439.10893090855,58273.97808769253,9,0,1,0,18,1.0277499054044197,0.0
2039.6620268453369,193148.79609367074,14028.52195138383,3,0,3,0,16,1.348762084872547,0.0
4236.437147712528,72880.66724308187,4785.322908063048,10,0,1,0,22,1.449252979786365,1.0
1764.016951400256,42074.701860217785,66541.81344302652,8,0,2,0,5,2.2185506357237292,1.0
3290.374907901541,113715.18434730526,67752.53588587056,4,1,1,1,17,2.064595281009601,0.0
3561.1057592772427,44529.22390407507,60469.789936287154,9,0,3,2,11,1.737558208531355,1.0
2951.60265273729,74504.30018746026,24554.10842193995,5,1,1,1,7,1.683425825338903,0.0
1818.3477424421742,51416.23633925861,52265.97518908655,2,0,2,0,18,0.6503954940552801,1.0
2906.414041482044,68102.47054221338,27351.130019776116,8,0,3,1,2,2.2241285494361103,0.0
1744.2146843092437,48044.59097963662,37699.9149497712,4,0,2,0,3,2.5103191171618304,1.0
465.17500583245976,192164.0199026385,32447.501543499307,2,1,2,1,9,2.7214018738054935,1.0
4964.3796920207715,77355.66128645503,73350.28668283428,6,0,2,0,1,0.5510826563710076,1.0
679.553145480929,105462.58961873612,21030.114467278418,1,0,2,0,24,2.687031097991613,1.0
408.1244999884839,182764.0072978178,47476.03965217876,8,1,0,1,18,2.690063176684909,1.0
4398.727208575422,145144.66995345062,30795.577735607156,9,0,1,0,15,2.1577797555179314,1.0
1544.0815714198309,135066.3716955016,54056.47561739538,7,0,3,1,11,1.1963538238547982,0.0
3268.9700216638626,149945.7423613423,46471.361870665576,9,1,4,2,5,2.731205119860827,1.0
1678.5783618280525,170899.7837079149,74146.28146517742,2,0,2,0,9,1.368764935424757,0.0
1987.6986404326321,179203.77553479935,10824.135680993415,1,0,3,0,14,1.9525905883163226,0.0
1347.4592114831428,139248.7440130545,19989.34466127078,7,0,2,1,12,1.602375927338849,0.0
1748.0678286754005,181301.2366979898,62008.7932149913,4,0,5,1,10,2.714867667500262,1.0
2082.9669829033883,121017.57966233106,31396.58667190294,10,0,3,0,9,1.1451603905357826,0.0
3616.059542007097,77139.44556563199,15765.351539611742,8,0,2,0,21,1.3278690567213012,0.0
2582.1041614622195,179613.04051025354,41755.73696189486,3,0,1,1,2,1.5197657861542955,0.0
4720.647824927036,122050.38066022481,53214.93874407674,7,0,1,0,9,2.6369640215740633,1.0
257.30794950193877,184043.38988642982,6451.656989819392,7,0,1,1,15,1.2954779803174508,0.0
2540.1881970285394,36828.528371598804,25454.885481293244,10,0,4,0,24,1.221590212526217,0.0
2941.9127047170045,97577.67776201003,65325.535402595306,9,0,2,0,19,2.4901802075870503,0.0
4604.975081067656,191126.85312161958,43058.83162898495,4,0,2,1,16,1.469192200120514,1.0
293.3346919260665,72440.51576891146,5724.199568345639,10,0,5,0,1,2.1622787902729264,1.0
2888.822945429319,190061.16182654374,24710.227406151964,1,0,3,0,21,2.688977065558851,1.0
4275.468146213388,192163.4183919725,52213.83051041545,7,0,3,0,18,1.0639083909932605,1.0
1247.542254190221,179964.19341839637,18350.679157507904,10,0,1,0,5,1.6608534502364503,0.0
4387.64712519349,125823.56766586078,66709.13827889491,6,0,0,0,7,1.7173995292344366,1.0
144.2648759077445,139979.70634370856,55096.344845442145,1,0,1,0,1,1.9207005684969765,0.0
3675.650414211962,177834.88973647775,39296.18769298007,9,0,3,0,17,2.796180118291205,1.0
4668.910444784832,161902.50400616135,73503.03114214244,10,0,2,2,15,2.951507887842374,1.0
3303.128425118308,137115.95440741995,33168.65936119895,8,0,1,1,8,2.502834719043301,1.0
2223.1947577032174,196984.09933801944,21100.652613434566,10,1,3,2,14,0.5748033859751487,1.0
272.16103153995425,146565.028176728,53928.03042455597,4,0,1,0,8,0.7926071421871603,1.0
4604.563375947012,195831.9387161194,47143.729435201436,5,0,2,1,16,0.7941639318140521,1.0
2377.966302323295,39756.04068320543,28814.088371704336,8,1,3,0,12,1.8290295742559497,1.0
193.53388446294264,53623.26302617612,29462.171221946242,2,0,2,0,24,0.6078560154833872,1.0
3464.6143030773715,106748.0038200834,33662.19376482584,6,0,5,0,7,1.7792717855527302,1.0
2435.094405202478,95429.50835033358,25417.669695911434,10,0,2,1,5,2.379557863593348,0.0
665.5093213399331,163064.9230306947,57688.588289791034,2,0,1,0,1,1.2548172477763586,1.0
1110.6454560857849,57304.38449976464,53154.59718894281,8,0,1,0,24,1.6735461640209013,1.0
369.22886825643906,195936.18044895306,36939.87924607223,5,0,2,0,11,0.741453531115656,1.0
2892.7530215574393,83561.19879435538,33634.81003500126,10,0,4,0,23,0.6721875875143469,1.0
3129.045922297446,102917.0303158271,31108.947740697295,3,0,4,0,12,1.834468006431611,0.0
2553.4243768594497,76706.65551480389,24827.060747203523,2,0,5,0,14,0.5303885274722213,1.0
4094.655558362944,128491.81494551303,9598.643063093572,4,0,2,1,12,2.25860519890876,1.0
4311.993665474667,39966.87907183927,23651.760785232542,8,0,2,1,12,0.8548006630047371,1.0
3097.340763581477,55445.17594697629,27732.50384936601,1,0,2,0,3,2.7357086808388758,1.0
113.1445745517812,156785.60958118312,45171.668482431436,10,1,2,0,7,2.6256691224294646,1.0
3491.3867959512913,61705.099178816665,62581.71519900983,3,0,1,0,21,1.0664945569146633,1.0
2119.0961237557403,70037.45676463269,33469.06515222044,1,1,0,0,10,1.0876424680200907,0.0
2849.509541970616,164806.98007322242,75746.28175061107,2,0,2,1,10,0.5918199220478875,1.0
3262.9489799934777,45861.200320733114,66705.9471849695,10,0,1,0,4,2.9589652169556926,1.0
1783.67124091903,104370.54987104295,78829.74228704837,7,0,4,2,17,0.6382289422299815,1.0
4589.637600600381,33920.77578952859,70467.6341601941,1,0,3,0,10,1.699079387251106,1.0
713.1755904114169,88957.25788404365,50487.898096822195,9,0,2,1,2,2.623074398186359,1.0
3373.9834460411353,148826.83844382828,49082.90516188736,8,1,0,2,18,0.9005512071463848,1.0
71.57992078507311,45317.55755192881,12973.511760074713,1,0,2,2,2,2.427673248000475,0.0
4627.022971755645,181016.88655238922,58624.742164650714,10,0,2,0,9,0.9219793385319098,1.0
606.8954595285529,184614.83729992172,49215.92803463569,1,0,2,0,22,1.2615471840724015,0.0
519.6769392304944,47848.36377127297,42033.77196149082,2,0,2,1,13,1.1390421817936554,1.0
1698.387783608609,198424.51418388204,56383.089186911224,2,0,4,0,5,0.6176606373292721,1.0
1899.153115893449,80580.02407723312,37191.683898525516,6,0,3,1,20,0.8073229209405084,1.0
1110.785357998249,44297.284092373025,43337.19400543804,1,0,2,1,9,2.188370599878928,1.0
2946.352221589267,30861.409464534587,33673.12746985073,4,0,1,1,15,0.7151966196321462,1.0
2242.4247853077195,99448.89227985663,58237.558789543116,7,0,2,0,23,2.938984910921043,1.0
219.1691657533827,137067.69757004,70499.0447321874,9,0,4,1,21,1.1522349592806154,0.0
1632.277708163738,86470.47248356327,67745.0603132104,10,0,3,0,22,0.7740730119210399,1.0
4061.642922187194,172241.95213068585,63523.9459478091,3,0,0,1,19,1.430927832248297,1.0
3464.0225975662493,151823.06684605853,4061.6532499304203,4,0,3,0,18,1.190188982703038,0.0
3638.1107252204083,89527.46043456555,73214.79571856438,5,0,1,1,10,0.6961308970172643,1.0
3505.6787742134416,154832.6433234628,24165.430495701334,5,0,2,1,10,2.1415191397529245,0.0
1589.3164558460148,189882.91528477246,71373.99360817995,2,0,3,1,4,2.4442271934834077,0.0
543.3364142800406,45826.319752312906,18166.543937881994,5,0,2,1,3,0.5053034621473593,1.0
1398.7125609638251,82037.67322679487,36852.72285970477,10,1,2,0,20,1.9297033080629626,1.0
4167.337235916539,108765.40964983786,60703.70716317235,1,0,1,0,11,2.1139375897544133,1.0
4903.330449026202,114658.32171831066,52301.47878634229,7,0,1,0,17,2.958382916453901,1.0
2494.542722970729,122173.25963063251,35025.9892282661,5,0,3,0,1,2.150710752854759,0.0
98.01675686905898,81106.57411157025,55254.036969001434,6,0,3,1,22,1.247013623501625,0.0
743.2218200644337,143434.13981699935,45269.11227359124,9,0,3,1,11,2.1738158525232283,0.0
1644.2988478155155,139664.36560007103,24231.695610935985,3,0,1,2,4,1.1921629784840475,0.0
2913.9974755351013,128229.65606617436,52767.36730327976,1,1,3,0,16,0.8489560644467532,0.0
421.7135467363041,49339.49269084902,18727.025648528303,8,0,0,2,2,2.3535953740493625,0.0
4719.618628613914,111084.54148631057,56437.097887955744,2,0,1,0,3,1.7096943241803524,1.0
1857.1641827577835,90558.57087319385,3239.537576989696,2,0,2,1,24,2.8796709021318905,1.0
4567.291878727874,113476.53987248085,45255.48355965627,10,0,2,2,6,0.6555329995999399,1.0
3913.5829236472578,186717.2940375544,33882.20732182286,4,0,1,1,18,1.698599159423443,0.0
3789.4144989521265,111690.32833692941,26338.990582749942,5,0,0,0,23,1.1273874675994915,1.0
3053.2619199220485,32376.734612717013,42709.51347706709,1,0,2,1,18,1.7624136163730315,1.0
3152.579894406631,104602.24547430225,52688.99570526338,3,0,1,1,1,0.606365122707543,1.0
3208.1160143204283,169510.19060839497,77329.0444984368,8,0,0,2,5,0.6011409496298077,1.0
3162.1708657766317,162610.35694708859,67145.96572138352,6,0,2,0,12,1.8403722333666102,0.0
2790.954745421888,117276.31249979077,58220.54099745343,3,0,1,1,5,1.383000191544685,0.0
4932.7493914903,72460.7321860836,39880.452199294275,7,0,2,2,1,0.5573910307435224,1.0
3674.8383087571956,109065.07269547267,33195.09721415528,6,0,4,0,18,2.021740260889831,0.0
3895.8846225429797,125829.37730109258,5504.783403121785,5,0,1,0,20,1.6098425557653002,0.0
4368.690934664187,199978.14450660275,30650.46153554671,8,0,5,2,5,2.9424645348641363,1.0
1117.4168254929534,139510.27532879415,68325.03967779147,8,1,0,0,18,2.5812075402049928,1.0
464.83058752055086,148025.0381106443,32569.892812174327,3,0,0,1,3,2.3254148875278426,0.0
2440.327461163063,113547.20440656882,38542.044927785275,8,0,3,1,22,1.6981078863219863,0.0
2594.6994433154023,90263.22363303008,23931.250649917667,10,0,3,0,22,1.7122204385490867,1.0
4154.449810752093,168202.00722002503,24108.22242862924,9,1,2,1,1,2.8501323009326693,1.0
2246.728717447562,114138.49513767015,7764.125588664627,10,0,1,0,10,2.32903603564377,1.0
2875.722476444348,199097.32209396927,50262.90227272466,3,0,3,1,24,0.7255287555907073,1.0
2659.0011456416187,107710.4976255675,37501.34403449167,8,0,5,1,22,1.5895862571546675,0.0
239.10377959908573,41560.04822008815,49658.982176791185,8,0,5,0,19,1.5453001038102423,1.0
3095.313738154724,146038.28330531408,45110.29130222166,7,0,2,0,18,0.7810216831257593,1.0
4148.814264582548,37929.04665738788,64511.033221882455,8,0,3,1,15,2.6139150685206443,1.0
829.627712975229,72585.27147039956,60827.917247983394,1,0,3,0,11,1.2038360749930397,1.0
2991.942082936649,90135.50297258358,62401.946691616715,3,0,3,0,24,1.4342956315734683,0.0
2988.372195009751,155712.20955562568,41441.403534509016,6,0,5,0,3,2.949281969168997,1.0
862.7155720789758,114020.10748929418,30248.86405425265,7,0,3,1,7,2.205148785872301,0.0
661.1446899671433,34869.80832274362,74874.61747103736,7,0,2,0,7,2.5146455045691334,1.0
4901.257117733599,134864.47471690679,7178.772576174654,6,1,1,0,12,0.7631619205561677,1.0
1998.9098897825359,99944.1603625326,14751.840704467733,4,0,2,1,1,1.850026579685038,0.0
1175.73755718147,186711.8666944082,35309.13009760126,5,0,4,0,22,2.2888976050601952,0.0
898.056495049156,114925.59289384002,50274.739247736856,9,1,1,1,3,2.533129462715937,1.0
3354.6284822370135,150525.77480968763,3631.4288601175667,1,0,0,1,14,2.7120440261947403,1.0
3066.75422177003,67207.64369602298,58387.85708695793,2,1,1,0,19,0.7246881004459591,1.0
3235.5830087877166,159365.50597038103,46021.94379482343,5,0,5,0,21,2.3481949374898514,1.0
485.6298361816887,152562.4027822243,40322.112418123244,5,0,3,0,22,0.7453795426390959,1.0
4472.996188317263,183693.8904520224,35609.11798974585,7,0,1,2,9,1.5103713249613286,1.0
1976.868664204789,35749.67909226387,43000.50144402809,8,0,0,1,13,1.615503303037737,1.0
1601.1785618302717,106075.1185949667,15457.501555094565,10,0,2,0,5,1.2166343949373815,0.0
2338.689163876309,145456.41846573714,11370.803924327654,6,0,2,0,3,2.6582813675482293,1.0
1980.82702545076,46177.863013636554,25302.08586389156,6,0,0,1,17,1.9658987092939226,0.0
4324.706165538772,99802.6914153151,57631.86898287,5,1,5,0,19,0.8513138423621293,1.0
4649.841827229566,190164.9225212532,48298.16705533322,5,0,2,0,4,1.4317973236767063,1.0
1552.0934214255508,104108.8634514918,39969.47235666397,8,0,2,0,10,0.6970493458938758,1.0
4326.4822469267765,197518.81319170733,47007.114373988945,5,0,4,1,23,1.7364543955285336,1.0
3918.5394911886824,39662.640383569335,46062.867004029424,6,0,1,2,5,1.387093072819415,1.0
4657.497978106571,152031.06194395153,26642.228262724253,3,0,2,0,19,1.3045739462757635,1.0
1266.4640453201448,128772.76016220581,10504.10793784389,5,0,2,0,9,2.607991216687256,1.0
2905.9477930988464,115091.74511246133,72052.2423870549,9,0,5,0,22,2.624205034755604,1.0
1408.9956944652008,195044.0582524516,49193.167222041426,3,1,1,0,21,2.198452501214547,0.0
4129.267727897653,52040.56808349187,56726.595975425575,8,0,3,0,16,2.7982524658380648,1.0
76.35474332676807,182319.82178575528,38727.786276255545,7,0,2,0,23,2.1367596070871477,0.0
2845.854856287661,147510.86989322375,61249.00465819532,4,0,3,0,12,2.04751436900081,0.0
1729.0569847959941,74029.33246093756,48006.28932635737,5,0,3,0,17,0.7342011639290822,1.0
1647.28435003521,183283.75475748986,7142.686401483648,8,0,0,0,8,0.5261005527383473,1.0
3242.286303131339,102980.13603637225,71537.47172531422,10,1,1,1,23,1.0246810762811633,1.0
4264.84802410427,168418.64577242205,26526.28330266729,7,0,1,1,13,2.46694521748661,1.0
3065.517187396965,96102.207898058,13617.589861442833,10,0,2,1,21,2.8229906024024465,1.0
4273.2062443012765,174658.24066365097,9779.157593232314,10,1,4,0,22,1.0740792779128723,1.0
1359.7557038110983,138226.95013565826,58473.904165842534,2,0,0,0,15,0.9215071026602444,0.0
2621.5341810866566,53977.92770923361,57205.5642439357,8,0,2,0,9,2.5889456124263557,1.0
2280.1558683820263,140442.7377898197,56912.48361062184,8,0,4,1,1,1.448868902065671,0.0
107.64225254032627,62528.60965931835,73512.96349648057,9,0,4,0,15,2.9447148502036047,1.0
2806.2201085466636,100026.84674200765,29868.612693819163,2,0,2,0,3,2.9020543723335908,1.0
3324.5454045235656,58950.24932284573,46207.245339637084,4,0,3,0,15,1.33585253452044,1.0
2979.976301874397,33742.73966341016,50701.15989056491,2,1,1,2,11,1.8996000246686053,1.0
3694.5854989779364,66020.71170649277,78420.10079961762,4,0,1,2,9,2.19932067346466,1.0
2878.1306658427316,121183.24403310138,27050.65306633157,3,1,0,1,19,2.0999397571826446,1.0
380.4137615112467,111865.36452214883,76637.50239260342,7,0,2,0,22,2.9386166814576593,1.0
626.4053442193216,115254.50624113083,14452.543647343366,5,0,2,1,18,1.3977442313712674,0.0
3002.5491588425643,72106.76933592223,61828.112114143834,7,1,1,1,21,2.3147713927389963,1.0
1411.147000269519,146477.40410441166,51732.21430157178,2,1,1,1,24,1.9524709933349798,0.0
444.2433887220909,149724.75875945878,65900.99486994304,4,0,1,2,18,1.801500515402787,0.0
2176.5335800703065,90854.53034514314,5208.78917026823,6,0,1,0,24,0.8709021657859274,0.0
2793.896860514094,179798.91504060963,9016.090306307298,5,0,4,2,21,2.384040114075637,0.0
1677.2926423305526,139483.94682804315,8366.57502682423,2,0,5,2,3,1.493914816499988,0.0
3616.1468260176007,151216.6767939674,48657.87807329116,7,1,0,1,13,0.8231802293886352,0.0
3236.664510101161,77147.7860496197,49426.077203316425,2,0,1,1,6,0.5285298383953361,1.0
1697.4508874037763,30103.977976449798,72770.07648033317,9,0,4,0,6,0.8713488689177615,1.0
3786.619018097375,177113.85405735864,39005.47061792026,7,0,0,1,11,2.2259794092185414,0.0
3261.0404605385256,169812.14537856745,8239.777235382224,3,0,4,1,24,2.371890030527907,0.0
3205.3546246536152,50942.62096728114,19133.763924933686,6,0,1,0,23,0.6146788683051505,1.0
2789.467118895987,93597.87294257211,3621.6283009739036,5,0,2,0,9,0.8869150807920083,0.0
106.37885703833633,142427.68242605904,62807.018434887184,9,1,3,1,17,2.9980303571965554,1.0
3497.710558210601,140858.8457271838,65801.15663981964,3,0,1,2,24,1.5346555503638535,0.0
1911.4068659903246,176259.5569174546,79841.41205387848,2,0,1,0,17,2.7375168291592282,1.0
4715.918065285345,53845.58747802285,34738.972577088265,2,0,3,0,9,1.5170114576305147,1.0
4099.024616832166,103089.75712347019,4485.974905922623,4,0,5,1,19,1.822611590186147,1.0
2959.0876241799956,46528.15104749221,21074.200874758662,1,0,2,0,3,2.6890232150083113,1.0
1298.3008100053837,96231.19223456678,48258.20281007378,9,0,3,2,14,2.9746534616485523,1.0
1058.4010967244494,32568.265749909744,77069.60846306071,3,1,4,1,15,0.6774904014163938,1.0
1734.9049465038681,182706.42106872157,10975.548463251162,5,0,1,2,19,2.080570620571226,0.0
2409.0113207210916,119597.47946087578,12361.122552377194,2,0,1,1,1,1.6711551445866542,0.0
1515.5242746927881,174466.3843364001,57035.441866478606,8,0,1,1,23,1.8479994771309975,0.0
2598.9010021927897,40183.79917057184,54374.94323665932,3,0,0,0,4,1.0042997759507406,1.0
868.5836062902704,68667.87878039651,22288.989359011146,5,0,3,0,15,2.7358849419769182,1.0
4889.678423486224,74094.5991876007,65612.14890811796,7,0,1,0,15,1.2169772853493894,1.0
584.2265470767196,95737.55408859397,12915.964171764666,2,0,0,2,3,0.8483827958824084,0.0
4663.123491289141,166487.28330758284,74282.12204781051,3,0,1,1,5,2.2721351397045653,1.0
4572.21115644334,95714.83853435375,18479.45863559645,8,0,0,0,1,2.951060338973334,1.0
2650.534385006515,64791.100039875586,9264.132699671383,10,0,1,0,16,1.1009421879759702,0.0
3638.3058455886176,41048.34425759063,29143.200658486807,8,0,0,0,16,1.6724322474861246,1.0
2208.43907496431,43513.59721995687,17463.77921715996,3,0,4,1,16,0.6619327072145162,1.0
3168.671158835069,159208.02501336616,43574.47432777454,10,0,3,0,15,1.3336887539646436,0.0
1735.8508902345375,105616.50847622761,55887.18337762291,7,0,4,0,5,2.5144579202113353,1.0
1540.7371479379544,153450.7907400026,40800.96154282842,2,0,4,1,2,2.7038883109389857,1.0
2912.2374415390927,145988.81069982858,53866.76454944528,9,0,4,0,8,1.0859045700547938,0.0
2515.7418872107028,53011.61849924382,31098.8796087988,8,0,1,0,15,1.8685790690162334,1.0
2918.705027292406,54290.94881268543,5150.039987375279,9,0,4,0,9,2.4620664164065658,0.0
1468.9698773707637,158408.14262380276,78002.93756533648,9,0,2,2,9,0.5462380889433767,1.0
1866.4412674941266,152615.60989252094,66094.83984957964,7,0,1,0,3,1.0307608123165646,0.0
465.2949051131011,94265.23036863277,8653.24945451636,4,0,2,1,15,0.5933473654377348,1.0
308.7680427474183,43161.784766582816,37586.58250403775,5,0,1,1,24,0.8170603949700046,1.0
1304.6127918814304,32056.663688736873,51896.46839553435,7,0,0,1,18,0.9441602078441385,1.0
417.52195368620147,78986.68140849663,17675.758834093118,5,0,0,0,17,0.5739554229843603,1.0
563.6848077419664,31567.78650982858,47505.123074933406,10,0,2,0,1,1.5947008242738838,1.0
4073.9956066999885,69112.34558762958,44090.9435950619,8,0,3,0,23,1.5313707192152222,1.0
242.42480023261203,101315.12583592755,19036.419517172268,5,0,1,0,11,1.2291940227834017,0.0
3311.7668299769766,50640.68010303221,13873.193814363902,5,0,3,0,1,1.2955796304347338,0.0
1399.1608566362324,47727.21883136286,61440.09630063508,5,0,0,0,6,1.8428331709119965,1.0
4364.151119505226,182394.3640721852,27839.156353521797,4,0,1,0,24,2.512024103467491,1.0
2450.711808658623,129529.90493389117,21791.121105852737,7,0,1,0,12,2.9377945393224842,1.0
1562.6034736727374,188857.46674967284,59816.633166061125,2,0,4,1,20,2.542130129477133,1.0
2612.312731662701,88790.44784356546,59677.28928576961,10,0,5,2,18,1.4745485481948448,0.0
1940.6921942740807,145114.63934595772,24282.927537889645,4,0,1,0,14,2.6888340103025263,1.0
2843.2902701156595,64797.584685704365,70187.77151639274,3,0,5,0,13,2.5604585434850637,1.0
616.9376982154238,135117.85393759,55995.262710570365,10,0,3,0,11,2.7805568365306956,1.0
4985.102988922128,52029.57410169735,29623.844772258435,8,0,0,0,20,0.6638973367521359,1.0
2156.501594598752,30353.70865996858,35916.70306421874,7,0,2,0,18,1.383734195835252,1.0
1773.741666551475,188360.40623962844,58956.64581665757,3,0,3,0,21,0.6163257582221513,1.0
3565.538749165511,124332.04394978558,19291.955132952884,4,1,2,2,18,1.303606749852044,0.0
1851.3020621518958,187579.9126729467,39094.58102059225,4,0,2,1,17,1.2015027088633639,0.0
4174.70780989235,86751.35902935224,53323.99235387367,10,0,2,2,5,2.7760786588196757,1.0
2298.6400855841052,85723.63175749866,44541.388196670916,7,1,1,0,6,2.8623024422315,1.0
3611.8141456639028,98111.35030141538,49841.28263464598,8,0,0,2,22,2.2376787191799017,0.0
581.8934213873384,150026.9672728886,45058.36245971203,4,0,2,1,8,1.2069915017354718,0.0
4238.289968497804,126187.46781164962,18340.513171831546,8,0,3,2,4,0.5173063357400588,1.0
3691.804034551644,187310.33420685006,34585.811562891846,1,0,3,0,1,2.176386804540723,0.0
1097.9980533867301,34324.95319251469,43962.88315177102,9,0,2,1,15,1.7484986070730537,1.0
769.1657482416439,150393.30945533118,63064.83116063785,7,0,1,1,7,1.018369263683725,0.0
1615.6471261918407,86155.70719231424,53350.62626205478,4,0,0,1,16,0.9394038675631362,0.0
4881.549400857926,60639.7208091384,35847.50277931698,8,0,4,1,6,1.8996830600017747,1.0
1321.3162941069402,116767.25582841682,78028.7870762542,10,0,2,1,7,0.8256268407368992,0.0
2307.829684285835,115860.84331059932,11300.255169338838,2,0,2,2,24,1.8726537411095436,0.0
198.60011730081476,53291.874877032824,18923.974878732566,8,0,1,1,21,2.79006979747025,1.0
2016.276271352851,64322.32954259127,29281.07097243813,10,0,1,2,6,2.478678666251311,1.0
2878.0340763938584,99387.99303326433,20600.049928069082,6,0,0,0,13,2.8535731297225286,1.0
4767.9668319144275,99497.94010669361,51159.03375406287,7,0,3,1,2,1.1206976272219538,1.0
2607.843422453319,83984.8837353464,6045.406158891654,7,0,2,0,5,2.880248990439525,1.0
4104.581264579554,55252.67575669676,16662.632389053026,2,1,2,0,3,1.687959715662816,1.0
2758.281830716058,30743.525447166518,25587.73729971254,2,0,4,2,21,2.0766572363838742,1.0
251.8858165058146,194939.9606127635,55617.62468110737,4,0,1,2,9,1.2349347418800243,0.0
1609.2909621893814,190394.86904966758,70441.59595874685,6,1,1,1,3,2.985603713488596,1.0
2898.970063763961,112220.56445994298,64483.86633258519,4,1,1,1,12,1.594411370349724,0.0
4755.440131359065,199158.79805675097,17020.231860269625,6,0,2,0,3,0.9687953369785982,1.0
4302.695280768605,144521.23623298135,46536.243399962324,5,0,4,0,17,1.9348459416214059,1.0
1180.3602901852958,41705.781393282065,5311.743691540917,6,0,4,1,15,1.1389491100704765,0.0
1139.5436585948594,50012.093844046656,26911.33170217031,9,0,2,0,17,1.5899595636724446,0.0
1045.8061872138087,185738.8434578384,65060.75220178116,6,0,2,0,7,1.0201333164197017,0.0
4616.369536697391,137108.87436543684,38163.25995823714,6,0,4,0,9,1.466912897837033,1.0
4270.697457853517,173341.2165317497,14545.481815239262,8,0,2,0,18,0.7313146964031401,1.0
3885.6729896520965,182705.84043775353,36768.61037460007,5,0,1,0,2,1.2119855141627138,0.0
1994.0388154099264,106150.14191800564,18248.535260591576,5,0,3,0,17,1.1219138238532391,0.0
2546.6844862788957,38249.41176803782,33275.74225552514,10,1,3,2,21,2.8693296342889023,1.0
2348.4421367360064,62007.65931254475,40563.17740158394,1,0,2,2,23,1.981445347051233,1.0
1304.3206324188945,41317.231041413965,29915.97466334919,6,0,1,0,14,0.5663698955607641,1.0
2549.8888284363966,62085.77376874625,75146.60918340729,1,0,1,1,17,2.784202830982596,1.0
200.9579118711346,99790.59749749905,46314.83291184141,8,0,2,0,11,2.1108910986631844,0.0
702.4613488124229,50093.45778754752,67902.73589391104,10,0,1,1,24,1.3428830583358426,1.0
4438.618501036284,58344.65212690836,61576.09812327968,9,0,2,0,1,1.4160098433935768,1.0
3770.814846805545,105789.70295218547,53909.80581361879,6,0,1,1,1,0.5785458812168455,1.0
2143.198624842481,87829.06156604322,41260.433619298834,9,0,2,1,20,2.9358085332392183,1.0
2609.894293305192,109501.88111196697,3167.3813511822377,2,0,0,0,15,2.65121000155966,1.0
1881.4944855018882,102959.24471904055,50237.00524251045,9,0,4,1,2,0.663492062005593,1.0
3716.8603424453286,139561.2644165802,30408.723881192323,4,0,1,1,12,2.203902501095599,0.0
3931.726537198794,189322.22330889525,12067.686843701547,3,0,2,1,13,1.623060655047029,0.0
3828.2616915056374,48336.937535521225,37236.222298129986,1,0,0,0,10,2.5207454639850937,1.0
3626.9280379305255,46874.225382563134,59637.605815814466,1,0,1,1,2,2.0584110742368025,1.0
1062.2964765293393,174977.03888545334,77049.19019180021,8,0,2,0,23,1.5320231151222852,0.0
1722.95139724037,116087.43979091806,31806.076616400314,2,0,1,2,2,1.5910343403414056,0.0
2375.734903169191,160288.85400663517,44789.694000283205,1,0,2,2,17,2.128930866742662,0.0
1687.4253075668953,66621.72361323785,68545.81751899605,2,0,0,0,9,2.136778129035842,1.0
3786.9539907837284,170906.6374384838,28717.95533615114,3,0,2,1,14,1.8940824429042722,0.0
1680.2999450372756,187053.92611275832,13953.807862752785,4,0,3,0,11,2.7104015071847045,1.0
734.248829587419,138032.112642903,24704.901004917057,9,1,4,2,20,2.448319823425891,1.0
2025.250237639105,47999.43365054638,72232.45789524587,7,0,2,0,12,0.7965953202535307,1.0
4900.5764422727825,182200.1184065776,15273.269351561506,5,0,3,0,7,2.6796958109871074,1.0
1168.1129940212006,164722.91365291213,28350.021697522217,5,0,3,0,1,1.0044682447129785,0.0
3080.185361768984,157649.22200746328,38777.30390852623,6,1,1,1,24,2.876015118925245,1.0
2193.216596706546,36243.79211400564,68227.71820880084,1,0,4,0,16,2.518285115620089,1.0
401.5716098641668,165823.6292936851,75203.92284127905,6,0,2,1,15,2.772810093607904,1.0
2464.9891996903943,53451.671779620694,35787.393841760626,6,0,1,1,13,2.1914045424453095,0.0
3525.7134268091468,67805.64995347103,74760.4617232207,5,0,4,0,6,2.1288942383123794,1.0
2590.4388803477027,128112.92192777379,15432.3503040471,10,0,1,1,2,1.1227737132263778,0.0
4366.925015545577,75046.73139587013,15077.626476020521,9,0,2,0,9,2.065284461761508,1.0
1480.238232455034,142429.19507302635,76092.31311187944,10,0,2,2,1,1.5506218685119828,1.0
476.93339795462634,133371.97610884387,42245.3702816815,10,0,2,0,9,0.8834815354184834,1.0
4685.99977770713,48385.43166225465,17314.903322254453,5,0,2,2,10,1.4002529917421294,1.0
1922.071930164684,141522.47853055608,40575.25853431826,9,1,1,1,2,2.1553595894767548,1.0
2903.2074796954853,187072.3346702381,63307.25896418696,10,0,1,1,22,2.6892213622147993,1.0
3970.41547434447,57388.68388159163,66672.86816071132,7,0,1,0,19,1.5951468685431567,1.0
1655.3526361841239,131500.54356029085,69525.63276199166,3,0,1,0,14,1.2249310664230375,0.0
3595.014463979175,88117.11322923799,46856.95953773123,9,0,3,0,3,0.9025257185808234,0.0
720.3233065982488,108133.98420151268,69754.84310632678,10,0,3,0,16,1.5075163539181464,0.0
1491.9040486672511,78790.03044342488,42272.32607785061,7,0,2,0,19,1.2113425912032496,0.0
766.3176488757736,90202.20817910819,49743.61248411296,4,0,0,0,9,1.6179846443983323,0.0
4065.5912640867214,34915.00995531474,61421.42477491668,9,0,2,0,2,0.7518618227836875,1.0
1152.1137143725875,196863.7954459275,35758.51753870916,6,0,1,0,4,2.3387000866910173,0.0
3601.1475992557907,136215.9867523672,8665.774509685656,9,0,3,2,24,0.511057200321021,1.0
4719.3270663659805,115119.9503839605,29962.809478042716,4,0,0,1,11,2.2489474129989224,1.0
2662.4724348909413,95231.60941505554,51043.70469328895,10,0,2,1,8,1.2665847365714766,0.0
2723.144501690404,121693.6750000847,17809.592462239718,2,0,2,0,16,1.398110880810038,0.0
2332.1161620841694,94618.01978168669,14425.672989472283,9,0,5,0,5,0.9279122479541495,1.0
1663.1562097985316,91184.34767392447,25567.2019335407,10,1,0,1,2,2.9204475517745334,1.0
2404.49240307834,108870.91209274223,5472.582595392245,4,0,1,1,15,0.6324061995685957,1.0
3033.897284720459,76917.11572410245,60243.56315269282,2,0,5,1,6,1.207635769348369,1.0
4930.6582822447635,60608.48299435353,22921.101368502084,7,0,2,1,8,0.8672927017886152,1.0
4691.93456862521,124623.0026906499,12566.356541018164,7,1,3,0,2,1.7056681840802912,1.0
4317.657143550953,173270.12414555118,56832.96502918452,5,0,3,2,4,1.8999963441976295,1.0
4451.196151739049,55980.79021340169,67905.45696583317,5,0,1,1,4,0.9908003157648755,1.0
2365.8534572956128,35564.83790271717,4530.42088135694,8,0,1,0,12,2.1382618133015914,0.0
3304.3494195284507,71957.99667618614,20987.182347074315,6,0,1,0,1,1.88164745812428,0.0
4480.58027853426,196552.50938714785,75782.88901495792,1,0,3,0,9,2.6053153767773067,1.0
1995.1062867071976,170888.87253636768,32664.568466823694,4,0,3,0,15,2.766356235612784,1.0
4810.72426781007,131297.2290998614,75271.5888804087,1,0,2,1,8,2.236286443951096,1.0
2108.141007242456,187972.3155913331,24114.36545454216,5,0,2,0,17,2.0756825465805946,0.0
3025.3591936964176,105697.44986233159,19791.207939038763,5,0,1,0,15,2.013481512492599,0.0
3563.533330698241,197157.70243777958,19486.347703055682,4,0,2,1,10,0.9177951354875811,0.0
4755.430464725895,80371.34767027828,9562.606852720246,9,0,4,0,22,2.70809985596372,1.0
1260.850556558717,70851.97741770964,72025.28621520266,8,0,4,0,13,1.400535019201438,1.0
3743.348342281279,138468.19419499187,78447.2967427334,10,0,1,1,11,2.2285150386658983,0.0
2628.0371514132066,94286.17455156127,76497.17815991612,3,0,1,0,16,1.6016448581980436,1.0
1379.3578460721733,136482.14213596383,68606.1667667001,5,0,3,0,15,2.757256636357961,1.0
3894.2038569921333,81849.2381114566,68210.3688891251,6,0,2,2,18,1.518860152863742,1.0
2783.5002868605407,135046.10366245848,53903.580972012045,5,0,2,1,12,1.8999706879448512,0.0
3321.8204122158954,76876.86429945618,66618.45582019724,8,0,2,0,3,0.9686837705636617,1.0
1648.3602894606101,38665.25169921129,19042.362054414676,5,0,1,1,21,1.8850984652940281,0.0
2432.3060615466447,185063.10332694117,32869.272539808895,8,0,1,0,24,1.0064528679162001,0.0
3105.9035423909318,180144.88431848856,52344.39458369559,10,0,1,0,22,2.486284398593823,0.0
2054.308530635728,195035.68537635423,70357.39260724292,10,0,0,1,12,1.4182858786536685,0.0
1031.9440722461216,151809.6199576388,53856.148602396344,3,0,1,0,1,1.5608370904491073,1.0
4810.120436960755,146062.6002150015,67604.69079173385,5,0,1,2,5,2.1007850777033896,1.0
2581.7643232109563,125030.52191272123,39494.112720395904,4,0,1,0,20,0.7148923593899745,1.0
3682.9058329241175,51410.21077992886,58232.38780328841,6,0,0,1,8,1.2869677949766891,1.0
2084.6836081024876,62170.002861375906,78458.52209088167,3,1,1,0,5,2.833338143231138,1.0
1807.9022319272958,79209.84707433116,14818.618898991344,10,0,2,1,18,2.6552955696732417,1.0
2065.463277412269,181326.58163747704,74372.89330832352,4,1,4,0,8,1.0780310546467433,0.0
2075.5233867389666,59404.81918252277,43222.02398382651,4,1,1,0,13,1.7820873056074846,1.0
2743.6915739126703,186888.4396629414,52527.78836621447,5,0,0,1,17,1.9582953770909357,0.0
2740.1758564077477,118873.57461874092,70595.91353210948,6,0,1,2,8,1.2541113025232924,0.0
2510.911388620215,151646.83803042228,34543.3712865284,2,0,3,2,3,1.3690952242122818,0.0
717.1896353413185,48741.56273569631,35239.3282665339,10,0,1,0,18,2.944893474548524,1.0
2505.573618577629,75735.70329190485,43593.00139872673,8,1,1,1,12,0.8463340107365067,1.0
887.0643070822249,192948.16339084247,4470.860506257495,4,0,4,1,13,2.778355156707959,1.0
674.3721421640375,75245.49097805432,41243.295932638015,7,0,1,0,21,1.385613420963797,0.0
4666.596300838781,80408.69246649483,25413.719404555733,7,0,5,0,9,1.0976563672413717,1.0
3044.502565081136,63591.55542298351,74452.47204416717,10,0,3,0,24,1.1513414794969279,1.0
3314.475787716692,51942.523102161016,9755.61800398341,2,0,2,0,16,1.2082429872445375,0.0
2038.8786681501506,69653.79904717965,38367.675575524736,7,0,2,1,1,1.2172545938600436,0.0
4549.455414978578,139195.5716316357,75955.04911905678,1,0,1,0,1,1.1351037306046505,1.0
3207.755923419344,107412.5146956058,72379.71427452278,2,0,3,0,8,2.6062126059657618,1.0
3857.3908541417577,124138.49217744276,57003.83006284037,5,0,1,0,3,1.16948016167721,0.0
1874.3842216871835,50802.02089022413,48380.80100369775,8,0,2,1,14,2.6546005147548413,1.0
4802.058810054671,166359.796017693,24616.28215922869,7,0,1,0,14,2.923170870808295,1.0
4111.28338628366,163296.09909857417,31255.69768193902,3,0,1,0,17,1.1970717388973178,1.0
4277.044891921991,33670.284894254815,9940.384586067797,10,0,2,1,1,1.9127396092130455,1.0
902.3616237574837,95197.56606675184,63530.3389273843,9,0,2,1,4,1.6403707410029367,0.0
1391.2678789625365,41691.00233509513,27937.9721285935,5,0,1,0,6,2.616738271026505,1.0
1463.8516684337064,164657.9825005429,54419.206225325965,3,0,2,2,15,1.2707044514515369,0.0
1391.0006550720123,155335.84613136976,30534.797844293233,7,1,3,1,21,2.411932332596142,0.0
4284.270402416225,183337.97602983654,38753.443987512226,4,0,2,1,13,1.6890971790624218,1.0
207.82973628253094,70188.67302202948,45735.19037298241,1,0,2,1,23,2.077272240141801,0.0
426.6949454548328,107570.30013172582,64742.63544607648,5,0,3,0,9,1.9416245278329434,0.0
1405.8786096180233,61362.939117947615,19259.04107063239,8,0,3,0,21,0.6559866345294005,1.0
1039.371224514746,93109.93886060032,33704.93478589894,4,0,2,2,7,1.9714629420441274,0.0
1197.7050887200994,118781.35276637028,13016.281035669954,7,0,4,0,6,2.568686549331749,1.0
3999.818786803835,39066.23427256013,8833.558878936965,8,0,1,1,9,1.2210956653628706,0.0
2837.476639765632,151527.9698151555,49559.925424996974,9,0,1,0,6,1.506840776269433,0.0
78.56477340019157,122359.8712630828,17560.01041563551,9,0,2,0,11,1.0127818306215004,0.0
2175.1476902357663,170923.03292581448,7604.549328309608,5,0,1,0,6,1.0241154403194965,0.0
2069.0303879092767,76202.68520250352,72076.54070289322,6,0,4,1,3,1.2677057596329409,1.0
614.0290837504905,183564.58789577326,44142.21032347548,7,0,1,1,21,2.3842746140204216,0.0
3396.901853577213,199778.02301517536,13366.371970029817,10,0,2,0,23,1.7031964860380535,0.0
3525.381082478481,186280.73452420466,7113.811813461328,2,0,2,1,18,2.228001729353756,0.0
3618.4214343078834,162241.7208916362,12229.224112851522,9,0,0,0,14,2.8390570330715335,1.0
3655.9311805150305,168102.69648854274,39292.96750468729,1,0,3,1,6,2.325909439297684,0.0
50.26149331486916,127536.52123257969,54471.82464800513,6,0,3,1,2,1.4328962164032417,0.0
4771.907979041275,62326.156695143785,52378.56577392551,6,0,5,0,10,1.7767349596381374,1.0
4080.333396920582,145096.91647511194,14120.577642366385,7,0,2,1,19,1.1964801926578954,1.0
4524.709398116962,151168.01035018836,51778.64929150358,2,0,2,0,23,0.6643690829154523,1.0
127.43431177179897,197515.47384554398,34174.653064755155,6,0,4,2,7,2.1650400534788985,0.0
4672.60103913941,122021.22376357472,38785.271391058806,6,0,1,0,5,2.154614679195401,1.0
4058.4532170061184,76132.7325542596,64710.14128088942,9,0,1,0,15,2.640604528027592,1.0
4194.234757645558,146224.32869571616,28602.451696332155,8,0,1,1,10,0.8993093058362254,1.0
511.77255437374413,196493.88934329728,14318.92663157824,5,0,5,1,2,2.710690012091548,1.0
3706.9512431470584,60126.364405745975,70255.89128460821,7,0,1,2,21,2.4858851840861114,1.0
4801.58761372835,85419.64615105245,19334.054341708026,7,1,3,0,2,0.7681578479901608,1.0
3408.809340019895,122119.76214135578,25640.300032707488,5,0,2,1,19,2.956002080927094,1.0
2874.278952891802,58936.48792994082,57407.434535501925,7,1,1,0,8,0.5976339732487532,1.0
4730.866904857535,33777.50871838952,55633.37441343576,3,0,4,0,6,2.4870541480383563,1.0
2242.538752585458,87287.13081501261,64630.80163885481,7,0,2,1,12,1.5713572161210418,1.0
3016.5031532368694,177113.03625517988,17157.731391491463,6,0,2,2,16,2.6634334271826017,1.0
2407.8745527971128,37389.62788503152,30125.551785193653,6,0,1,1,16,2.320832261226607,1.0
4667.588795733481,102917.94003287597,12693.009399632103,2,0,1,1,15,0.6516576332126143,1.0
426.61939748926096,159574.13139743402,44660.01433198253,2,1,3,1,10,1.0999913898536244,0.0
2530.5425190854735,192041.0414748505,25527.935625479993,7,0,1,1,4,2.8810510374327465,1.0
3450.4145848579196,197530.81783075348,56048.04435765933,1,0,2,1,8,0.86798642805908,0.0
3969.937365190073,101734.79470348608,3026.5163348096626,9,0,1,2,9,0.6712222687418691,1.0
2935.942304848475,191565.33004444998,7595.590881387602,3,0,4,0,21,0.8856486527297509,0.0
4549.142833401197,36021.225457746834,36307.143139989435,6,0,3,0,17,2.3007052674520514,1.0
4712.857662075165,156805.87945975456,76780.18001011877,3,0,3,1,6,0.5990739819400205,1.0
368.38015480823844,139266.8258877142,71595.55682665708,9,0,1,1,22,1.582036728115762,0.0
2041.734170729803,72418.7157896459,79538.69516077271,10,0,2,1,16,0.7284396753977591,1.0
166.12215751971445,116244.14511554032,35095.92731453145,7,0,0,0,22,2.2178756430529964,0.0
1680.6124540034925,52024.135419284255,6585.773443078869,1,0,1,0,21,1.1324391683128354,0.0
2707.4976789544808,178171.51566176536,26558.622935521704,4,0,1,2,7,2.2116516372107378,0.0
4558.434906024247,90842.67454276016,55034.35561739426,5,0,4,0,20,0.938173876081494,1.0
4240.443896203744,136427.5599791718,13407.613352090975,7,0,5,0,4,1.4905891790457053,1.0
681.1236470263293,56991.96866883458,26097.85776452008,7,0,2,0,4,2.813636214640718,1.0
510.50035496743374,65048.02358730521,7324.794669954118,5,1,2,2,9,1.4600043047990927,0.0
2966.8733268455017,198632.58303653586,39572.461956048035,1,0,2,0,14,0.7850418130362933,1.0
2683.9839636709744,158024.68705502598,19086.89218252177,5,0,0,1,10,1.4248943401005576,0.0
1368.569325078618,193535.21786159204,10026.098071223181,5,0,3,1,19,1.6365260811633666,0.0
4502.292768541484,80294.6980860475,34663.61733015088,4,0,2,1,3,1.6461768846150338,1.0
4640.46372683469,57975.689025369466,30044.356136809933,6,0,2,0,11,2.2730843278720725,1.0
2042.926619783805,115521.63879140126,44388.86574480291,8,0,3,0,19,0.8117297301215873,0.0
4456.997657711925,114093.60797864838,60675.97645915021,10,0,4,1,3,1.6539093760312602,1.0
1950.5470266017146,59740.90733885794,11667.792704840902,5,0,1,1,13,1.1348778437079132,0.0
3697.243317557016,154647.32682883972,63916.670446170654,8,0,2,0,12,1.6112653036414024,0.0
2405.9139768612345,91502.18085458479,5024.328450388869,5,1,5,0,13,0.9326178721426138,1.0
656.7866247105558,61682.08925818793,37118.84649218028,3,0,2,0,24,1.0886583324904677,0.0
4643.274296123256,86437.17707235903,48232.13209021291,8,0,4,0,24,1.8821106025380823,1.0
2297.778137218806,125821.97893795258,76688.8978317644,4,1,1,1,20,1.253198214090389,0.0
3685.710849595898,153500.05847067534,47192.07306896303,3,0,1,0,10,0.8990150117721591,0.0
1867.510381434896,111921.45062977237,15223.687881896922,3,0,1,1,23,2.0490671319630422,0.0
143.46034895236158,119351.1482708235,42850.71901148101,6,0,1,0,20,2.59116640239745,1.0
547.6252755245878,53620.80911026723,33475.36393373905,8,0,4,1,10,2.553495936599554,1.0
2506.286423475126,185497.45720039945,39910.37870521876,10,0,2,0,1,2.5852557240905902,1.0
3465.3235677754938,187883.11365864755,18176.470128749716,5,0,5,0,23,0.5430751127319323,1.0
1706.9398665674314,146182.52037106064,41563.68225796793,1,0,1,1,3,2.215253673498316,0.0
3492.667872929369,32997.3395187842,14553.061850397517,1,0,0,0,14,2.9969683707594976,1.0
3508.246167688182,121302.61670356542,60291.317213196984,3,0,1,1,21,2.316166699713858,0.0
3534.4827412727627,136967.22525506432,48730.782037371035,6,0,1,1,16,1.1645686468691516,0.0
2487.9831774015165,199091.2179028787,9046.632252567313,2,0,2,0,19,1.910009483627345,0.0
4578.686443101445,199331.38238311547,71500.31403053144,1,0,1,0,1,1.6951427477031014,1.0
2471.522764004047,175793.91000534475,50461.229555404156,7,0,1,0,9,1.647553004962942,0.0
2278.812707808359,40851.268644439304,27340.24324484302,2,0,3,1,2,2.306622891801606,0.0
1036.9350541026035,192056.9864323841,6514.464763602893,8,0,1,0,18,0.8171637999633109,0.0
1572.8926824138657,134152.41201583983,51681.45557441574,2,0,0,1,6,0.7983991790228571,1.0
259.55573796560157,166150.7509814605,31754.90012382194,1,0,2,1,17,1.7661689709408044,0.0
3185.9997034000426,99222.7844465951,72886.59407564354,10,0,2,0,8,2.9348672410274195,1.0
1280.2519324391099,84343.81010988026,5685.593118991441,2,0,4,1,20,0.6538443615236446,1.0
1555.5685097030523,108751.50473224735,6010.887521352737,2,0,2,2,3,1.4263504260963817,0.0
3865.5318822383897,54968.66720470058,76096.04509183404,7,0,4,0,21,1.7721040252416949,1.0
1669.7448566491967,90701.24358806203,77295.29381732197,1,0,1,0,24,0.5031362110333272,1.0
1248.8696654650537,175794.97496060736,5136.151461493172,3,0,1,1,1,1.236693136311234,0.0
886.8358582118434,36451.58266434985,58134.55909048222,5,1,3,2,21,0.777102903479377,1.0
3885.549090800682,55649.26796018276,20055.103629320718,7,1,3,2,18,2.263857446376483,0.0
692.045977050633,51269.74714041254,57007.24300402758,6,0,2,0,8,1.597576793758945,1.0
2296.08111323925,98522.84225903876,69892.42534266473,8,0,2,1,2,2.0566238216456005,1.0
2559.304074582112,199487.77315144648,10764.023872395206,1,0,0,1,23,2.0060455115562608,0.0
3452.580067794287,59470.848135935055,21385.014090677236,7,0,1,1,9,1.3943992122009639,0.0
3184.7532375483274,54732.05043187423,4853.980461140101,9,0,1,1,21,0.588570706507459,1.0
4063.067331078615,185559.47406194627,6374.898099221941,7,0,0,0,11,1.1692785195564275,1.0
271.51959793487885,179948.58788421418,5280.5750827686115,6,0,3,1,16,1.7028904151005735,0.0
1517.381587658016,35480.86289941426,64652.541444833914,9,0,1,1,9,1.0067086176977509,1.0
1436.6638879381298,157790.01323048357,25968.536239169804,4,0,1,1,17,2.8442109078133644,1.0
772.7836826809357,141429.16925099303,40977.28084704316,10,0,5,0,15,1.5340433383424026,1.0
1481.4323565893935,160515.93767496053,63664.008296970256,6,0,2,0,7,1.380492048616334,0.0
1583.338305007372,114065.41731530677,41110.66202841729,6,0,1,1,4,0.768878306984528,1.0
2633.3280865410175,198534.46713621024,36048.096822093896,10,0,2,0,23,1.1903578766192946,0.0
3335.3371706849675,37453.99318086374,3891.1368996883284,3,0,3,0,15,1.9463094597826647,0.0
1936.4475423784797,69843.16968864697,46739.04169533023,7,1,1,1,17,2.5490720623469203,1.0
3611.377645001237,97412.81778551456,12605.217016555653,1,0,3,1,23,2.4335688719872004,0.0
1714.0184259689208,106462.25006616954,61877.91454090902,8,0,1,1,23,2.212741592673205,0.0
1486.9042027080636,186632.45845891818,22845.804733756508,8,0,2,2,10,2.831203154963119,1.0
2728.8808764922705,125200.741893134,54912.43063226644,8,0,1,0,12,1.10756193411224,0.0
167.3959835136635,37668.86923846696,52759.21164250031,9,0,2,0,16,1.0868687127645322,1.0
444.9561619883018,99336.70378236251,50484.02142561155,4,0,2,0,7,0.6166241959879499,1.0
2118.949240753309,100803.37010274189,23555.30458036383,6,0,3,0,10,2.2591503136847413,0.0
4717.417921389195,194133.45953442343,23565.91284251875,7,0,2,1,2,2.502787471833888,1.0
3621.4833102249468,131863.5054735884,69454.69934498241,2,0,4,1,22,1.1491750596378651,0.0
486.22651902776084,138060.6820970196,3986.1646125428783,6,0,1,0,12,2.4767358587233206,0.0
4239.274163265325,151253.01531271604,16977.242775954757,8,0,2,0,19,2.2724418091456045,1.0
3674.888814510496,160906.68366596097,49983.16065843285,4,0,1,1,6,1.8524628272060049,0.0
3074.1853022281334,137958.68193442316,65912.56158904408,5,0,2,0,21,1.8836790912942731,0.0
4110.450155015427,70323.03969276903,30592.604167810114,8,1,2,1,20,2.2627408159684013,1.0
2050.3437463276377,178587.80543799791,53315.14631303161,3,0,0,0,24,2.9953902498962,1.0
1146.430201726571,154460.36606980715,45901.044310758196,6,0,0,1,2,1.2977463698661476,0.0
2584.5157760883585,156117.9824664825,7969.588045116726,1,0,3,0,23,0.6817173673813954,1.0
2766.7666901876955,199414.64566990736,50874.76516366222,4,0,1,0,20,2.2488715841213143,0.0
2714.715541449065,166429.5109267637,65670.56736498201,6,0,1,0,14,0.5721224939426618,1.0
2847.115267826521,170955.73853637604,79418.52066305451,3,0,2,0,7,2.7371230974512866,1.0
4746.089345283945,191738.93767072694,5282.28559418266,1,0,1,1,5,2.9317638941344595,1.0
4516.115834326345,55692.779974311954,53824.47928895784,6,0,1,0,21,2.3161084585213745,1.0
4384.79933096675,114613.65400127154,34920.31559239309,3,0,2,2,9,1.3576305160594233,1.0
4017.0132139977045,128696.3940104339,3753.667430377807,8,0,0,1,13,1.0643031138046626,1.0
4719.969130963163,85976.8739678178,50305.792665555375,7,1,4,0,15,0.7755771669777451,1.0
537.5484763130461,172698.56846206594,12426.901988783933,7,0,4,0,5,0.5148744690142327,1.0
1362.3601441564106,159611.33567977298,32149.647464563517,8,0,2,0,8,1.576104701378612,0.0
2500.526930990195,152550.1226663811,23125.266121606976,7,0,1,0,7,2.1177811284775663,0.0
4240.345740960855,199515.40475888835,30809.581974874647,5,0,2,1,12,1.4408980386726302,1.0
2550.5702720375257,74094.8334794264,40937.55977557312,10,0,0,0,20,1.5954903739708886,0.0
3752.771959740864,155027.73278482162,30659.134001692615,8,0,1,1,24,2.2130694179904937,0.0
737.8515309821353,123738.76073400311,45560.35403539452,8,0,0,1,23,1.5225838657349873,0.0
1299.4483742339728,83208.16102395894,21376.02614792974,8,1,3,1,12,2.4335387431323934,1.0
3672.2916704364784,57299.76802293139,51922.856091985384,10,0,1,1,20,2.1058564507989885,1.0
865.4333439942341,182300.252301483,68739.75131761371,6,0,2,1,22,2.1784979768598918,0.0
1789.2118765418875,131227.43206033373,20253.162612471355,2,1,0,1,14,2.048277221560241,0.0
1361.0879761771785,170238.7523989351,42106.545620882935,8,0,2,2,23,0.7992921489189182,1.0
1781.8153864012684,122708.64728026262,52949.11341034143,10,0,0,1,16,2.210198053379097,0.0
3556.204042935953,67396.10371118333,46476.21210343304,1,0,4,0,13,1.9805808098266706,0.0
1870.843546656865,87383.29822705529,31155.007356801398,9,0,2,0,13,1.9356630905056433,0.0
2798.553446909304,94861.6032205029,52449.37751644262,9,0,1,0,15,1.9959478842938752,0.0
544.6627914193277,195398.9181256294,5174.95787817587,6,1,1,0,11,2.967685846257273,1.0
4034.8375815114077,30957.657324835025,31482.779863725344,10,1,0,0,23,1.590148791501611,1.0
1880.948696958218,197563.22391416618,44011.140527357245,6,0,2,0,8,0.765173460027619,1.0
3260.244087215045,196678.4779686712,4587.21323036158,6,0,1,1,9,1.782183532379785,0.0
3640.6785282260716,199345.63439012322,42088.95988569108,4,1,2,0,5,0.8748623127052984,0.0
1087.821564452917,111019.9904163379,53377.59347895338,1,0,1,0,2,2.5158893361600243,1.0
4429.141175519082,193847.52483556993,61458.99272390447,1,0,3,0,10,1.1240628919215452,1.0
3100.310045454417,97251.86091447064,11729.80426852614,1,0,2,1,13,2.989158817130407,1.0
2172.189451669833,34470.05491362574,79273.4953666605,5,0,3,1,15,0.9439891031220583,1.0
952.5591587121867,68139.02168319997,49674.91300280236,7,0,4,2,21,1.4450673966011844,1.0
4714.389642610973,190700.3616393554,30965.92203114941,1,0,5,1,14,0.8654043785394351,1.0
3787.587610451544,32339.997867017995,22180.149793166962,1,0,1,0,11,1.5480847503568587,0.0
1079.721585529582,122819.00302190575,47113.05834962292,6,1,3,0,14,1.7101357629354472,0.0
1721.6683348849112,42852.27011209544,70891.79683182595,2,0,2,0,7,2.358398767439847,1.0
4057.8875775359625,78687.41833268834,43083.53550288509,2,0,2,0,14,0.5034833273203747,1.0
3493.604432915928,44975.784621020735,53933.34828158194,7,1,4,1,3,1.0770098926766676,1.0
3840.6322489428353,176119.86558921958,30542.625844623133,9,0,1,0,10,1.1748058510258947,0.0
2233.9454559540154,130482.02064010999,32887.72618285089,8,1,2,0,21,2.001524526340816,1.0
3596.557500078726,183358.0991721132,25035.483144435682,2,0,2,1,6,1.1929863440616566,0.0
1963.1439281763728,147020.0439218388,57334.07166635446,7,0,0,0,6,1.7171020623089024,0.0
1095.7514388440723,195074.95231166694,30657.44161307551,5,0,4,2,20,1.7194400375531054,0.0
3181.751322464732,116679.20130926912,17685.16311117542,10,0,1,2,3,2.5261156353998784,1.0
4881.268931714031,138580.79889968867,31443.84397980032,4,0,2,1,16,2.6897410788100204,1.0
1587.4748084068815,127972.49938113961,68744.69500312224,10,0,4,0,11,2.9425802269179604,1.0
2331.799481452071,112324.27300592416,59845.4073554231,4,0,3,0,20,2.6019904952362505,1.0
3386.306786795775,173813.09212191214,28767.34502369442,4,0,4,0,17,2.694896002980953,1.0
2730.4560965063147,139569.27306396124,72824.29029242609,9,0,0,0,24,2.927441276536132,1.0
4224.967588759794,166223.08502543037,8762.112904044956,7,0,2,0,12,2.5685667556931713,1.0
3820.626397024104,163681.86922241026,6831.041938850528,7,1,2,0,3,1.011592335656474,0.0
338.57115911866737,62477.6773114002,12815.217318463578,4,0,2,1,4,2.4809115233331447,0.0
4992.185107922682,140527.8005279994,11967.01620111244,9,1,1,0,11,2.2738524425429185,1.0
3774.3921459113626,63940.163260826805,9763.24225595022,8,0,2,1,9,1.8896494408887359,0.0
4326.321415655861,129164.48130144105,53923.381123845415,10,0,1,1,6,0.9362379061302444,1.0
3273.4286748719646,145163.89635587108,49264.86323346764,4,0,0,2,20,0.6200387315075222,1.0
4288.611383831473,199529.96216988977,52865.62431479203,6,1,2,1,24,1.0428697190849703,1.0
606.2957258971115,35192.13628545552,56004.18617047631,4,0,2,0,23,2.6923609632480003,1.0
1771.3022860186122,45511.20699933256,61279.74094101235,1,0,5,1,22,1.1740553218986423,1.0
4388.283670842239,43094.53838310936,18952.6234164536,5,0,2,1,22,1.6174497990351764,1.0
1048.1932957711165,97721.41866534582,50917.37051907959,10,0,2,2,9,2.9939378045822886,1.0
437.29838797111256,169670.02145258832,47663.746768900746,3,0,1,1,20,1.7737303388483099,0.0
3951.188752728834,173489.57657381307,75661.82198686748,1,0,1,0,14,2.4187476238929566,0.0
4185.656470434316,155286.5312725958,20892.31476645294,2,1,2,0,6,2.4875854915605076,1.0
855.1284800400081,182469.3011110911,7521.665946823518,2,0,1,1,16,2.6981671401263654,1.0
4279.012614774441,84886.19050880693,53319.12036801982,8,0,3,2,18,1.332124292027635,1.0
3449.5005882059895,44986.28952289085,59993.30869822681,4,1,1,2,9,0.8813202715331832,1.0
2624.4092819220905,39886.01475827452,24806.0924471814,3,0,1,0,7,2.7215473308913323,1.0
4159.738454267856,174862.56233529566,46955.32918235451,4,1,3,1,24,2.0239199617262256,1.0
2125.2837841288806,154174.17004012753,7584.277046129595,10,0,3,1,18,1.9895703119360983,0.0
1010.2700833058162,148764.60202189055,76923.45276995825,1,0,1,0,12,1.9245030556761082,0.0
1460.0207492225375,87744.9775527637,11464.222944035984,1,0,1,0,5,0.5876305435370786,1.0
2550.561890551908,94583.88206509846,8202.93128370367,5,1,5,1,14,1.1218798163759054,0.0
2680.08742373222,192879.29991288428,6396.482281085667,7,1,3,1,14,2.1811468920642327,0.0
4037.6250908841066,40846.806496648955,35899.93680075816,9,0,3,0,3,0.5824846103482599,1.0
3967.1959820790553,161534.39527942476,10481.300246203631,7,0,1,1,7,2.016874029122171,0.0
2927.7644581626455,82637.66503042684,60337.91455357929,5,1,2,0,16,0.6255791900872036,1.0
3914.888142659108,36639.285130134536,72213.31036823324,3,1,0,1,21,0.5211911524119474,1.0
999.2786185536713,156236.91882621753,23036.857789013993,8,0,1,0,22,2.7292936833090478,1.0
297.819409111807,86255.02056532368,51415.53018235772,7,0,1,0,21,2.7773727117444964,1.0
4374.487422041766,152765.07818627544,6260.060419909969,4,1,1,0,22,1.225165153776954,1.0
423.99474412570936,150301.24513008044,32765.464320345247,1,0,5,1,9,2.6623055425898747,1.0
1271.1077272327866,120913.76882362957,25556.542733935083,3,0,2,1,23,0.6872991485542677,1.0
3491.828800640704,162153.4319657933,20603.67042590763,8,1,2,0,17,1.5289660901018167,1.0
2076.76729125518,128776.5151091114,52643.70870140983,2,0,4,0,9,1.691107852600378,0.0
4387.754151081768,78728.26498420432,13027.551869607294,9,1,1,0,18,1.5213654737160691,1.0
1524.9999835782342,154799.60118095123,69274.7102938681,4,0,1,1,14,1.3709434936755291,0.0
108.76316601332852,130153.768699213,54192.364790392574,7,0,1,0,4,2.0283000236119975,0.0
1538.2454207756834,32163.63788728649,57726.60875898047,10,0,4,0,15,2.1906997756990747,1.0
2911.471493464917,183279.5102209526,75021.51176664045,7,0,2,1,4,2.896178472370644,1.0
1910.894958246302,122759.41511513328,75562.71110569363,8,0,2,0,5,0.8166397208878186,0.0
2697.6201410058384,177666.6351315204,45477.228934081155,7,0,3,1,4,2.750981440164658,1.0
4389.160688233343,180065.2626269816,41144.245931020494,4,0,1,0,24,2.493437550850084,1.0
4566.801018440324,105644.33164496504,28824.38383347208,7,0,1,1,9,1.2068351980803547,1.0
1366.571620037855,116302.19939670926,58099.013985590056,5,1,2,2,11,1.00064060342334,0.0
2337.5953426860087,100678.24590485233,44442.084297445595,10,0,3,0,14,0.7912485505336218,1.0
2768.2628754451835,106404.25180236774,74831.3811399896,7,0,1,1,12,1.5593081370145518,1.0
4748.106661596823,182175.01702519372,21374.19805087061,3,0,1,0,18,1.8753406344220331,1.0
4993.155729863704,163984.48237454487,26889.456841287785,10,0,2,2,12,1.9244326004336094,1.0
1215.265881765557,51509.36497364826,27338.964451337593,7,0,1,0,9,1.5418760529597513,0.0
3648.550363161786,133752.3228618163,65061.881000866444,7,0,3,1,2,2.21337729607703,0.0
1921.253758054316,199304.12886567818,10626.105551845729,2,1,2,0,19,2.26961765147756,0.0
90.13557458675547,131243.61920952259,38084.982316151436,8,0,2,0,6,1.7875688449414842,0.0
95.79998605771667,163598.17635082794,35923.71674692464,7,1,4,1,13,1.8792387445272456,0.0
2329.8017374331657,160740.45047479906,8631.750818059412,9,0,3,1,15,0.9872374481823551,0.0
2467.257819371456,89553.97939829587,34631.36888791473,4,0,1,1,23,1.884859172313278,0.0
161.71999803854112,93214.38145967301,42530.10471286656,9,0,2,0,24,0.6882026805851128,1.0
3450.290713032797,153092.99170436856,8013.0613228783195,1,1,1,1,2,1.9266906276862799,0.0
1505.316773545018,114997.20037282197,42259.38389023939,5,1,3,0,16,2.1072036342096907,0.0
2821.4708526029494,126997.02055216595,76861.31866062188,10,0,3,1,6,2.954465696718949,1.0
1539.549412168823,151193.98436202237,78376.40288343799,7,0,2,1,14,1.5624344064834368,1.0
877.3148586030705,162187.75459663855,43939.34295141546,4,0,3,0,19,1.7393022965887015,0.0
2065.5100060644327,76157.81821462212,42662.46381042784,7,0,2,1,15,1.6303954066472786,0.0
1199.7531557129787,54954.939104283694,24984.12881406214,9,1,3,2,18,1.1494591654383977,1.0
2697.264835749882,79605.0899430333,79777.89132183182,5,1,0,0,12,0.7358677012630261,1.0
1034.2012249180757,116281.51526565284,24115.646168942403,5,0,1,0,2,2.1014912895679725,0.0
2566.609584390904,88164.02394049664,37873.40013387664,2,0,3,0,20,0.6802608755526691,1.0
829.0236486008944,126621.66900409095,3225.9224508060925,5,0,1,1,24,1.575159451524145,0.0
3371.3248119546356,39089.173101356835,29890.88640000354,8,0,2,0,16,0.5275352530127424,1.0
3781.991537985049,116657.56997434043,8500.90314687944,4,0,3,1,23,2.8513046841598317,1.0
596.4514595371722,92557.43417941034,60274.50731965519,2,0,2,2,21,2.2436137270414873,0.0
2365.621939584829,120893.34833179001,46198.112883304784,8,0,3,0,20,1.0578397039801175,0.0
400.81491824162424,101830.67033044605,47057.23455114955,4,0,2,2,22,1.190385592921995,0.0
3011.003105432912,78318.39460838222,25061.36901427713,5,0,4,2,15,1.3056096398347048,0.0
1358.8012747517446,183698.34392779807,65747.01434947897,7,0,2,1,8,1.797695049770182,0.0
2661.741061351604,61410.04803163068,3251.8612505062633,5,1,2,0,21,2.0794556151207813,0.0
2611.4319964522415,145832.14784869514,28687.290795642788,10,1,2,0,2,0.6914658926840412,1.0
4625.554013659312,187189.6011390104,53781.30676533282,4,0,4,0,14,2.1508713235018595,1.0
2767.961951715178,121573.89314652362,72910.03538110292,7,0,1,1,4,0.6860855529160501,1.0
2935.8424746056626,178989.44305851194,21065.428683242946,4,0,2,1,11,2.7847308591724964,1.0
2038.1829725336825,51224.75133365834,44664.70398301119,10,0,1,1,17,1.7433010124517916,1.0
4747.944035754943,113944.09094358938,44425.33938106572,4,0,0,2,22,2.8341929144810045,1.0
3897.070251726068,107694.2976817597,70311.42641636489,2,0,5,1,7,2.10607442447902,0.0
1462.7561869990657,31380.197196289126,6889.80049610786,5,1,1,2,1,1.5029856862533078,0.0
4228.837449592349,105353.74803108686,35684.61820244446,8,1,2,0,21,2.4570732265760284,1.0
2190.3619829161953,92735.05858504164,17049.85695897873,4,0,2,0,9,0.6702018760280319,1.0
4151.90236049129,143865.7837216846,4658.010222992049,2,0,3,0,17,1.9675680651542633,1.0
4123.2959380528355,189516.06235800814,14321.382420077178,9,0,3,0,1,1.1441795925275042,1.0
984.9074244761292,44584.48500454621,78188.24180931134,6,0,1,1,2,2.6068191299915306,1.0
3520.6486003487057,85670.98574148593,19543.33523306063,3,0,2,0,19,2.726573439190432,1.0
1488.682698067329,105491.00535702282,74997.3695468566,10,0,0,0,22,1.963668074256082,1.0
1522.5887164637077,107381.51426584517,18804.584382582507,5,0,2,2,11,1.1521858661966606,0.0
1516.9229805588745,161717.65254318313,74709.7325086053,6,0,3,2,22,1.4724285745272354,0.0
3641.5628254217436,105377.26319168494,53405.81201042421,9,0,1,0,10,2.0512181438656807,0.0
1187.6389068730537,34617.42124712107,11717.83046764836,5,1,3,0,10,1.5631169804157727,0.0
54.48388446814661,150717.69608078132,47807.46694474649,9,0,0,0,1,2.442737566852006,0.0
3590.422424739034,180421.04817476418,27525.580890601454,1,0,0,0,3,1.422337430142004,0.0
897.3644819838701,117363.80113344439,32502.793010311405,10,0,0,1,16,1.7636922343425363,0.0
567.1878567737815,128788.4486887459,36893.16375329292,4,0,1,1,13,0.9725566071058501,0.0
1225.7047969405976,57699.19462473784,35548.44073483576,1,0,2,0,9,2.2444871993033955,0.0
1930.5075854973848,67509.81059542269,54136.38456719323,2,0,1,1,8,2.6630605891775714,1.0
2405.7363209923437,69978.940651184,62164.34128148876,2,0,5,0,11,1.4165622124955375,1.0
270.62170152752253,103226.1357298202,28346.68206848634,10,0,5,2,9,2.886787906609988,1.0
4854.337996505435,187784.68755225916,74176.02504979812,5,0,2,0,11,0.5959761589357346,1.0
3594.512114426813,118703.41034153063,75261.9061794535,1,0,2,2,24,1.0508564577409953,0.0
1649.8106233554638,62656.59968422995,6133.163660638042,10,0,4,0,23,1.5311386451597944,0.0
1627.5514235627168,75234.91509772144,4147.976743992424,3,1,3,0,13,1.5611297287033077,0.0
2270.285619373874,95282.55505362133,35730.10742163169,6,0,1,0,14,2.4834966713858067,0.0
3149.911872677013,135954.0258677759,48479.684326049704,1,0,3,2,9,2.7179619539698283,1.0
774.5466796153904,104805.63601068092,24398.665553808743,1,0,1,1,3,1.2576908790343952,0.0
985.202578136514,96715.62351007723,22974.858833604627,3,0,2,1,22,2.096887952819128,0.0
4304.201185026077,126003.8620678291,55231.70488760768,9,0,2,0,6,1.8790674215260372,1.0
1318.461873250909,71111.94914225914,49331.22991847887,2,0,3,0,14,0.9437697994897802,0.0
1931.9652399771287,43413.55633937897,15870.309374469443,6,0,1,0,13,1.3150891923198138,0.0
4362.79566220308,34150.43351977776,71106.57417141723,3,0,0,1,1,0.5494425201632515,1.0
3332.5817555291214,72714.0577894116,55358.15740240238,6,0,4,2,14,1.259511526456372,1.0
1741.4738027413573,45570.64580455968,30918.371186013643,7,0,3,0,12,0.7636933709326617,1.0
3434.3127513368727,87177.90854853035,55639.10112931855,7,0,2,0,23,2.7459532287862105,1.0
147.43191613799786,161398.70186115845,11674.287681121827,2,0,2,1,3,2.7472750147209757,1.0
3691.431167056258,151770.03618276253,39055.72159220232,3,0,3,0,14,2.200504137140247,0.0
2460.7294005553854,133857.6958739649,16011.799536086066,4,0,2,1,2,2.9820623129926327,1.0
4075.2516290580834,174925.04145951138,6190.20595188962,8,0,1,0,23,1.9497123750977656,1.0
4775.456377432019,77951.49617252704,29051.122812199083,5,0,2,1,10,1.001213433200454,1.0
4632.653319998113,180459.13801509415,14606.63222802031,1,0,5,1,4,2.7116883245420462,1.0
4550.861965103937,97870.65884376045,51780.88268544451,9,0,3,1,7,1.0209868918614369,1.0
2585.241281872741,98151.86410532652,54903.22783936369,1,0,2,0,17,1.1674426260393715,0.0
1832.7034649877432,98909.77431633866,14449.307579448458,2,1,1,0,10,2.146817846275164,0.0
2351.92485741683,46676.042260966846,4895.201431463824,7,0,4,0,24,0.824003663309159,1.0
3464.985216401136,195833.38471627948,64046.41324590735,3,1,2,1,2,2.0245327783089007,0.0
4425.788995512375,53546.15223027706,3158.390596099296,6,0,2,0,24,1.2570283341392194,1.0
1074.5821998505917,87950.57315976138,29481.307867151732,8,0,1,2,24,2.065162017300673,0.0
4595.05613438543,84281.05445554871,41082.91394951657,5,0,3,2,20,2.4953801911223934,1.0
4085.142148250951,42695.50357884064,66035.44851745933,1,1,1,0,15,1.4857224853970592,1.0
4895.337275132261,55884.22211901903,67569.01549145282,10,0,2,1,12,1.327563491425267,1.0
4407.246277744352,37625.91715151559,58820.33692700507,3,0,2,1,1,1.326852008263853,1.0
1435.689781974938,79708.76390528728,22034.216935572134,2,1,2,0,10,1.3942412129387765,0.0
574.4817611530361,177331.6770849141,58454.39394257615,6,0,2,0,24,2.4589397475545165,0.0
605.5933063583636,87705.17497535536,21983.51823652451,5,0,2,0,9,1.5763965837969403,0.0
1491.5554269624668,51027.61145145447,19524.830763341026,7,0,0,1,14,2.283954838897949,0.0
3090.2094337234694,139767.95762526605,45128.852475750995,2,0,2,0,9,2.3495105632941264,0.0
4031.385614181004,199422.15504933477,55271.79217522282,6,0,1,1,22,1.8321868372113888,1.0
4501.289019558745,69495.04422042769,7084.985975199406,5,0,1,2,24,1.6382758640843553,1.0
3137.5792526277023,77527.0709129968,7621.74028659485,6,0,2,1,24,1.4460519873962996,0.0
77.87499810286596,195213.99922773405,63381.14288489281,5,0,2,2,21,2.1377005849231545,0.0
972.2680437667409,60391.96888358281,69181.28832434195,7,0,3,1,20,1.7861781266054106,1.0
543.6447090741713,116906.39146805786,49541.950558325836,5,0,3,0,10,1.2292895846776988,0.0
1848.4561540665998,70740.86261273613,36019.75674743022,7,0,0,2,10,1.8322401106480444,0.0
2531.687418487042,188499.82264321146,68089.36892913732,1,0,1,0,11,2.1450579277141353,0.0
264.8160339638762,196858.57247796998,59118.91152370042,9,0,1,2,18,1.861382204782175,0.0
1774.9659801884939,168498.63384040262,47628.75327920768,6,1,1,0,3,0.5375545180194528,1.0
936.9393893953468,83513.24868817779,27621.29839005478,9,0,2,2,12,2.9829441391179152,1.0
3252.997322981426,98592.87079768584,18245.61974757485,1,1,1,0,3,2.3924624318003156,0.0
2348.148228155483,71191.96622329163,35237.82402390671,2,0,2,0,12,1.1087223411874407,0.0
2501.8223523228485,181428.85439152856,25085.33834893629,7,0,4,0,22,2.4016292274637987,0.0
2167.0743507656325,185474.90720698689,29122.911255553492,4,0,3,0,23,2.419331854764539,0.0
4782.297566908506,101208.01258182802,42703.5912590265,10,0,3,1,22,2.0020689667466582,1.0
1112.938869351738,141610.62188351032,16020.234685273954,1,0,3,0,11,2.0615226718311774,0.0
2607.488086227178,58144.040561697955,65075.604365684565,5,0,1,1,14,0.9031279129222485,1.0
3693.2859734084127,103939.10306177953,14205.768552037092,4,1,3,1,17,1.430266935671851,0.0
2806.379845016085,137354.8481344946,40036.510235413334,6,0,0,1,23,1.9702250983925151,0.0
4648.653384298165,95518.53014806332,60439.793032193615,7,1,0,1,12,0.6941192959260135,1.0
1920.9433604243566,90791.91936669819,40346.59449209891,3,1,1,0,24,2.945194359823561,1.0
2345.195238577231,30169.828685380253,30798.698896325182,6,0,1,0,21,0.7545757911594831,1.0
488.18546031290566,166729.8888421094,39566.63054835182,2,1,2,0,4,1.508883784451383,0.0
3064.545599707046,181187.3940436462,68347.64381330882,10,0,1,0,5,2.7838388659259534,1.0
1476.649243818125,194808.80002279146,79263.24076786473,4,0,5,0,3,0.5380906949431117,1.0
843.5297456020659,152276.13546176662,51598.033275286536,10,1,4,2,15,2.208108813633262,1.0
2745.429899877315,123294.69310288038,64095.19128394996,9,0,5,0,5,1.4709487688402698,1.0
2684.9358037305574,75778.3683674806,4115.628834265228,7,0,3,0,23,2.2930995606837907,0.0
425.56462405903534,199880.91091379474,70788.0595333921,2,0,5,1,23,2.1597602239038363,0.0
3506.16649479764,130257.98527045795,76461.8315144497,6,0,1,2,17,1.9924126188922584,0.0
3137.6723437217215,145796.19229617587,47288.03931533293,4,0,2,2,22,2.6633041698809006,1.0
985.6355495951611,146009.04753240402,61042.97437863692,8,0,1,1,4,0.5125429153054851,1.0
2373.702567662517,173692.80527872086,42481.34520792577,8,0,2,1,19,0.8651777685947513,0.0
3615.598436568872,31644.331603976265,25037.68801508041,1,1,3,0,13,2.4669155555001505,1.0
2670.7069156793186,67441.97987333321,68623.09384269199,8,1,2,1,3,2.0875058094374346,1.0
2007.6709271086725,143140.78002890237,48956.42682368752,10,0,1,0,14,2.8143193269449713,1.0
1645.575367500671,182174.7752601765,47612.49745193834,7,0,2,0,22,1.5974628071750916,0.0
3071.449639888065,146507.59292663058,53753.179695772895,1,0,0,2,17,1.8742923911596483,0.0
4698.588056635691,100293.51955392562,68912.24376882132,3,1,3,0,21,2.0606094424294508,1.0
3375.1369603635426,91464.43429794448,59356.771684364256,5,0,2,1,4,0.9404714156628966,0.0
419.99222299976174,155451.16140816448,19256.562954612382,3,0,4,1,10,0.8587344228789585,0.0
2330.3906187365624,156010.40851332288,38945.4129193636,3,1,4,0,24,1.1342980131995395,0.0
4459.579450977606,133199.85872596735,78482.97156293788,1,0,1,0,9,1.4646641480312974,1.0
517.58900771538,79549.3940965473,45701.174959733646,8,0,5,2,24,1.7192802290574822,0.0
4944.934775080839,187276.31912639242,75244.8922172515,9,0,5,1,23,1.6610729645888762,1.0
4747.893498544836,123819.59016016865,65629.4504461053,5,1,2,0,19,2.480008473738492,1.0
437.45867961288553,164383.7005622162,54283.80501927443,1,0,3,0,8,0.8345051368421235,0.0
4670.395936225297,66432.40456751137,29901.12060480115,1,0,0,1,1,1.4218854680488615,1.0
1847.5063217843378,88486.93406450373,26432.589759458802,9,1,5,1,20,2.8649697917818173,1.0
4231.310377025519,178678.5177858482,52543.42202791427,1,0,2,1,3,2.429855222470821,1.0
2120.997521680694,38518.19508979463,36307.21554517363,9,0,4,1,19,1.5699678286242755,1.0
2232.2328078774535,117093.60291363255,64504.02895688799,3,0,1,1,18,1.9530625405068223,0.0
3189.5033003388357,111889.93157348153,61555.16894459508,3,0,3,2,23,1.6755456895466863,0.0
3883.6632254161177,157709.13211437396,27034.0474788656,4,0,2,1,14,1.4596853609255733,0.0
217.25629719383076,77921.9410018865,57110.11629575567,5,0,1,0,14,0.8319692234352309,1.0
2986.1221778593144,67241.3597161319,41080.36463748317,6,0,4,2,10,0.9182346108989754,0.0
974.3283207819863,187442.58259144973,27893.491762677775,6,0,2,0,3,1.2204992465487097,0.0
1762.4501134228544,127190.64083293901,34798.42764287728,10,0,3,2,23,1.4130017123945904,0.0
1772.4448974683216,47797.226608221266,71942.09377534417,9,0,2,1,2,1.1291617772126838,1.0
2371.8486840947103,62816.14757643458,30682.862293435617,1,0,4,0,19,1.9433509401491749,0.0
1703.9752387870583,199800.43011742222,25129.74404559827,9,1,3,1,19,1.9953138568221183,1.0
581.4375363308054,63253.52936287271,30089.155994680612,4,0,0,1,7,0.6145919185627144,1.0
770.8622557009846,133780.83693012537,19525.61958806926,7,0,3,2,4,2.124135803031686,0.0
215.51802852743347,101421.77342925507,44936.89402951731,6,0,0,0,12,1.6689204926561858,0.0
2377.7329723773337,180551.846124472,14352.605596834981,9,0,3,0,7,1.8675737714188074,0.0
4774.516089522293,158378.6606902057,65943.17155564256,2,0,1,0,3,2.7332041509352534,1.0
622.592357058177,131481.73736450868,20369.679037913207,2,0,2,0,2,0.9583422712085006,0.0
4734.009240365256,31825.626905657024,49050.237120552716,7,0,3,1,12,1.511123310085798,1.0
3680.139497923863,179565.18527388814,12626.963416831804,9,0,2,0,19,1.7128889522472797,0.0
3205.619074524108,105593.47004258177,78340.89241250312,5,0,2,1,6,1.9770815140314841,1.0
3244.1248888516366,188368.20101315802,38002.31033481083,7,0,4,0,11,2.194219558293385,0.0
4142.301859561596,114241.6321852142,66307.1932384287,8,0,1,1,13,0.8231881569256343,1.0
579.2533286801158,148018.16316106333,62185.88334504875,8,0,2,0,15,2.372449570734579,0.0
2548.5339016494318,41779.750409329165,57954.36463021727,4,0,1,0,22,1.0525970381955336,1.0
3500.601134390755,156675.78109955357,66707.09508275495,10,0,2,0,6,2.877970301008347,1.0
2954.7612031141402,87459.32532302689,10735.697866797349,7,0,1,1,8,0.7641937294143084,1.0
4172.256401565309,89731.03243640275,55244.284205341086,1,0,2,1,8,2.966787617661686,1.0
407.74495960618987,50171.493600596295,23468.697116081148,4,0,1,1,6,2.8199609575671816,1.0
3468.9701455208715,54965.715268834385,63512.11813312741,5,0,4,0,8,2.7229984665423714,1.0
2693.4372654043527,61579.03955505572,76678.89450828744,10,0,1,1,17,0.5758012844710285,1.0
1926.84627670072,85795.0486571418,72414.69379788758,7,1,1,0,7,1.0036514684251854,1.0
1734.3611620584527,181634.88517185292,11851.32113047229,6,0,2,0,19,1.9195100344814462,0.0
3123.1215322322546,92604.24049911369,31455.536391807218,4,1,1,0,3,2.303153341487675,0.0
4460.427104489111,153141.66011574713,31052.852304215183,3,0,1,0,9,2.3369026156235493,1.0
2506.0708342005205,44067.07566127814,12416.812509683858,6,0,3,0,17,0.6153467563075536,1.0
4132.379662180754,130486.79587623874,10555.706107705713,10,0,2,1,9,2.2218222350020764,1.0
2040.6740901276391,111921.50931597472,32636.54039262699,5,0,1,2,21,1.7408848876474217,0.0
556.8525908262238,196252.85098226578,79389.50938823137,3,0,0,0,14,1.2839845873507678,0.0
354.45339547026083,173855.3208794237,46808.58413210319,4,0,2,0,1,2.2237592019021797,0.0
304.105138052204,107321.06131457046,50877.18540252773,2,0,3,0,6,1.1267850765644298,0.0
1931.7432026904662,161774.2698877076,39268.45607143854,9,0,1,0,17,2.112559855096668,0.0
1719.3268666374183,62816.58601994218,53999.452527409754,7,0,1,2,17,2.030396447565904,1.0
3603.788266931719,125597.17565660227,76662.98021734726,10,0,1,2,21,1.9778115510666638,0.0
3726.966432845086,42685.23944668039,48329.74242830817,3,0,5,0,5,1.8321872427578278,1.0
301.72714572701216,89175.13548278612,8007.961398531881,8,1,2,0,17,1.1813898329532817,1.0
1144.560151300624,68396.57087576896,40952.573825951295,8,0,1,1,18,1.0026276168417017,0.0
1407.5961582865534,152214.66860528587,79441.84804040025,1,0,2,0,19,1.4579078148497653,0.0
2760.6793215069065,113315.41750644144,32830.00948575827,5,1,3,1,19,2.9270974138070285,1.0
765.3503583394038,157681.98140416178,48728.85526551436,5,0,0,1,23,2.4688259254902407,0.0
713.0090360300018,117600.22439734575,11211.030784018909,3,0,2,2,18,1.4609128908541733,0.0
4721.755001579392,44702.35516577855,13870.898402715651,2,0,3,1,15,2.2092019726824517,1.0
4030.804391124016,155012.50045452954,70350.47189285512,1,1,1,0,3,1.201949040880472,1.0
944.241765351293,171648.97487792696,26126.536375374082,4,1,4,0,14,1.0367162823758531,0.0
2062.5106491321803,183600.30840517473,26519.74804830366,10,0,2,2,1,1.9587422780161543,0.0
1810.3288963249495,127238.63070214039,32815.40069217927,2,0,2,0,17,1.1404049974619137,0.0
3965.470166623766,158109.51102991417,77418.85781364824,5,0,5,0,1,1.866218727010218,1.0
2575.553936566704,157847.5372700466,9498.068194839485,10,1,1,0,17,0.7006212082466909,1.0
682.8561981176617,56477.45916582054,66044.83589645279,2,0,3,0,4,2.5873546662535185,1.0
3708.010712623407,57917.51686812703,29299.956487880958,1,1,3,0,1,1.454888844314766,0.0
2014.5954922133487,42050.53598755144,68409.03800088156,10,0,2,0,20,0.538805101030466,1.0
1351.475025779128,84385.31797385126,79365.18501184977,10,1,0,2,22,2.8956654688455075,1.0
1908.7181790025647,110496.45991598097,29847.390586304584,10,0,2,0,3,1.8633159737942437,0.0
2513.894989854137,199642.63496821688,12960.440198351354,10,0,1,1,3,2.7896907517265817,1.0
1748.4218062641967,103268.86815158882,14116.913344685476,9,0,2,2,12,0.9697860470883858,0.0
1247.4335743292013,153461.24004625305,61423.04860308732,2,0,3,2,11,1.2506086389706745,1.0
2022.5850425797028,147877.49446633089,14158.959530036513,10,0,2,1,5,1.4579368061251905,0.0
144.9059082119963,64761.931542598526,23052.46077716702,4,1,2,0,13,0.988441429857033,0.0
3873.864338176754,39946.21574640419,18738.672461980143,3,1,1,0,12,1.6349622441318816,0.0
896.1772231595497,122821.14776070986,30387.249430385655,1,0,0,1,2,1.2035927071775194,0.0
267.32783747165433,149051.95069346094,8726.226286525936,8,0,4,2,20,0.8135604634182348,0.0
3285.808529880142,199702.80433166353,68969.17114535887,2,0,0,0,1,0.7037130124471981,1.0
3880.9838376771777,90963.87888779902,69231.26600867651,8,0,1,1,9,1.1450729414486236,1.0
4078.454201384574,182381.97555378644,34795.83318316711,1,0,4,0,3,2.953074016834874,1.0
2492.87045416997,94928.5174977617,50130.7428148076,6,0,2,0,24,1.1406707047178268,0.0
1066.5725142154272,147199.99043318717,52430.27095963146,4,0,2,1,20,2.6386370032538577,1.0
3699.2770023866424,131702.99818789883,60692.87488163652,3,0,1,0,6,1.6477201049367753,0.0
3513.5797319139688,39006.39486144148,43093.13674089193,1,0,1,1,11,1.1308938665688169,1.0
1269.0401338107076,43326.03258494395,42295.875499009824,10,0,2,0,20,2.5570995251137116,1.0
4521.868391520825,33529.89525315836,51610.390854272235,1,0,2,0,20,2.387261896297022,1.0
566.6387175100035,93041.79438097822,57134.72646658057,7,0,5,1,11,2.0435791766890103,0.0
4914.306785977062,156786.17829022184,29695.159031252384,6,0,2,0,15,1.216261620742428,1.0
4308.22666433845,59368.41697842286,28438.52644169876,3,1,0,1,6,2.405477024945749,1.0
3455.0982951214223,132995.00462526229,23768.31711538501,2,0,1,1,8,0.5485121785369178,1.0
4696.811946985173,79100.72260528324,45261.18475908163,10,1,1,2,9,1.1995958730918492,1.0
3625.4402832023534,165488.74607644227,30731.988095794473,3,0,1,0,18,2.6544570651379433,1.0
992.7621352987273,165727.34533050845,44604.12161348765,8,0,2,1,6,1.0849611850426792,0.0
2238.672883658418,161820.467544292,34260.82696867296,7,0,1,0,17,2.0740738943365713,0.0
403.939970441595,119221.69734623405,67428.53205655489,7,1,1,0,23,1.6981764081975912,0.0
1978.804240326171,78376.34071357478,8631.028460400477,5,1,5,0,16,1.5725566785570415,1.0
3720.934947699183,167605.48745936787,47060.215707559946,10,0,2,0,19,2.215513010028852,0.0
1962.8945871075462,61637.09552967106,47323.028795214224,3,0,1,0,22,0.5953646112475168,1.0
1684.9561685672638,79259.13234487153,32546.23291147989,1,0,1,0,16,1.7447018140098942,0.0
2997.010826426044,61271.11004730567,35418.60888136203,1,1,3,1,13,1.6001005813641824,0.0
4367.41241854453,144615.72726590012,64610.1147879855,6,0,4,2,12,2.37699032527126,1.0
285.5368031032565,146660.12477968907,24611.87569004578,4,1,2,0,9,1.5659554207696051,0.0
1958.0786517636902,140926.698773748,70098.09193981453,7,0,2,1,6,2.761894844816071,1.0
833.2916719855505,100652.24936699352,72018.43441837138,10,0,3,0,4,2.9816022742989157,1.0
3492.0035411227545,47029.07122424365,53097.68643896909,10,0,4,1,6,2.689492579735676,1.0
573.3365741341177,184898.8293675536,62510.04395552358,10,0,1,1,17,2.4903595909011,0.0
3340.7984049722104,116314.26388208049,50196.95968329561,1,0,4,0,24,2.2925073682349195,1.0
1466.5953104496414,99185.27313488556,43444.95175848756,6,1,3,1,10,1.9020590821311134,0.0
1034.6382279992622,130100.23185220985,77434.18707726768,7,1,1,1,8,2.4671490866900676,0.0
4684.945161233678,62774.37408924799,24764.43224551474,1,0,1,1,3,2.0072144851550178,1.0
141.69665489248155,52533.292447828644,14869.622891519633,2,0,2,0,15,2.90475876354821,1.0
2216.997495853366,98939.2876478504,25136.372961973677,9,0,1,1,21,2.7236743547672417,1.0
157.05361268587922,68627.5179969848,50326.17184521727,9,0,1,0,21,1.941075264296881,1.0
2443.7855881164287,71529.35007131798,17259.124733788063,6,1,5,0,19,1.5623592189735966,1.0
2530.18452008237,181726.95292235,72978.68132842619,4,0,2,1,11,0.9923598341171251,0.0
1642.2292334039978,120229.06012159023,34648.87885123523,7,0,2,1,6,1.1118567123245584,0.0
704.2007987488672,112189.7409349697,68447.14162847196,5,0,1,0,9,1.0469890110521283,0.0
1913.1183117856528,147211.53093386156,22191.213928718887,3,0,2,0,11,2.729026443698139,1.0
3377.7015526662017,191763.17932504573,27113.96334137156,4,0,3,0,3,2.79202044876659,1.0
3922.859252790073,49073.75595999589,7560.201582282237,2,0,1,0,9,1.3003378351473243,0.0
2677.2154818213044,171700.87640857373,22848.112298289194,6,0,1,0,13,2.2547550435222115,0.0
2969.6802524767904,129283.2605775338,40754.16406017421,3,0,1,1,24,0.8116591122539986,0.0
1043.0510370670308,54848.11014801233,75852.54266468965,7,0,1,0,5,1.903560466544701,1.0
1472.2851494768647,80515.38417712858,32945.52898964536,4,0,4,0,13,1.2485285268346633,0.0
851.3832697591741,112001.44079900572,52260.27872021763,8,0,1,1,15,2.876440575208613,1.0
1284.0119825228262,147500.1145781619,35933.67904509667,1,0,0,1,9,0.8401501073526186,0.0
1163.1895621163821,71243.19288208688,6602.972509131475,9,0,2,1,7,0.8377121731069919,0.0
2621.271492636626,120929.39862949027,41772.0121940461,3,0,2,0,3,2.428199672949585,0.0
2835.3093411641107,146394.1766606965,8075.350796201906,3,0,1,1,13,1.2798460953365018,0.0
4727.489733066447,106285.92764407606,71044.89419401027,5,0,2,0,18,1.1381648818952428,1.0
1018.0747031525391,176714.4133904299,60983.846070220374,10,0,0,0,11,1.0238651966697057,0.0
3226.294765299405,177808.04748286874,32156.1632864322,1,0,1,0,21,1.1323954618975471,0.0
4095.4333814882384,110017.50699887578,52296.83729672931,3,0,1,0,3,2.9727849648668103,1.0
2823.19524572611,195397.37076951293,11626.167959126571,4,1,1,0,16,1.6343571927161702,0.0
1312.2680798803246,42849.46570892604,57096.733996124116,2,0,1,0,10,1.1256444643947279,1.0
1349.6236385990012,30571.604314899225,66350.39549234314,6,0,2,1,9,0.6580283158350984,1.0
244.30261270144956,94713.60484666625,66274.41493744406,10,0,0,0,15,0.8028335485233182,0.0
1561.9489214149844,132186.50043332658,24889.371172180498,4,1,1,0,11,2.141965644763102,0.0
3735.7882110667315,136964.02676644234,23308.45703631565,1,0,2,1,23,1.1510805109875952,0.0
285.21289817519636,110995.77516995085,43147.621968506246,3,1,2,0,10,1.8897313323339016,0.0
1135.5116483989118,51230.16325090985,77518.45646859832,7,0,1,1,24,1.8817644813828402,1.0
3545.8508677323207,58984.578703942025,73880.26927566857,3,0,1,0,6,1.4049084949963748,1.0
3924.1252359732393,174865.15725484156,30692.1630952106,6,0,3,0,6,2.283582838153616,0.0
2303.826129806546,177544.89239567443,63046.8719760944,6,0,0,1,13,0.5832112466508859,1.0
3505.467975469312,144562.75143632243,73941.46783504222,1,1,2,2,15,1.5426667334737547,0.0
1970.3632348417154,142917.05528740998,23091.337860255586,2,0,1,1,13,1.5853753422839487,0.0
841.5705628694312,131605.96176472728,66932.76501942636,10,0,3,0,3,0.8113185599303492,0.0
2020.8399929383872,64497.400569337995,23627.963272006597,6,1,3,1,2,0.5382183648897136,1.0
2920.840710005557,102802.61904418355,29432.72369331522,2,0,2,1,1,1.835398528497045,0.0
4742.863745171807,148302.09074877438,18309.193195508073,2,0,1,1,9,1.2367325116722716,1.0
390.31721283895274,121332.88624056758,42045.14452859894,4,0,2,1,22,2.830431978220682,1.0
2561.600764532555,33158.65678936686,67934.93885811558,8,0,2,2,4,2.264222254119128,1.0
1678.1529021430856,192104.65714241672,43660.014582534444,6,0,1,0,21,0.7202906879759731,1.0
2566.142886669638,173618.7289372644,12504.88074636851,8,0,4,0,14,2.1386037906814264,0.0
168.67846451383178,74292.65239865542,22386.74678149209,4,1,5,0,24,2.6881391398761614,1.0
1599.4755057728275,134798.01897827035,46340.363780663094,3,1,1,1,14,2.892230393971309,1.0
4108.347330258675,186950.69523379192,47905.43407893313,7,0,3,1,17,1.2817271237793808,1.0
2792.0115825804555,46321.87205932073,47421.754572954975,7,0,2,0,14,1.5949299303142692,1.0
2280.383339439781,115515.01173543911,8929.26892297863,2,0,2,0,8,2.1131974486376652,0.0
1463.349104990931,107561.31439387007,61034.583732876075,1,1,1,1,7,2.7737087617845204,1.0
1525.3104878172117,99734.8508982005,73025.9713221535,8,1,1,1,9,2.190119809180594,1.0
1946.352096273393,172050.06351179726,42309.958975202295,3,0,4,0,20,1.4605891281972263,0.0
4186.075014324574,94709.84493856775,58349.85508143344,6,0,3,2,21,0.7255122494646811,1.0
4837.705373700928,40822.76665097129,73379.19288681445,7,0,2,0,8,0.8605232411805979,1.0
2221.344137684354,41192.41616793143,52481.952130997226,8,0,3,2,3,1.8695702295164836,1.0
1997.0965518014211,37266.58310918353,54923.08078119093,6,0,3,0,1,1.0958641980965143,1.0
4240.426340308321,99554.72171858633,58548.1398305645,7,0,1,0,17,1.623945810598212,1.0
2163.181337149703,152129.0672087212,23058.688761963014,5,0,1,0,11,1.5183909144015801,0.0
2782.4899528634733,64632.81852818763,47866.19635319571,3,0,3,1,16,1.9262641806485559,1.0
1193.161239763785,139899.64847336343,67847.48381992313,2,0,3,0,6,1.3336737863939936,0.0
3730.337552106422,146805.0402576297,25804.530230077802,7,0,5,0,2,1.6515415574891732,1.0
2683.3421754403703,73384.36108265165,72082.12846895824,8,0,0,2,9,1.9549372352158163,1.0
4054.7210236896913,132094.80153030698,50769.410131953664,8,0,2,2,21,1.9852113017759114,1.0
3914.6270136419153,146427.61780456407,35584.46356034533,3,1,3,0,11,1.6696912291313817,0.0
1114.2736029366415,109324.31587636138,50985.08802782256,2,1,2,1,24,2.285272786582491,0.0
3592.395975260924,87241.82153761617,33943.21273805888,9,0,3,0,24,1.475559404286265,1.0
4010.2693193592886,135255.76376763562,67528.74134230945,6,0,1,1,5,2.4699713677993174,1.0
1763.2308418728555,196234.00484576967,40138.53066520498,10,0,0,0,18,2.9615220884475857,1.0
904.415108866259,102563.03959272627,72393.42870108393,3,0,0,0,11,2.398167810473323,1.0
63.02917011896149,96594.96636847057,42255.22222528264,5,0,1,1,13,2.4497832815258747,0.0
2281.9730828110833,108925.37341243926,53848.366002078816,1,0,1,0,11,2.6806413464987715,1.0
1794.542021117266,42957.126885658196,79826.32041752749,2,0,4,0,6,0.7587295436050683,1.0
2796.8036774357743,124037.7575441363,14316.369757657669,9,0,0,2,21,1.9028468419727556,0.0
980.8034083144895,85878.55582693481,59728.14445247224,10,0,2,1,16,2.17969676835845,0.0
4305.3444609490525,50641.76079631462,13693.161549526885,10,0,5,0,19,2.7881647368128983,1.0
1325.8883173591428,109263.64598995347,67592.71016385852,3,0,2,0,14,2.583574116910613,1.0
1170.8265451838674,30575.277717576162,48926.91034947489,8,1,1,1,9,1.4728976123037345,1.0
2429.534579597562,98303.49167766902,75238.28616669736,10,0,1,1,23,1.279935165208319,1.0
2519.3125675341576,47974.99554749658,69678.65834975486,8,0,2,2,13,1.2404662536887456,1.0
1114.6718824862096,34129.75957796265,8765.146885099404,5,0,0,1,14,1.1255098666222194,0.0
1395.710597293283,170160.75786156536,13572.29570927229,8,0,5,1,4,1.273063758225189,0.0
890.0409338184625,185762.2965580479,49290.16150272554,2,0,2,1,3,2.3353524512048076,0.0
3606.3778826996754,65304.69022104813,42910.227275539764,2,0,3,0,2,0.7887999052968047,1.0
3861.940704707705,121680.70485182441,15979.515057235232,4,0,2,2,21,2.3366263641529197,0.0
2338.526062423449,77252.88671226744,12960.660576917035,8,1,5,0,17,0.9859292424106393,1.0
3584.7307622908365,113908.16457427097,46427.290325004215,2,0,2,1,6,2.0601144247391545,0.0
3692.8801900903554,104227.32455200724,6766.95919407496,4,0,2,1,2,1.9900021988445864,0.0
734.4638620051526,75738.67936368256,70277.6183274148,8,0,4,0,12,1.9815464390141788,1.0
4832.581222930957,149066.9085380006,65145.384824801775,3,0,4,0,12,1.2766919105006573,1.0
4114.108138127333,51503.46308444322,63473.48782175388,8,0,0,1,21,0.8748574040944402,1.0
1062.1931329193262,39022.37296913241,4231.780322137062,2,0,1,0,18,2.479882805526093,0.0
971.5169269430477,160504.82361633744,6668.352642780822,1,0,1,0,4,1.1044650091070962,1.0
672.0226706189346,143208.1053075156,45337.612328606105,6,0,0,1,6,0.6988084367237936,1.0
734.973884582496,114749.44110488765,79570.77804485169,8,0,4,2,20,0.8964113842600914,0.0
3753.400905192046,109524.26098033207,29358.347474794085,9,0,1,0,21,0.7853258548108467,1.0
2374.7885719105366,114559.93451354245,29516.860863211485,10,1,1,1,20,2.2871216770487197,1.0
3925.5241550623427,104294.0929367744,13339.403448372717,8,0,0,0,20,2.36302268839353,0.0
3743.961727033517,96791.69029130045,54923.85688794161,2,0,5,1,19,1.3448105296521868,0.0
3042.8329318508468,114947.40249064045,52794.105052538434,1,0,3,2,3,2.411944037345625,0.0
3447.5147025644637,119847.57909715928,10801.826061195248,7,0,2,0,20,2.596073050691358,1.0
140.86083567675186,147623.39339421556,38990.74610426304,7,0,3,2,8,1.6928724842674312,0.0
1593.2993516848587,150905.21732478385,54364.76797929202,3,0,3,2,21,2.567420143190137,1.0
3207.2197873340806,94196.94362382458,41000.74249678838,6,0,2,1,16,1.7599227111559554,0.0
96.25751975690879,100301.88886639308,54925.99580358618,7,0,1,1,23,2.523199188065269,1.0
213.23587122883737,93528.51885515792,65852.8206022247,9,0,3,2,22,1.6028243555796973,1.0
4266.845513228397,121211.08151637076,55807.788350376104,1,1,2,1,1,0.6473259759513479,1.0
3435.9230653757554,107070.1014454132,50440.79615895033,3,0,3,0,2,1.0507645690896243,0.0
1363.5801789457025,181231.3987331529,68726.44978472598,5,0,2,1,10,1.2591212666011524,0.0
3455.4160585876098,148381.41537580034,72345.31972597369,3,0,5,0,5,1.6013107291179847,1.0
3972.660512239353,182771.58523825574,32944.25566253692,8,0,2,2,19,1.6862752936367036,0.0
1568.6317013950013,150553.28856510232,16340.241354739217,10,0,2,0,12,2.939047216062619,1.0
228.3850186209779,195068.66524904838,65975.2511086199,6,0,3,1,24,1.6883450761094916,0.0
4667.256667204286,138075.25230339574,19458.989262060204,2,0,1,1,24,1.4288362554956666,1.0
1758.640199563371,193803.5234877193,74529.2015706796,1,0,1,0,18,1.4017717599251664,0.0
577.0847282592965,56888.88136960243,4761.601782086565,10,0,2,1,6,2.714723500655224,1.0
2484.6915133960797,38921.20574099865,73937.88106168638,5,0,2,2,23,1.4623042544747684,1.0
3853.9155885374626,128451.28148465608,48367.09043112883,9,0,1,0,14,2.4628455730946834,0.0
1147.1542073569178,197193.8449859617,62655.14297149186,10,0,2,0,23,1.123000557370582,0.0
1383.9757481601487,100992.89204140745,33683.929203959146,9,0,3,1,3,1.572317324685753,0.0
1251.4391846529866,66047.37157280312,79362.15447698376,1,1,2,1,13,1.9346803101288976,1.0
4958.781611516807,118662.04636289738,20521.459922604365,3,0,2,0,7,1.9111062558046228,1.0
1027.1484819661855,140295.76617841108,23354.46202313946,6,0,1,1,17,1.9488794407433725,0.0
2898.825073982314,83580.37823770112,6960.298190885416,5,0,4,1,9,2.353288136179333,0.0
4630.059976201974,151510.7909448741,75416.44895573074,4,1,3,0,6,1.7752834032557705,1.0
777.1380159450073,195769.46619777338,38114.25637709806,2,0,2,1,6,0.958166520182345,0.0
4855.728279445116,182483.73069080486,54963.63593338989,4,0,2,1,23,1.9526929847002243,1.0
4740.012310258342,79569.5134970732,55932.93601463873,5,1,1,0,2,1.2449987569766083,1.0
4428.631335938399,85543.02613458171,70336.66110576618,2,0,0,2,11,1.251334677939891,1.0
1112.054780583511,93162.00815643006,54199.24429977351,10,0,1,0,2,0.8215004969855009,0.0
3188.5725272543673,97073.97232691971,46275.63103742241,1,0,0,1,20,2.7749486861258563,1.0
3816.4127911581386,47054.3148628575,57694.526362710356,7,0,2,0,15,0.6622034002548887,1.0
4930.838244572327,159533.6826111792,60824.75152324074,7,0,2,0,2,0.5943285976282671,1.0
943.0979193027836,92107.67481381909,17316.45186113311,8,0,1,0,7,2.312229680182858,0.0
3841.8282026205175,179569.39603992688,11444.362001209982,10,1,2,0,10,2.2621133878402953,1.0
1727.065791139209,187579.9059304185,8763.36148738836,6,0,0,1,2,1.3763195423532788,0.0
919.3510045616115,34153.32258230698,31802.119078235322,1,0,3,0,17,2.3514356209016105,1.0
2135.815859008582,198045.52188779507,41346.01846750638,8,0,0,1,17,1.71935833097382,0.0
3979.487765135651,150703.86435503137,50405.04216831928,2,1,2,2,18,2.320642131607885,0.0
2351.006528335058,118466.6784188036,76768.65801609997,3,0,2,0,14,1.8643983951516272,0.0
2710.7393460050903,96219.69342333406,28470.66215593948,8,1,1,2,3,2.331127451206099,1.0
4976.0390804906,118148.0825436512,61587.30200995013,4,0,2,0,17,2.431674665607199,1.0
2025.5910328092589,85186.20307633556,43914.53670880614,5,1,3,0,24,1.2089087360424147,0.0
3096.233735810737,135856.9283284132,19946.924770692596,9,0,2,1,15,1.463104994528048,0.0
1857.9587979960907,45806.64699561451,50378.518042914446,7,1,1,2,22,1.7611077945371858,1.0
1994.2889493270895,135590.84249500773,77472.56572830718,10,0,1,0,19,0.9763527028969639,0.0
3493.42172955477,76808.6245235355,12571.739042347976,7,0,2,1,20,2.925847003888939,1.0
4692.540531669673,32997.92093889888,42060.54187029063,1,0,3,0,16,2.8103445977988852,1.0
2734.676804936991,123959.9802476892,6973.843269590673,1,0,2,1,15,2.44244471853777,0.0
3853.57964829646,128336.11849495838,27733.655015019896,8,0,1,1,5,0.9957193316725239,0.0
491.5724661439709,102516.73080096113,50786.40617473733,10,1,2,1,15,1.6327201888658622,1.0
1095.2322852880384,42288.659533553866,67761.3840743681,1,0,0,2,15,2.8182096778775465,1.0
2535.551622551686,181868.30197671257,59235.28847290747,10,0,3,2,24,2.0305303205264638,0.0
149.05803196243522,133943.2372287411,38639.97192259149,2,1,4,0,18,1.4635827826017707,0.0
1301.632144874666,49671.26092672483,73010.15229701929,4,0,2,0,5,0.7289684092585093,1.0
2611.1363846335826,116858.1980210051,26309.02920683034,9,1,4,1,1,0.7503569037276907,1.0
124.05793136868853,114533.23371124014,61056.72258733781,7,1,0,1,1,2.1957337672378237,0.0
1359.5041168189064,40268.31769479759,39498.69467457001,7,0,1,0,3,1.2788267302077663,1.0
2594.452556405554,133166.1496125011,72194.95310980373,10,0,1,0,17,1.7418267821769216,0.0
2887.088777507166,167415.48781666596,64402.32726733953,7,1,3,1,22,2.3789111195284134,0.0
4632.470880623762,157331.36922224128,72413.16392064633,5,0,2,0,22,0.9570465223076556,1.0
3244.4608350905087,64504.80040791117,19497.08436853965,1,0,1,0,21,0.6940945504637217,1.0
2102.942222523469,176589.73002421594,54447.58327294801,5,0,1,0,14,1.4416116544771436,0.0
4655.238326808686,88232.16816208966,59861.68242228628,8,0,3,1,9,0.906082280822341,1.0
3935.1707677695817,190906.42430963003,60165.89842675971,7,0,0,0,4,1.7758907940418964,0.0
1040.0441595081006,42197.15391837133,41808.03468598499,7,0,1,1,19,1.8819180989783924,1.0
697.6696886766579,112655.47704837326,3866.2902207923457,2,0,1,0,3,0.7764326677367892,1.0
3395.2675969265283,131511.14412018337,23130.17035791877,1,0,1,1,1,2.4821992941942805,0.0
2821.42166960607,72100.5167406828,27894.167375337343,4,1,1,0,4,0.5583419291452253,1.0
3958.8843882741407,161134.6320824387,68606.81953069563,8,0,2,0,23,1.3603354992587313,0.0
3707.084997889498,136572.26556782192,67748.20791702496,1,1,2,1,24,0.6169872410248827,1.0
3144.7970925946993,33078.60433895244,11060.368010909311,2,0,2,0,14,2.267727069372377,0.0
4932.5917495630165,133422.6604183601,76137.36289638683,7,0,3,1,22,2.6962880749206346,1.0
2691.2691640465227,113551.29985113589,17049.226472164803,5,0,4,2,23,1.3704243575896475,0.0
609.8734946835132,63324.964289596304,34905.67775017093,6,0,1,0,21,1.3205267821167799,1.0
4149.954145839142,199277.19860012003,19567.086390528166,8,0,0,0,14,2.2357861814727915,1.0
1296.6741436112595,182517.57312069455,69245.60009986052,9,0,1,0,8,2.678837604750688,1.0
3897.6456333123956,79726.3081549408,60703.95645316701,8,0,2,0,16,2.7178609008927697,1.0
4787.680125200254,121982.05653576477,30221.718130360907,1,0,0,1,3,1.9606885504578846,1.0
3499.137794123489,83805.36378474942,55504.65420400627,4,0,3,0,24,1.985053557834049,0.0
3000.3492967015154,161834.27777813328,17196.25008120876,5,0,2,0,7,2.0484134889195036,0.0
2328.911569591451,188156.34364339735,32436.876112952126,9,0,3,0,6,1.7702745343672208,0.0
1853.828836677246,91000.8631754452,32037.28430203433,6,0,1,1,13,1.8272908161649126,0.0
1797.3735173105895,166949.32235441668,21321.12449254763,6,0,2,1,2,0.7367002046417563,1.0
3200.0448932624736,114729.28226124482,70476.02781788196,3,1,3,0,11,2.9566018742570463,1.0
3768.8019288418423,97418.35542296815,55271.12163189272,2,0,1,1,21,0.6547116118098388,1.0
3408.659493947851,189531.71485679087,24555.326913412544,2,1,1,1,9,1.7009047337487502,0.0
1032.1300009081356,116768.79708223534,21643.298568435872,7,0,0,0,7,2.463513803315154,0.0
2495.2365417102815,109459.78504376904,4382.417266941407,5,0,2,1,12,1.9576900518807019,0.0
3968.6183573061617,144313.84833359832,29686.833542011307,10,0,4,2,11,0.7402986867326828,1.0
2404.7351870358284,74409.81417310835,43561.388815279504,1,0,0,1,15,1.8885815149128033,0.0
2706.2852346906943,85214.78803401368,24383.742526944985,5,1,2,0,12,2.763363061187373,1.0
3867.1234384455697,188447.79216056585,56935.28728509229,1,0,3,0,3,2.0549547247579167,0.0
3323.263266012203,145350.07372428023,34704.7137338675,9,0,2,1,18,2.448309141615476,0.0
2076.257358367843,170528.31512107095,27356.473449821424,8,0,1,0,24,1.6562418865716781,0.0
4482.292920411383,76088.99952902304,75307.4397268555,4,0,5,1,8,1.2802370001516272,1.0
854.706989884219,122444.33228807825,23235.667551186707,1,0,0,1,15,1.0002597879198054,0.0
4977.806420522107,195137.3653882147,33665.83674744253,8,0,1,2,16,2.6230417833567934,1.0
638.3202634573742,84179.662834797,32436.39071609944,5,0,4,0,17,2.266279587272625,0.0
124.00235696598256,57281.00097389711,21572.27261668612,1,0,1,1,18,0.9447394127358115,0.0
4455.593560686385,116850.62139819289,19745.708965402086,2,0,3,0,21,1.8793248329708172,1.0
1262.5198664114826,95929.58508322896,26283.261448632078,5,0,1,0,13,2.2742405567604385,0.0
3662.0131558612684,57128.1295737413,69546.18508470093,9,0,3,0,21,1.9200871637004946,1.0
4064.5261059137433,181053.73505957256,62065.38231665537,10,0,2,0,16,2.8737082341095586,1.0
4301.982635608978,198423.06479414224,55436.96259032402,8,0,2,0,7,0.9619947181306733,1.0
4958.391466537625,126658.97071729963,38196.93043347199,10,0,2,0,5,2.2858612021093245,1.0
1505.4965646979954,161695.0506234872,42097.056816710465,8,0,1,1,12,2.041301194121023,0.0
3565.704542539933,176036.52282287093,23569.691102996447,9,0,1,0,9,2.7973120151990583,1.0
621.2292984900997,149166.9410237106,8722.325365365657,2,1,3,0,1,2.6564427231972125,1.0
2063.7059922164044,37506.5283489943,28490.122867477134,7,0,3,1,21,2.1211502809763045,1.0
4247.459881897323,56797.819391859026,41159.9492114122,10,0,3,1,3,1.589894502275539,1.0
1869.9073279925863,42068.1624957357,7413.1045819885985,5,1,4,0,10,0.9102168982181331,0.0
2975.9221336512896,31679.533129149615,9793.964258397196,3,0,4,1,11,2.507171313280423,1.0
2543.6785464369386,82019.38948873022,23252.942932111677,10,0,3,1,22,2.5611250769218574,1.0
3247.460079004623,96700.51328186516,31265.18876664264,8,0,4,0,17,1.4052575733942798,0.0
4865.82722746909,70975.05449710737,33285.394456140304,2,1,1,0,18,1.0656184656762142,1.0
325.8908561819405,40982.79017467456,12077.227104176394,4,1,3,1,9,2.829233565460997,1.0
2891.109511633067,120076.7254422352,20388.244299178736,5,0,3,1,18,1.6722374263854847,1.0
4321.9924572889095,76464.28439271408,23146.83840889787,5,0,1,1,20,2.3405311186189675,1.0
2432.844423154716,165326.3163268056,8207.885467495958,4,0,4,0,13,2.0542070894954767,0.0
438.70957041078543,31368.945676297804,28109.676945406693,3,1,0,1,10,2.2490805948681447,1.0
2824.669794463016,173229.59871889374,8561.061102174055,3,0,2,1,19,0.5463667958255662,1.0
1693.7657595779112,192308.1254208127,57166.25391944459,5,0,0,1,24,2.06562083182484,0.0
816.9618374227827,151742.96073610682,32725.678024912904,10,0,2,0,1,1.8741481229021832,0.0
4252.720840753192,154719.49109463632,28159.93398213485,6,0,2,0,9,2.3837292997951534,1.0
2631.917589306052,188705.59297246463,12742.207205777731,1,0,2,0,20,2.8443251410060095,1.0
4669.71824127638,65542.11850105936,20440.781469256977,4,0,3,2,16,2.574810438635981,1.0
4039.7816977851917,199076.14659545803,20918.301088312517,10,0,3,0,14,1.605443233750802,1.0
3480.2103791796535,161491.8045743521,78860.72454524433,10,0,3,0,8,1.9889511118739405,0.0
74.87624165829408,153517.02041572492,67321.90222215399,6,0,1,0,8,1.0964314187195336,0.0
2167.7261103593373,91385.39842919976,4175.196455774235,2,0,2,2,6,0.5060000545086978,1.0
1027.55709417756,122782.1725189538,50496.41748917294,10,1,3,1,10,0.8632222319272577,1.0
4558.449659691895,141166.024006469,22705.07742448813,5,0,2,0,8,0.6805992345628324,1.0
914.1907241479834,135458.2864239267,11037.023519107988,9,0,2,2,14,2.3746686648015247,0.0
1465.9972557134631,149847.38854118873,57331.18176022111,3,0,1,2,19,0.9691157683508738,0.0
2608.3420002857706,44004.89564332981,13133.627309062891,3,0,1,0,14,0.778422646426846,1.0
1353.6499140404924,90460.23358138846,37168.04002378965,9,1,5,0,6,1.2125968112815586,1.0
1088.83015253165,103780.00282123112,51676.71769267417,3,0,3,2,2,2.83406011741766,1.0
3015.5416592586243,74306.98063874431,45696.096223934124,4,0,1,1,17,1.1868954607370408,0.0
490.2011376373681,59346.63594576804,78277.4405693112,9,0,2,0,21,2.1422137533822054,1.0
337.93040566857735,53617.671585186676,63502.18121043424,4,0,2,0,7,2.5839804598751965,1.0
1892.6142111710535,92285.17668361947,62612.88996181671,5,0,2,0,6,2.572297875078303,1.0
3617.2890498139186,113885.0890956362,30380.845344239406,2,0,2,1,15,2.8592845557775273,1.0
2796.2934534560427,40705.99482493232,3646.452890478911,8,0,2,0,4,1.406074546324561,0.0
2143.2385189105553,190897.8760803934,59549.641584643,9,0,5,0,4,1.7199494102643453,1.0
2850.470242911683,160091.36488632893,79979.37049076677,10,0,4,0,9,1.0939192977446508,0.0
1858.9848490337042,154244.8014415293,34252.6912962584,4,0,4,0,12,0.6622571837831477,1.0
4683.924360388959,59386.28924808358,78884.92441969804,3,1,3,0,3,2.945441401467256,1.0
321.77921000833294,132646.13056207213,13911.524434144674,4,1,0,2,13,2.6666386073232715,1.0
3383.2878211976845,120053.24095747346,25831.45107602724,7,0,2,0,18,1.2875751778618325,0.0
4461.849190897366,197019.70378373793,16145.973744170242,1,0,2,1,22,2.4747539131566505,1.0
4029.2293082395045,157104.20091362685,39588.54991536481,2,0,3,0,17,2.574270130198042,1.0
961.0031223661614,127879.52023175929,64367.567916055974,10,0,4,1,18,1.1127643369539437,0.0
1514.8354274524274,174638.15329992078,29230.95024842245,5,1,2,0,4,2.8344407103845675,1.0
3599.387296600168,56366.02604632061,72779.6281606941,9,0,1,0,16,1.3011954190609136,1.0
467.1392679447894,32586.810047466122,44951.94182639345,6,1,1,2,20,1.919927884902347,1.0
4068.715414171291,147339.66668046894,38837.679858124546,3,1,2,0,13,2.4940835455046133,1.0
3608.589375793712,46712.94824033037,63601.75984903628,3,0,1,1,11,1.9752279963261863,1.0
3661.5529137149456,49623.71879719656,10811.149272217412,7,0,4,1,19,1.1486992118997312,0.0
546.1947828245774,156595.7234921702,62578.94028322195,3,1,2,1,11,2.831821515525006,1.0
3602.914696840343,75990.92350277814,21707.304013307657,10,0,5,2,1,0.5086201611008319,1.0
3415.0997198388513,136867.30664671178,24622.566133109292,3,0,1,0,8,1.8121961840493233,0.0
4163.066329568161,185959.17743576723,49157.94054564615,10,0,1,2,11,0.611874831242772,1.0
255.89998346952405,83800.67037843591,72448.9507285578,7,0,2,1,20,2.136974449959306,1.0
164.39780891557137,66914.5068327862,47537.33513235659,9,1,4,0,18,0.606017422000656,1.0
1896.3851443988756,48115.69023597879,52969.0998571755,9,0,1,0,7,0.6417201761744907,1.0
786.5020050533068,52178.60144135344,62797.78339960611,3,0,3,1,12,1.732894323514342,1.0
2814.0031639725985,40577.85821440326,22968.00644242148,8,0,2,0,1,2.219594825720973,0.0
4590.877062458407,44899.204401055824,66696.99280591897,1,1,4,1,19,1.5524264318787497,1.0
1987.824665153378,103440.78009755617,35182.93147817053,8,1,1,0,11,2.784935407571515,1.0
4232.50436749939,84547.05765407486,16525.488398819514,2,0,2,1,21,2.81759489413314,1.0
51.192328863439045,150115.33843490965,29959.09211850662,4,0,1,1,23,1.6217569696191783,1.0
884.1474851229618,177941.0819019903,21952.09560230335,7,0,1,0,3,2.0055220583457753,0.0
200.59652128772382,163411.44453420534,20610.947595444733,6,0,2,0,13,2.9476699485644424,1.0
1674.3285435495898,120208.33363316087,24757.36630137579,9,1,1,2,20,2.5543646972065797,1.0
4545.538498697689,47415.15975955108,16931.67273514089,8,1,3,0,5,0.8357976913494762,1.0
529.9130118149894,150660.4382700641,54413.0352953635,2,1,3,0,10,0.6778397392782555,1.0
3051.7283948818117,91680.8832035685,47659.36529170402,4,0,1,1,18,1.9233788867111548,0.0
2284.9048986412486,44560.56696561973,52930.02575972399,1,1,5,0,7,2.606572424171379,1.0
4695.4176512107715,173219.28922614636,29466.803734768353,7,0,5,0,2,2.3929697723669845,1.0
656.4697555586145,87496.80792102595,62269.471998201414,4,0,4,1,12,2.0663905707227412,1.0
1099.5378599860333,67102.30152696713,12979.873053470685,8,1,2,0,22,2.5872518118046015,1.0
196.2327446268917,178146.85098520335,46977.526628524734,2,0,2,0,7,0.8254415733279035,0.0
2197.9794856753,183362.75763599083,24209.87886297849,8,0,1,1,12,1.6770787354623178,0.0
1425.2728528450386,87625.04232256518,43625.96235371607,2,0,0,2,4,2.473334149077845,0.0
4356.034372757088,90316.24127783348,27920.062493498415,8,0,2,1,11,0.8997730118360937,1.0
3044.4570253288875,128536.8496891345,63869.40591202974,1,0,2,1,20,1.4335761706061105,0.0
3089.7491529797235,154685.0539478119,71627.93159053328,2,0,2,0,8,1.6480550237453206,0.0
2682.957949562447,40735.36432416679,60178.75419961561,5,0,2,2,2,0.6875100162578704,1.0
504.65916928454493,130868.42172204019,16519.945889392002,1,0,1,1,18,0.5563012899996507,1.0
2252.8424844405085,191979.41050320887,24164.751175903897,5,0,2,1,18,1.7690472846373346,0.0
4997.550689057157,74555.96252059212,73790.57104491802,5,0,1,2,2,2.7674443643845574,1.0
4184.384989687774,184500.62639647874,36665.9498296815,7,0,2,1,23,0.7565653077301244,1.0
4472.6223181272235,191528.6179297259,75470.89151989354,2,0,1,2,4,0.8236592071184317,1.0
4124.970478270172,75756.11896508525,33218.780042394545,2,0,0,2,21,0.6440527376367826,1.0
560.0563824833644,158214.3172005096,76286.64886548111,6,0,4,1,8,1.4053910492517248,0.0
1175.8688576207583,70591.7514143252,74281.90205546649,10,0,1,2,23,1.4849698901587234,1.0
65.45217421422765,155393.89749446255,53860.57052896945,3,1,2,0,11,2.9582980962199006,1.0
1552.3751181466519,165561.3951191004,3679.6827315357186,8,0,4,1,8,2.5571923397331293,1.0
587.6066416151383,72024.9696308104,33825.77051214714,3,1,1,0,5,1.4137836541167554,0.0
2390.3270592428357,151697.82240914996,73165.10498656088,10,0,2,2,8,1.451821485820477,0.0
3401.7810684408146,168057.7716068953,71153.49226132483,4,0,1,0,1,1.5406027540384946,0.0
4378.801210438482,90958.408258175,17428.860607400755,7,1,0,2,21,1.9758761203261521,1.0
3758.6249671999462,58509.47191825358,33737.052189620896,1,0,2,0,12,2.691185638804845,1.0
4695.9986991036,45633.976443977306,67334.26444671932,1,0,2,1,11,1.0738120014557626,1.0
316.7965374492545,127814.88961369012,47496.59470025419,9,0,0,0,10,1.1139060630299573,0.0
110.29018531188012,196276.68028367124,68242.04097535745,6,0,2,1,2,2.9761085295325107,1.0
3323.6236634892525,169901.55440377674,66645.68860253936,5,0,0,0,21,1.7229072358049757,0.0
1482.2944306001189,104092.73861887398,72876.1145353412,2,0,4,2,13,2.211170734724175,1.0
1304.8300297235771,121225.55348534296,12025.985290982791,2,0,2,1,12,2.520836539146788,1.0
1687.8910840842816,77519.74052000922,14181.565891920705,7,0,0,1,18,1.7232514264998993,0.0
1385.4904865672027,57721.197451210806,9376.295230617045,6,0,3,0,22,0.5410236161002303,1.0
2581.610211192857,111953.79689948645,75015.70076434824,8,0,1,0,18,2.3741630505822595,0.0
2228.734813759456,108795.26624842148,39587.50359709777,3,0,1,2,10,1.9577873749089074,0.0
2586.521329314449,118728.09197663923,7953.046828148507,3,0,1,0,2,2.6943152837511213,1.0
3379.932376927159,191976.77954586994,27757.802493581174,5,0,2,2,19,2.5016178844394212,1.0
1966.296019407184,132662.20102461128,30058.77336700745,10,0,0,0,21,1.4873875074482004,0.0
1293.973051353676,132981.21222580352,65336.10640771031,4,0,0,0,14,0.6065105569480518,1.0
872.6926572032901,51764.20968638305,59631.720697161065,8,0,2,2,19,1.874419747457487,1.0
1779.8968916864962,199403.10725005946,56082.80281631782,6,1,5,1,9,2.952876126050349,1.0
3721.9420524685515,161383.64051989364,4683.493549536162,8,0,2,0,20,0.928608758557343,0.0
3795.689305051774,179124.5684959808,73123.57632483117,7,1,2,0,6,1.7680697862871022,0.0
3351.181664086841,100431.070011269,19597.7555525121,2,0,4,2,18,0.7996191425791328,1.0
1208.4394677690293,115361.77628355623,51437.72816133619,9,0,1,0,17,2.8480134078638017,1.0
2961.026916980754,118754.247557587,7760.066311879275,6,0,1,0,18,2.5682788659631126,1.0
2874.9138248053973,62996.07167923288,9277.509074148198,6,0,4,1,20,1.84299008156998,0.0
2447.1176806431413,147213.15657558272,3737.4518020194055,2,0,2,0,7,2.096820328803323,0.0
2772.395982600128,183506.04301496764,46576.428629990456,9,0,0,0,2,2.1147306367490373,0.0
2484.363631487157,57829.989083531225,51462.23456050167,1,0,2,1,10,2.8846026490889662,1.0
2849.0090120668356,44674.10649264797,6885.597348958614,6,0,3,2,1,2.927240380056188,1.0
3591.7544753745874,155497.21394185818,25367.336126830993,8,0,1,2,19,2.1631040645733135,0.0
592.6595622970267,76444.31138440696,68561.98989170729,2,1,1,1,23,1.2350262253104092,1.0
3760.6474731376675,136056.63207494598,10800.744245364385,3,0,1,1,19,2.098676098793975,0.0
722.6364431315912,148278.9174586707,19674.131670606504,10,0,2,1,2,1.8899241048611461,0.0
379.80859213135477,84724.82980890971,35678.12305237688,10,1,2,0,15,2.4725490360137767,1.0
4881.5944467962645,168574.58156238333,67855.10590274993,7,0,0,2,17,2.657933420008477,1.0
4787.109255908686,123498.12695941687,22623.377194590725,1,0,2,0,3,2.0940995716939543,1.0
349.16089745579205,177729.89935180647,79779.55018297734,5,0,2,0,7,1.792146904708691,0.0
2244.1045353010627,159759.90393502108,30355.15961166668,6,0,0,1,19,2.6423375130826465,1.0
971.912444583885,177657.85744636715,32756.54670323898,10,0,2,0,21,1.615789849088043,0.0
2452.4572408153695,33427.434960041996,12402.177725771164,7,0,2,0,22,1.6928922055588669,0.0
4159.377352847958,71396.0643255611,55375.23836595287,10,0,2,0,12,0.5428575473437487,1.0
4755.528284977307,45301.34987580957,21746.819074405084,10,0,4,0,14,0.6796888317581637,1.0
3189.55063458511,105154.11292218936,51422.80483771857,7,0,1,1,21,1.5739600938455796,0.0
1801.8330526984944,181293.2206746041,20183.145087025347,3,0,0,1,17,0.5190287547231022,1.0
3036.461549940762,109481.84458536775,32866.16457643804,7,0,2,0,21,1.0086473170674197,0.0
1594.4064652368293,174451.21757866698,68963.75108049015,1,0,2,0,19,2.198972318902813,0.0
4553.627022118699,85620.30046328405,59895.755183503396,4,0,5,1,24,2.0721397200894796,1.0
4358.482292373893,87726.91237689291,14903.499295666705,7,0,1,1,5,1.9170981306273678,1.0
2813.2471638843217,182245.49415556918,49793.528887805805,7,0,1,1,8,2.562809258829125,1.0
1657.7546311327847,102388.91490698926,51405.33017888332,4,0,2,2,9,1.4034144023672985,0.0
1502.2788941357428,164260.1329250933,9973.7724596433,1,1,4,0,2,2.149695349321413,0.0
215.41907379004434,70229.40313992323,38867.035383867056,8,0,2,1,15,2.1113654811079763,0.0
4088.3132125752113,191296.14104519802,23071.466466405807,4,0,3,1,20,2.1480151470681363,1.0
2279.3969045430895,127678.30191019709,38969.02099278819,2,0,1,2,16,2.1847744208708564,0.0
1659.4079955813088,159085.00665832832,62834.46633186138,4,0,2,0,17,2.505896289227675,1.0
2381.9962572388818,45217.668965130535,15185.986105394617,8,0,1,0,10,2.0207275452953777,0.0
4102.753052750528,113752.91839118989,12494.423830279371,8,0,4,0,12,2.6904112571883556,1.0
666.8403281522299,183176.54461478395,23737.370123144516,5,0,1,1,9,1.5691355714229527,1.0
4295.397141797045,179096.5669373618,76325.2096766869,2,1,2,0,24,2.9336353456175748,1.0
4492.668733786352,37958.372729818686,60582.46426124241,7,1,0,2,13,0.5840409024042323,1.0
4736.204179417747,81628.73975192095,4498.101436720087,3,0,4,2,2,0.835204576902946,1.0
2017.5655624920075,105364.40110144361,33877.37287122,6,0,2,0,6,0.7092780406200523,1.0
1124.8449999864758,59285.018440484,22819.64438918966,9,0,5,1,21,1.5956904941870913,0.0
